2026-01-06 23:40:35,241 - rf_experiment - INFO - Starting experiment: project_runs_all_1_conv2d_iqgrid_bptt
2026-01-06 23:40:35,241 - rf_experiment - INFO - Run name: project_runs_all_1_conv2d_iqgrid_bptt_20260106_234035
2026-01-06 23:40:35,241 - rf_experiment - INFO - Config file: configs/project_runs_all_1_conv2d_iqgrid_bptt.yaml
2026-01-06 23:40:35,241 - rf_experiment - INFO - Saved resolved config to: results/project_runs_all_1_conv2d_iqgrid_bptt_20260106_234035/config.yaml
2026-01-06 23:40:35,241 - rf_experiment - INFO - Run directory: results/project_runs_all_1_conv2d_iqgrid_bptt_20260106_234035
2026-01-06 23:40:35,258 - rf_experiment - INFO - Using device: mps
2026-01-06 23:40:35,259 - rf_experiment - INFO - Using device: mps
2026-01-06 23:40:35,259 - rf_experiment - INFO - Torch version: 2.9.0
2026-01-06 23:40:35,259 - rf_experiment - INFO - Dataset config: {'path': 'data/GOLD_XYZ_OSC.0001_1024.hdf5', 'name': 'radioml2018_structured', 'frames_per_combo': 2048, 'mods_to_use': None, 'snrs_to_use': [-20, -10, 0, 10, 20, 30], 'train_frac': 0.8, 'val_frac': 0.1, 'test_frac': 0.1, 'shuffle': True, 'num_workers': 0}
2026-01-06 23:40:35,259 - rf_experiment - INFO - Encoding config: {'type': 'iq_grid', 'params': {'grid_size': 16, 'subsample': 4}}
2026-01-06 23:40:35,261 - rf_experiment - INFO - Total logical dataset size: 294912 samples
2026-01-06 23:40:35,261 - rf_experiment - INFO - Num classes (from dataset): 24
2026-01-06 23:40:35,261 - rf_experiment - INFO - Splits: train=235929, val=29491, test=29492
2026-01-06 23:40:35,270 - rf_experiment - INFO - Full dataset labels: {0: 12288, 1: 12288, 2: 12288, 3: 12288, 4: 12288, 5: 12288, 6: 12288, 7: 12288, 8: 12288, 9: 12288, 10: 12288, 11: 12288, 12: 12288, 13: 12288, 14: 12288, 15: 12288, 16: 12288, 17: 12288, 18: 12288, 19: 12288, 20: 12288, 21: 12288, 22: 12288, 23: 12288}
2026-01-06 23:40:35,270 - rf_experiment - INFO - Full dataset SNRs: {-20: 49152, -10: 49152, 0: 49152, 10: 49152, 20: 49152, 30: 49152}
2026-01-06 23:40:35,270 - rf_experiment - INFO - Dataloader: batch_size=64, num_workers=0
2026-01-06 23:40:35,270 - rf_experiment - INFO - Building model: {'type': 'conv2d_snn', 'params': {'input_channels': 1, 'conv_channels': [64, 128], 'kernel_sizes': [3, 3], 'grid_size': 16, 'lif_beta': 0.9, 'dropout': 0.0, 'pool': True, 'num_classes': 24}}
2026-01-06 23:40:35,271 - rf_experiment - INFO - Building model with num_classes=24
2026-01-06 23:40:35,289 - rf_experiment - INFO - Building trainer: {'trainer': 'bptt', 'loss': 'cross_entropy', 'optimizer': 'adam', 'lr': 0.0003, 'lr_scheduler': {'type': 'step', 'step_size': 8, 'gamma': 0.5}, 'batch_size': 64, 'epochs': 40, 'max_time_steps': 256, 'grad_clip': 1.0, 'device': 'mps', 'early_stopping_patience': 7, 'early_stopping_min_delta': 0.003}
2026-01-06 23:40:35,757 - rf_experiment - INFO - Starting training loop...
2026-01-06 23:40:35,757 - rf_experiment - INFO - [epoch 1/40] training...
2026-01-06 23:41:09,986 - rf_experiment - INFO - Epoch 1 [50/3687] loss=5.5784[epoch 1] lr=0.000300
2026-01-06 23:41:42,970 - rf_experiment - INFO - Epoch 1 [100/3687] loss=4.3678[epoch 1] lr=0.000300
2026-01-06 23:42:16,070 - rf_experiment - INFO - Epoch 1 [150/3687] loss=4.3105[epoch 1] lr=0.000300
2026-01-06 23:42:49,071 - rf_experiment - INFO - Epoch 1 [200/3687] loss=3.4360[epoch 1] lr=0.000300
2026-01-06 23:43:22,127 - rf_experiment - INFO - Epoch 1 [250/3687] loss=3.1084[epoch 1] lr=0.000300
2026-01-06 23:43:55,305 - rf_experiment - INFO - Epoch 1 [300/3687] loss=2.8815[epoch 1] lr=0.000300
2026-01-06 23:44:28,501 - rf_experiment - INFO - Epoch 1 [350/3687] loss=2.9733[epoch 1] lr=0.000300
2026-01-06 23:45:01,320 - rf_experiment - INFO - Epoch 1 [400/3687] loss=2.9200[epoch 1] lr=0.000300
2026-01-06 23:45:34,490 - rf_experiment - INFO - Epoch 1 [450/3687] loss=2.8764[epoch 1] lr=0.000300
2026-01-06 23:46:08,068 - rf_experiment - INFO - Epoch 1 [500/3687] loss=2.8933[epoch 1] lr=0.000300
2026-01-06 23:46:41,403 - rf_experiment - INFO - Epoch 1 [550/3687] loss=2.8672[epoch 1] lr=0.000300
2026-01-06 23:47:14,864 - rf_experiment - INFO - Epoch 1 [600/3687] loss=2.9386[epoch 1] lr=0.000300
2026-01-06 23:47:48,203 - rf_experiment - INFO - Epoch 1 [650/3687] loss=2.8948[epoch 1] lr=0.000300
2026-01-06 23:48:21,712 - rf_experiment - INFO - Epoch 1 [700/3687] loss=2.6503[epoch 1] lr=0.000300
2026-01-06 23:48:55,046 - rf_experiment - INFO - Epoch 1 [750/3687] loss=2.8053[epoch 1] lr=0.000300
2026-01-06 23:49:28,473 - rf_experiment - INFO - Epoch 1 [800/3687] loss=2.4612[epoch 1] lr=0.000300
2026-01-06 23:50:01,839 - rf_experiment - INFO - Epoch 1 [850/3687] loss=2.7416[epoch 1] lr=0.000300
2026-01-06 23:50:35,254 - rf_experiment - INFO - Epoch 1 [900/3687] loss=2.8355[epoch 1] lr=0.000300
2026-01-06 23:51:08,657 - rf_experiment - INFO - Epoch 1 [950/3687] loss=2.6075[epoch 1] lr=0.000300
2026-01-06 23:51:42,127 - rf_experiment - INFO - Epoch 1 [1000/3687] loss=2.6413[epoch 1] lr=0.000300
2026-01-06 23:52:15,477 - rf_experiment - INFO - Epoch 1 [1050/3687] loss=2.7369[epoch 1] lr=0.000300
2026-01-06 23:52:48,947 - rf_experiment - INFO - Epoch 1 [1100/3687] loss=2.5802[epoch 1] lr=0.000300
2026-01-06 23:53:22,529 - rf_experiment - INFO - Epoch 1 [1150/3687] loss=3.0244[epoch 1] lr=0.000300
2026-01-06 23:53:55,919 - rf_experiment - INFO - Epoch 1 [1200/3687] loss=3.0555[epoch 1] lr=0.000300
2026-01-06 23:54:29,416 - rf_experiment - INFO - Epoch 1 [1250/3687] loss=2.5725[epoch 1] lr=0.000300
2026-01-06 23:55:02,799 - rf_experiment - INFO - Epoch 1 [1300/3687] loss=2.7927[epoch 1] lr=0.000300
2026-01-06 23:55:36,296 - rf_experiment - INFO - Epoch 1 [1350/3687] loss=2.5952[epoch 1] lr=0.000300
2026-01-06 23:56:09,713 - rf_experiment - INFO - Epoch 1 [1400/3687] loss=2.6770[epoch 1] lr=0.000300
2026-01-06 23:56:43,092 - rf_experiment - INFO - Epoch 1 [1450/3687] loss=2.8042[epoch 1] lr=0.000300
2026-01-06 23:57:16,584 - rf_experiment - INFO - Epoch 1 [1500/3687] loss=2.8695[epoch 1] lr=0.000300
2026-01-06 23:57:50,084 - rf_experiment - INFO - Epoch 1 [1550/3687] loss=2.6712[epoch 1] lr=0.000300
2026-01-06 23:58:23,393 - rf_experiment - INFO - Epoch 1 [1600/3687] loss=2.9997[epoch 1] lr=0.000300
2026-01-06 23:58:56,765 - rf_experiment - INFO - Epoch 1 [1650/3687] loss=2.8060[epoch 1] lr=0.000300
2026-01-06 23:59:30,179 - rf_experiment - INFO - Epoch 1 [1700/3687] loss=2.5224[epoch 1] lr=0.000300
2026-01-07 00:00:03,689 - rf_experiment - INFO - Epoch 1 [1750/3687] loss=2.6617[epoch 1] lr=0.000300
2026-01-07 00:00:36,984 - rf_experiment - INFO - Epoch 1 [1800/3687] loss=2.5960[epoch 1] lr=0.000300
2026-01-07 00:01:10,356 - rf_experiment - INFO - Epoch 1 [1850/3687] loss=2.5410[epoch 1] lr=0.000300
2026-01-07 00:01:43,824 - rf_experiment - INFO - Epoch 1 [1900/3687] loss=2.4321[epoch 1] lr=0.000300
2026-01-07 00:02:17,377 - rf_experiment - INFO - Epoch 1 [1950/3687] loss=2.6229[epoch 1] lr=0.000300
2026-01-07 00:02:50,835 - rf_experiment - INFO - Epoch 1 [2000/3687] loss=2.7164[epoch 1] lr=0.000300
2026-01-07 00:03:24,316 - rf_experiment - INFO - Epoch 1 [2050/3687] loss=2.8609[epoch 1] lr=0.000300
2026-01-07 00:03:57,697 - rf_experiment - INFO - Epoch 1 [2100/3687] loss=2.5894[epoch 1] lr=0.000300
2026-01-07 00:04:31,080 - rf_experiment - INFO - Epoch 1 [2150/3687] loss=2.6766[epoch 1] lr=0.000300
2026-01-07 00:05:04,500 - rf_experiment - INFO - Epoch 1 [2200/3687] loss=2.3741[epoch 1] lr=0.000300
2026-01-07 00:05:37,957 - rf_experiment - INFO - Epoch 1 [2250/3687] loss=2.2705[epoch 1] lr=0.000300
2026-01-07 00:06:11,375 - rf_experiment - INFO - Epoch 1 [2300/3687] loss=2.4812[epoch 1] lr=0.000300
2026-01-07 00:06:44,891 - rf_experiment - INFO - Epoch 1 [2350/3687] loss=2.8877[epoch 1] lr=0.000300
2026-01-07 00:07:18,388 - rf_experiment - INFO - Epoch 1 [2400/3687] loss=2.6772[epoch 1] lr=0.000300
2026-01-07 00:07:51,821 - rf_experiment - INFO - Epoch 1 [2450/3687] loss=2.4245[epoch 1] lr=0.000300
2026-01-07 00:08:25,276 - rf_experiment - INFO - Epoch 1 [2500/3687] loss=2.5221[epoch 1] lr=0.000300
2026-01-07 00:08:58,686 - rf_experiment - INFO - Epoch 1 [2550/3687] loss=2.7994[epoch 1] lr=0.000300
2026-01-07 00:09:32,308 - rf_experiment - INFO - Epoch 1 [2600/3687] loss=2.7120[epoch 1] lr=0.000300
2026-01-07 00:10:05,756 - rf_experiment - INFO - Epoch 1 [2650/3687] loss=2.4250[epoch 1] lr=0.000300
2026-01-07 00:10:39,154 - rf_experiment - INFO - Epoch 1 [2700/3687] loss=2.3115[epoch 1] lr=0.000300
2026-01-07 00:11:12,560 - rf_experiment - INFO - Epoch 1 [2750/3687] loss=2.7057[epoch 1] lr=0.000300
2026-01-07 00:11:46,094 - rf_experiment - INFO - Epoch 1 [2800/3687] loss=2.7806[epoch 1] lr=0.000300
2026-01-07 00:12:19,593 - rf_experiment - INFO - Epoch 1 [2850/3687] loss=2.6664[epoch 1] lr=0.000300
2026-01-07 00:12:53,183 - rf_experiment - INFO - Epoch 1 [2900/3687] loss=2.2480[epoch 1] lr=0.000300
2026-01-07 00:13:26,808 - rf_experiment - INFO - Epoch 1 [2950/3687] loss=2.5358[epoch 1] lr=0.000300
2026-01-07 00:14:00,428 - rf_experiment - INFO - Epoch 1 [3000/3687] loss=2.4939[epoch 1] lr=0.000300
2026-01-07 00:14:33,868 - rf_experiment - INFO - Epoch 1 [3050/3687] loss=2.6298[epoch 1] lr=0.000300
2026-01-07 00:15:07,422 - rf_experiment - INFO - Epoch 1 [3100/3687] loss=2.6311[epoch 1] lr=0.000300
2026-01-07 00:15:40,821 - rf_experiment - INFO - Epoch 1 [3150/3687] loss=2.1797[epoch 1] lr=0.000300
2026-01-07 00:16:14,346 - rf_experiment - INFO - Epoch 1 [3200/3687] loss=2.4744[epoch 1] lr=0.000300
2026-01-07 00:16:47,911 - rf_experiment - INFO - Epoch 1 [3250/3687] loss=2.2012[epoch 1] lr=0.000300
2026-01-07 00:17:21,448 - rf_experiment - INFO - Epoch 1 [3300/3687] loss=2.4714[epoch 1] lr=0.000300
2026-01-07 00:17:55,338 - rf_experiment - INFO - Epoch 1 [3350/3687] loss=2.5297[epoch 1] lr=0.000300
2026-01-07 00:18:29,085 - rf_experiment - INFO - Epoch 1 [3400/3687] loss=2.3016[epoch 1] lr=0.000300
2026-01-07 00:19:02,704 - rf_experiment - INFO - Epoch 1 [3450/3687] loss=2.5285[epoch 1] lr=0.000300
2026-01-07 00:19:36,143 - rf_experiment - INFO - Epoch 1 [3500/3687] loss=2.4849[epoch 1] lr=0.000300
2026-01-07 00:20:09,686 - rf_experiment - INFO - Epoch 1 [3550/3687] loss=2.4658[epoch 1] lr=0.000300
2026-01-07 00:20:43,367 - rf_experiment - INFO - Epoch 1 [3600/3687] loss=2.4883[epoch 1] lr=0.000300
2026-01-07 00:21:16,987 - rf_experiment - INFO - Epoch 1 [3650/3687] loss=2.1783[epoch 1] lr=0.000300
2026-01-07 00:21:41,496 - rf_experiment - INFO - [epoch 1] train_loss=2.8882, train_acc=0.1880
2026-01-07 00:23:09,099 - rf_experiment - INFO - [epoch 1] val_loss=2.4603, val_acc=0.2405
2026-01-07 00:23:09,099 - rf_experiment - INFO - [epoch 1] new best val_acc=0.2405
2026-01-07 00:23:09,099 - rf_experiment - INFO - [epoch 2/40] training...
2026-01-07 00:23:42,662 - rf_experiment - INFO - Epoch 2 [50/3687] loss=2.3700[epoch 2] lr=0.000300
2026-01-07 00:24:16,414 - rf_experiment - INFO - Epoch 2 [100/3687] loss=2.4741[epoch 2] lr=0.000300
2026-01-07 00:24:50,118 - rf_experiment - INFO - Epoch 2 [150/3687] loss=2.5978[epoch 2] lr=0.000300
2026-01-07 00:25:23,639 - rf_experiment - INFO - Epoch 2 [200/3687] loss=2.4467[epoch 2] lr=0.000300
2026-01-07 00:25:57,326 - rf_experiment - INFO - Epoch 2 [250/3687] loss=2.5602[epoch 2] lr=0.000300
2026-01-07 00:26:30,958 - rf_experiment - INFO - Epoch 2 [300/3687] loss=2.2808[epoch 2] lr=0.000300
2026-01-07 00:27:04,645 - rf_experiment - INFO - Epoch 2 [350/3687] loss=2.4888[epoch 2] lr=0.000300
2026-01-07 00:27:38,294 - rf_experiment - INFO - Epoch 2 [400/3687] loss=2.5014[epoch 2] lr=0.000300
2026-01-07 00:28:12,045 - rf_experiment - INFO - Epoch 2 [450/3687] loss=2.2606[epoch 2] lr=0.000300
2026-01-07 00:28:45,790 - rf_experiment - INFO - Epoch 2 [500/3687] loss=2.3381[epoch 2] lr=0.000300
2026-01-07 00:29:19,534 - rf_experiment - INFO - Epoch 2 [550/3687] loss=1.9129[epoch 2] lr=0.000300
2026-01-07 00:29:52,953 - rf_experiment - INFO - Epoch 2 [600/3687] loss=2.6246[epoch 2] lr=0.000300
2026-01-07 00:30:26,591 - rf_experiment - INFO - Epoch 2 [650/3687] loss=1.9559[epoch 2] lr=0.000300
2026-01-07 00:31:00,118 - rf_experiment - INFO - Epoch 2 [700/3687] loss=2.4828[epoch 2] lr=0.000300
2026-01-07 00:31:33,464 - rf_experiment - INFO - Epoch 2 [750/3687] loss=2.2416[epoch 2] lr=0.000300
2026-01-07 00:32:06,949 - rf_experiment - INFO - Epoch 2 [800/3687] loss=2.3497[epoch 2] lr=0.000300
2026-01-07 00:32:40,475 - rf_experiment - INFO - Epoch 2 [850/3687] loss=2.1123[epoch 2] lr=0.000300
2026-01-07 00:33:14,513 - rf_experiment - INFO - Epoch 2 [900/3687] loss=2.5203[epoch 2] lr=0.000300
2026-01-07 00:33:47,989 - rf_experiment - INFO - Epoch 2 [950/3687] loss=2.2938[epoch 2] lr=0.000300
2026-01-07 00:34:21,895 - rf_experiment - INFO - Epoch 2 [1000/3687] loss=2.3367[epoch 2] lr=0.000300
2026-01-07 00:34:55,307 - rf_experiment - INFO - Epoch 2 [1050/3687] loss=2.2693[epoch 2] lr=0.000300
2026-01-07 00:35:28,558 - rf_experiment - INFO - Epoch 2 [1100/3687] loss=2.2377[epoch 2] lr=0.000300
2026-01-07 00:36:01,652 - rf_experiment - INFO - Epoch 2 [1150/3687] loss=2.5600[epoch 2] lr=0.000300
2026-01-07 00:36:34,774 - rf_experiment - INFO - Epoch 2 [1200/3687] loss=2.4376[epoch 2] lr=0.000300
2026-01-07 00:37:08,176 - rf_experiment - INFO - Epoch 2 [1250/3687] loss=2.5057[epoch 2] lr=0.000300
2026-01-07 00:37:41,528 - rf_experiment - INFO - Epoch 2 [1300/3687] loss=2.3798[epoch 2] lr=0.000300
2026-01-07 00:38:14,922 - rf_experiment - INFO - Epoch 2 [1350/3687] loss=2.2320[epoch 2] lr=0.000300
2026-01-07 00:38:48,117 - rf_experiment - INFO - Epoch 2 [1400/3687] loss=2.4653[epoch 2] lr=0.000300
2026-01-07 00:39:21,283 - rf_experiment - INFO - Epoch 2 [1450/3687] loss=2.4198[epoch 2] lr=0.000300
2026-01-07 00:39:54,468 - rf_experiment - INFO - Epoch 2 [1500/3687] loss=2.3667[epoch 2] lr=0.000300
2026-01-07 00:40:27,668 - rf_experiment - INFO - Epoch 2 [1550/3687] loss=2.1717[epoch 2] lr=0.000300
2026-01-07 00:41:00,792 - rf_experiment - INFO - Epoch 2 [1600/3687] loss=2.1037[epoch 2] lr=0.000300
2026-01-07 00:41:33,955 - rf_experiment - INFO - Epoch 2 [1650/3687] loss=2.4013[epoch 2] lr=0.000300
2026-01-07 00:42:07,153 - rf_experiment - INFO - Epoch 2 [1700/3687] loss=1.9892[epoch 2] lr=0.000300
2026-01-07 00:42:40,318 - rf_experiment - INFO - Epoch 2 [1750/3687] loss=2.4499[epoch 2] lr=0.000300
2026-01-07 00:43:13,503 - rf_experiment - INFO - Epoch 2 [1800/3687] loss=2.4494[epoch 2] lr=0.000300
2026-01-07 00:43:46,584 - rf_experiment - INFO - Epoch 2 [1850/3687] loss=2.5482[epoch 2] lr=0.000300
2026-01-07 00:44:19,694 - rf_experiment - INFO - Epoch 2 [1900/3687] loss=2.4131[epoch 2] lr=0.000300
2026-01-07 00:44:52,830 - rf_experiment - INFO - Epoch 2 [1950/3687] loss=2.2536[epoch 2] lr=0.000300
2026-01-07 00:45:25,987 - rf_experiment - INFO - Epoch 2 [2000/3687] loss=2.2190[epoch 2] lr=0.000300
2026-01-07 00:45:59,095 - rf_experiment - INFO - Epoch 2 [2050/3687] loss=2.3491[epoch 2] lr=0.000300
2026-01-07 00:46:32,243 - rf_experiment - INFO - Epoch 2 [2100/3687] loss=2.3421[epoch 2] lr=0.000300
2026-01-07 00:47:05,424 - rf_experiment - INFO - Epoch 2 [2150/3687] loss=2.2331[epoch 2] lr=0.000300
2026-01-07 00:47:38,584 - rf_experiment - INFO - Epoch 2 [2200/3687] loss=2.4296[epoch 2] lr=0.000300
2026-01-07 00:48:11,814 - rf_experiment - INFO - Epoch 2 [2250/3687] loss=2.3225[epoch 2] lr=0.000300
2026-01-07 00:48:44,963 - rf_experiment - INFO - Epoch 2 [2300/3687] loss=2.4900[epoch 2] lr=0.000300
2026-01-07 00:49:18,059 - rf_experiment - INFO - Epoch 2 [2350/3687] loss=2.3897[epoch 2] lr=0.000300
2026-01-07 00:49:51,122 - rf_experiment - INFO - Epoch 2 [2400/3687] loss=2.4076[epoch 2] lr=0.000300
2026-01-07 00:50:24,352 - rf_experiment - INFO - Epoch 2 [2450/3687] loss=2.3658[epoch 2] lr=0.000300
2026-01-07 00:50:57,415 - rf_experiment - INFO - Epoch 2 [2500/3687] loss=2.3249[epoch 2] lr=0.000300
2026-01-07 00:51:30,554 - rf_experiment - INFO - Epoch 2 [2550/3687] loss=2.4480[epoch 2] lr=0.000300
2026-01-07 00:52:03,556 - rf_experiment - INFO - Epoch 2 [2600/3687] loss=2.3072[epoch 2] lr=0.000300
2026-01-07 00:52:36,563 - rf_experiment - INFO - Epoch 2 [2650/3687] loss=2.4570[epoch 2] lr=0.000300
2026-01-07 00:53:09,503 - rf_experiment - INFO - Epoch 2 [2700/3687] loss=2.1118[epoch 2] lr=0.000300
2026-01-07 00:53:42,323 - rf_experiment - INFO - Epoch 2 [2750/3687] loss=2.3524[epoch 2] lr=0.000300
2026-01-07 00:54:15,093 - rf_experiment - INFO - Epoch 2 [2800/3687] loss=2.3306[epoch 2] lr=0.000300
2026-01-07 00:54:47,718 - rf_experiment - INFO - Epoch 2 [2850/3687] loss=2.3285[epoch 2] lr=0.000300
2026-01-07 00:55:20,608 - rf_experiment - INFO - Epoch 2 [2900/3687] loss=2.2469[epoch 2] lr=0.000300
2026-01-07 00:55:53,532 - rf_experiment - INFO - Epoch 2 [2950/3687] loss=2.3183[epoch 2] lr=0.000300
2026-01-07 00:56:26,278 - rf_experiment - INFO - Epoch 2 [3000/3687] loss=2.7955[epoch 2] lr=0.000300
2026-01-07 00:56:59,098 - rf_experiment - INFO - Epoch 2 [3050/3687] loss=2.1921[epoch 2] lr=0.000300
2026-01-07 00:57:31,890 - rf_experiment - INFO - Epoch 2 [3100/3687] loss=2.5500[epoch 2] lr=0.000300
2026-01-07 00:58:04,816 - rf_experiment - INFO - Epoch 2 [3150/3687] loss=2.4264[epoch 2] lr=0.000300
2026-01-07 00:58:37,613 - rf_experiment - INFO - Epoch 2 [3200/3687] loss=2.5662[epoch 2] lr=0.000300
2026-01-07 00:59:10,699 - rf_experiment - INFO - Epoch 2 [3250/3687] loss=2.4260[epoch 2] lr=0.000300
2026-01-07 00:59:43,632 - rf_experiment - INFO - Epoch 2 [3300/3687] loss=2.3655[epoch 2] lr=0.000300
2026-01-07 01:00:16,632 - rf_experiment - INFO - Epoch 2 [3350/3687] loss=2.2217[epoch 2] lr=0.000300
2026-01-07 01:00:49,510 - rf_experiment - INFO - Epoch 2 [3400/3687] loss=2.1674[epoch 2] lr=0.000300
2026-01-07 01:01:22,522 - rf_experiment - INFO - Epoch 2 [3450/3687] loss=2.5107[epoch 2] lr=0.000300
2026-01-07 01:01:55,420 - rf_experiment - INFO - Epoch 2 [3500/3687] loss=2.5173[epoch 2] lr=0.000300
2026-01-07 01:02:28,345 - rf_experiment - INFO - Epoch 2 [3550/3687] loss=2.2402[epoch 2] lr=0.000300
2026-01-07 01:03:01,122 - rf_experiment - INFO - Epoch 2 [3600/3687] loss=2.5629[epoch 2] lr=0.000300
2026-01-07 01:03:34,109 - rf_experiment - INFO - Epoch 2 [3650/3687] loss=2.3975[epoch 2] lr=0.000300
2026-01-07 01:03:58,245 - rf_experiment - INFO - [epoch 2] train_loss=2.3657, train_acc=0.2553
2026-01-07 01:05:18,126 - rf_experiment - INFO - [epoch 2] val_loss=2.3247, val_acc=0.2483
2026-01-07 01:05:18,126 - rf_experiment - INFO - [epoch 2] new best val_acc=0.2483
2026-01-07 01:05:18,126 - rf_experiment - INFO - [epoch 3/40] training...
2026-01-07 01:05:50,964 - rf_experiment - INFO - Epoch 3 [50/3687] loss=2.1970[epoch 3] lr=0.000300
2026-01-07 01:06:23,944 - rf_experiment - INFO - Epoch 3 [100/3687] loss=2.6879[epoch 3] lr=0.000300
2026-01-07 01:06:56,863 - rf_experiment - INFO - Epoch 3 [150/3687] loss=2.5833[epoch 3] lr=0.000300
2026-01-07 01:07:29,925 - rf_experiment - INFO - Epoch 3 [200/3687] loss=2.3639[epoch 3] lr=0.000300
2026-01-07 01:08:02,878 - rf_experiment - INFO - Epoch 3 [250/3687] loss=2.5002[epoch 3] lr=0.000300
2026-01-07 01:08:35,904 - rf_experiment - INFO - Epoch 3 [300/3687] loss=2.0670[epoch 3] lr=0.000300
2026-01-07 01:09:08,851 - rf_experiment - INFO - Epoch 3 [350/3687] loss=2.3651[epoch 3] lr=0.000300
2026-01-07 01:09:41,828 - rf_experiment - INFO - Epoch 3 [400/3687] loss=2.0606[epoch 3] lr=0.000300
2026-01-07 01:10:14,804 - rf_experiment - INFO - Epoch 3 [450/3687] loss=2.3301[epoch 3] lr=0.000300
2026-01-07 01:10:47,766 - rf_experiment - INFO - Epoch 3 [500/3687] loss=2.4927[epoch 3] lr=0.000300
2026-01-07 01:11:20,673 - rf_experiment - INFO - Epoch 3 [550/3687] loss=2.5060[epoch 3] lr=0.000300
2026-01-07 01:11:53,688 - rf_experiment - INFO - Epoch 3 [600/3687] loss=2.5096[epoch 3] lr=0.000300
2026-01-07 01:12:26,638 - rf_experiment - INFO - Epoch 3 [650/3687] loss=2.1633[epoch 3] lr=0.000300
2026-01-07 01:12:59,631 - rf_experiment - INFO - Epoch 3 [700/3687] loss=2.3845[epoch 3] lr=0.000300
2026-01-07 01:13:32,617 - rf_experiment - INFO - Epoch 3 [750/3687] loss=2.3778[epoch 3] lr=0.000300
2026-01-07 01:14:05,640 - rf_experiment - INFO - Epoch 3 [800/3687] loss=2.4079[epoch 3] lr=0.000300
2026-01-07 01:14:38,562 - rf_experiment - INFO - Epoch 3 [850/3687] loss=2.1117[epoch 3] lr=0.000300
2026-01-07 01:15:11,487 - rf_experiment - INFO - Epoch 3 [900/3687] loss=2.4762[epoch 3] lr=0.000300
2026-01-07 01:15:44,409 - rf_experiment - INFO - Epoch 3 [950/3687] loss=2.2350[epoch 3] lr=0.000300
2026-01-07 01:16:17,416 - rf_experiment - INFO - Epoch 3 [1000/3687] loss=2.3695[epoch 3] lr=0.000300
2026-01-07 01:16:50,399 - rf_experiment - INFO - Epoch 3 [1050/3687] loss=2.0870[epoch 3] lr=0.000300
2026-01-07 01:17:23,380 - rf_experiment - INFO - Epoch 3 [1100/3687] loss=1.8829[epoch 3] lr=0.000300
2026-01-07 01:17:56,469 - rf_experiment - INFO - Epoch 3 [1150/3687] loss=2.0683[epoch 3] lr=0.000300
2026-01-07 01:18:29,510 - rf_experiment - INFO - Epoch 3 [1200/3687] loss=2.3784[epoch 3] lr=0.000300
2026-01-07 01:19:02,445 - rf_experiment - INFO - Epoch 3 [1250/3687] loss=2.3083[epoch 3] lr=0.000300
2026-01-07 01:19:35,453 - rf_experiment - INFO - Epoch 3 [1300/3687] loss=2.3701[epoch 3] lr=0.000300
2026-01-07 01:20:08,416 - rf_experiment - INFO - Epoch 3 [1350/3687] loss=2.1394[epoch 3] lr=0.000300
2026-01-07 01:20:41,422 - rf_experiment - INFO - Epoch 3 [1400/3687] loss=2.3305[epoch 3] lr=0.000300
2026-01-07 01:21:14,389 - rf_experiment - INFO - Epoch 3 [1450/3687] loss=2.2788[epoch 3] lr=0.000300
2026-01-07 01:21:47,329 - rf_experiment - INFO - Epoch 3 [1500/3687] loss=2.1519[epoch 3] lr=0.000300
2026-01-07 01:22:20,276 - rf_experiment - INFO - Epoch 3 [1550/3687] loss=2.0393[epoch 3] lr=0.000300
2026-01-07 01:22:53,224 - rf_experiment - INFO - Epoch 3 [1600/3687] loss=2.0763[epoch 3] lr=0.000300
2026-01-07 01:23:26,175 - rf_experiment - INFO - Epoch 3 [1650/3687] loss=2.1769[epoch 3] lr=0.000300
2026-01-07 01:23:59,118 - rf_experiment - INFO - Epoch 3 [1700/3687] loss=2.1305[epoch 3] lr=0.000300
2026-01-07 01:24:32,033 - rf_experiment - INFO - Epoch 3 [1750/3687] loss=2.2830[epoch 3] lr=0.000300
2026-01-07 01:25:04,916 - rf_experiment - INFO - Epoch 3 [1800/3687] loss=2.1558[epoch 3] lr=0.000300
2026-01-07 01:25:37,787 - rf_experiment - INFO - Epoch 3 [1850/3687] loss=2.7759[epoch 3] lr=0.000300
2026-01-07 01:26:10,760 - rf_experiment - INFO - Epoch 3 [1900/3687] loss=2.0449[epoch 3] lr=0.000300
2026-01-07 01:26:43,714 - rf_experiment - INFO - Epoch 3 [1950/3687] loss=2.2356[epoch 3] lr=0.000300
2026-01-07 01:27:16,694 - rf_experiment - INFO - Epoch 3 [2000/3687] loss=2.4343[epoch 3] lr=0.000300
2026-01-07 01:27:49,625 - rf_experiment - INFO - Epoch 3 [2050/3687] loss=2.2223[epoch 3] lr=0.000300
2026-01-07 01:28:22,563 - rf_experiment - INFO - Epoch 3 [2100/3687] loss=2.2079[epoch 3] lr=0.000300
2026-01-07 01:28:55,548 - rf_experiment - INFO - Epoch 3 [2150/3687] loss=2.4693[epoch 3] lr=0.000300
2026-01-07 01:29:28,547 - rf_experiment - INFO - Epoch 3 [2200/3687] loss=1.9680[epoch 3] lr=0.000300
2026-01-07 01:30:01,527 - rf_experiment - INFO - Epoch 3 [2250/3687] loss=2.4138[epoch 3] lr=0.000300
2026-01-07 01:30:34,418 - rf_experiment - INFO - Epoch 3 [2300/3687] loss=2.2255[epoch 3] lr=0.000300
2026-01-07 01:31:07,425 - rf_experiment - INFO - Epoch 3 [2350/3687] loss=2.2823[epoch 3] lr=0.000300
2026-01-07 01:31:40,329 - rf_experiment - INFO - Epoch 3 [2400/3687] loss=2.4889[epoch 3] lr=0.000300
2026-01-07 01:32:13,274 - rf_experiment - INFO - Epoch 3 [2450/3687] loss=2.1322[epoch 3] lr=0.000300
2026-01-07 01:32:46,205 - rf_experiment - INFO - Epoch 3 [2500/3687] loss=2.3407[epoch 3] lr=0.000300
2026-01-07 01:33:19,135 - rf_experiment - INFO - Epoch 3 [2550/3687] loss=2.4382[epoch 3] lr=0.000300
2026-01-07 01:33:52,065 - rf_experiment - INFO - Epoch 3 [2600/3687] loss=2.4306[epoch 3] lr=0.000300
2026-01-07 01:34:25,052 - rf_experiment - INFO - Epoch 3 [2650/3687] loss=2.2848[epoch 3] lr=0.000300
2026-01-07 01:34:58,254 - rf_experiment - INFO - Epoch 3 [2700/3687] loss=2.1258[epoch 3] lr=0.000300
2026-01-07 01:35:31,213 - rf_experiment - INFO - Epoch 3 [2750/3687] loss=2.4927[epoch 3] lr=0.000300
2026-01-07 01:36:04,200 - rf_experiment - INFO - Epoch 3 [2800/3687] loss=2.3222[epoch 3] lr=0.000300
2026-01-07 01:36:37,099 - rf_experiment - INFO - Epoch 3 [2850/3687] loss=2.2599[epoch 3] lr=0.000300
2026-01-07 01:37:10,042 - rf_experiment - INFO - Epoch 3 [2900/3687] loss=2.3655[epoch 3] lr=0.000300
2026-01-07 01:37:43,055 - rf_experiment - INFO - Epoch 3 [2950/3687] loss=2.2743[epoch 3] lr=0.000300
2026-01-07 01:38:16,003 - rf_experiment - INFO - Epoch 3 [3000/3687] loss=2.2633[epoch 3] lr=0.000300
2026-01-07 01:38:48,997 - rf_experiment - INFO - Epoch 3 [3050/3687] loss=2.3084[epoch 3] lr=0.000300
2026-01-07 01:39:21,980 - rf_experiment - INFO - Epoch 3 [3100/3687] loss=2.4287[epoch 3] lr=0.000300
2026-01-07 01:39:55,024 - rf_experiment - INFO - Epoch 3 [3150/3687] loss=2.2815[epoch 3] lr=0.000300
2026-01-07 01:40:27,929 - rf_experiment - INFO - Epoch 3 [3200/3687] loss=2.2345[epoch 3] lr=0.000300
2026-01-07 01:41:00,853 - rf_experiment - INFO - Epoch 3 [3250/3687] loss=2.1758[epoch 3] lr=0.000300
2026-01-07 01:41:33,736 - rf_experiment - INFO - Epoch 3 [3300/3687] loss=2.3454[epoch 3] lr=0.000300
2026-01-07 01:42:06,730 - rf_experiment - INFO - Epoch 3 [3350/3687] loss=2.0629[epoch 3] lr=0.000300
2026-01-07 01:42:39,495 - rf_experiment - INFO - Epoch 3 [3400/3687] loss=2.3897[epoch 3] lr=0.000300
2026-01-07 01:43:12,402 - rf_experiment - INFO - Epoch 3 [3450/3687] loss=2.1374[epoch 3] lr=0.000300
2026-01-07 01:43:45,258 - rf_experiment - INFO - Epoch 3 [3500/3687] loss=2.4836[epoch 3] lr=0.000300
2026-01-07 01:44:18,230 - rf_experiment - INFO - Epoch 3 [3550/3687] loss=2.1896[epoch 3] lr=0.000300
2026-01-07 01:44:51,148 - rf_experiment - INFO - Epoch 3 [3600/3687] loss=2.2361[epoch 3] lr=0.000300
2026-01-07 01:45:24,078 - rf_experiment - INFO - Epoch 3 [3650/3687] loss=2.3785[epoch 3] lr=0.000300
2026-01-07 01:45:48,150 - rf_experiment - INFO - [epoch 3] train_loss=2.2862, train_acc=0.2734
2026-01-07 01:47:09,334 - rf_experiment - INFO - [epoch 3] val_loss=2.2512, val_acc=0.2832
2026-01-07 01:47:09,334 - rf_experiment - INFO - [epoch 3] new best val_acc=0.2832
2026-01-07 01:47:09,334 - rf_experiment - INFO - [epoch 4/40] training...
2026-01-07 01:47:42,085 - rf_experiment - INFO - Epoch 4 [50/3687] loss=2.2083[epoch 4] lr=0.000300
2026-01-07 01:48:14,833 - rf_experiment - INFO - Epoch 4 [100/3687] loss=2.3608[epoch 4] lr=0.000300
2026-01-07 01:48:47,649 - rf_experiment - INFO - Epoch 4 [150/3687] loss=2.4128[epoch 4] lr=0.000300
2026-01-07 01:49:20,459 - rf_experiment - INFO - Epoch 4 [200/3687] loss=2.3104[epoch 4] lr=0.000300
2026-01-07 01:49:53,414 - rf_experiment - INFO - Epoch 4 [250/3687] loss=1.9494[epoch 4] lr=0.000300
2026-01-07 01:50:26,293 - rf_experiment - INFO - Epoch 4 [300/3687] loss=2.3818[epoch 4] lr=0.000300
2026-01-07 01:50:59,284 - rf_experiment - INFO - Epoch 4 [350/3687] loss=2.4302[epoch 4] lr=0.000300
2026-01-07 01:51:32,155 - rf_experiment - INFO - Epoch 4 [400/3687] loss=2.3860[epoch 4] lr=0.000300
2026-01-07 01:52:05,040 - rf_experiment - INFO - Epoch 4 [450/3687] loss=2.2463[epoch 4] lr=0.000300
2026-01-07 01:52:37,954 - rf_experiment - INFO - Epoch 4 [500/3687] loss=2.2762[epoch 4] lr=0.000300
2026-01-07 01:53:10,798 - rf_experiment - INFO - Epoch 4 [550/3687] loss=2.3501[epoch 4] lr=0.000300
2026-01-07 01:53:43,689 - rf_experiment - INFO - Epoch 4 [600/3687] loss=1.8980[epoch 4] lr=0.000300
2026-01-07 01:54:16,650 - rf_experiment - INFO - Epoch 4 [650/3687] loss=2.0556[epoch 4] lr=0.000300
2026-01-07 01:54:49,518 - rf_experiment - INFO - Epoch 4 [700/3687] loss=2.2569[epoch 4] lr=0.000300
2026-01-07 01:55:22,408 - rf_experiment - INFO - Epoch 4 [750/3687] loss=2.2849[epoch 4] lr=0.000300
2026-01-07 01:55:55,276 - rf_experiment - INFO - Epoch 4 [800/3687] loss=1.8413[epoch 4] lr=0.000300
2026-01-07 01:56:28,090 - rf_experiment - INFO - Epoch 4 [850/3687] loss=2.3178[epoch 4] lr=0.000300
2026-01-07 01:57:01,019 - rf_experiment - INFO - Epoch 4 [900/3687] loss=2.3525[epoch 4] lr=0.000300
2026-01-07 01:57:33,957 - rf_experiment - INFO - Epoch 4 [950/3687] loss=2.2525[epoch 4] lr=0.000300
2026-01-07 01:58:06,885 - rf_experiment - INFO - Epoch 4 [1000/3687] loss=2.3036[epoch 4] lr=0.000300
2026-01-07 01:58:39,659 - rf_experiment - INFO - Epoch 4 [1050/3687] loss=2.1512[epoch 4] lr=0.000300
2026-01-07 01:59:12,658 - rf_experiment - INFO - Epoch 4 [1100/3687] loss=2.4965[epoch 4] lr=0.000300
2026-01-07 01:59:45,457 - rf_experiment - INFO - Epoch 4 [1150/3687] loss=2.3881[epoch 4] lr=0.000300
2026-01-07 02:00:18,390 - rf_experiment - INFO - Epoch 4 [1200/3687] loss=2.4726[epoch 4] lr=0.000300
2026-01-07 02:00:51,300 - rf_experiment - INFO - Epoch 4 [1250/3687] loss=2.4185[epoch 4] lr=0.000300
2026-01-07 02:01:24,236 - rf_experiment - INFO - Epoch 4 [1300/3687] loss=2.1265[epoch 4] lr=0.000300
2026-01-07 02:01:57,136 - rf_experiment - INFO - Epoch 4 [1350/3687] loss=2.2607[epoch 4] lr=0.000300
2026-01-07 02:02:30,123 - rf_experiment - INFO - Epoch 4 [1400/3687] loss=2.0965[epoch 4] lr=0.000300
2026-01-07 02:03:02,896 - rf_experiment - INFO - Epoch 4 [1450/3687] loss=2.2952[epoch 4] lr=0.000300
2026-01-07 02:03:35,863 - rf_experiment - INFO - Epoch 4 [1500/3687] loss=2.1745[epoch 4] lr=0.000300
2026-01-07 02:04:08,726 - rf_experiment - INFO - Epoch 4 [1550/3687] loss=2.3691[epoch 4] lr=0.000300
2026-01-07 02:04:41,627 - rf_experiment - INFO - Epoch 4 [1600/3687] loss=2.3346[epoch 4] lr=0.000300
2026-01-07 02:05:14,445 - rf_experiment - INFO - Epoch 4 [1650/3687] loss=1.8889[epoch 4] lr=0.000300
2026-01-07 02:05:47,350 - rf_experiment - INFO - Epoch 4 [1700/3687] loss=2.4369[epoch 4] lr=0.000300
2026-01-07 02:06:20,226 - rf_experiment - INFO - Epoch 4 [1750/3687] loss=2.2539[epoch 4] lr=0.000300
2026-01-07 02:06:53,053 - rf_experiment - INFO - Epoch 4 [1800/3687] loss=2.2629[epoch 4] lr=0.000300
2026-01-07 02:07:25,758 - rf_experiment - INFO - Epoch 4 [1850/3687] loss=2.3758[epoch 4] lr=0.000300
2026-01-07 02:07:58,600 - rf_experiment - INFO - Epoch 4 [1900/3687] loss=2.1693[epoch 4] lr=0.000300
2026-01-07 02:08:31,261 - rf_experiment - INFO - Epoch 4 [1950/3687] loss=2.1901[epoch 4] lr=0.000300
2026-01-07 02:09:04,023 - rf_experiment - INFO - Epoch 4 [2000/3687] loss=2.0608[epoch 4] lr=0.000300
2026-01-07 02:09:36,793 - rf_experiment - INFO - Epoch 4 [2050/3687] loss=2.3792[epoch 4] lr=0.000300
2026-01-07 02:10:09,622 - rf_experiment - INFO - Epoch 4 [2100/3687] loss=2.1097[epoch 4] lr=0.000300
2026-01-07 02:10:42,458 - rf_experiment - INFO - Epoch 4 [2150/3687] loss=1.9693[epoch 4] lr=0.000300
2026-01-07 02:11:15,388 - rf_experiment - INFO - Epoch 4 [2200/3687] loss=2.1812[epoch 4] lr=0.000300
2026-01-07 02:11:48,306 - rf_experiment - INFO - Epoch 4 [2250/3687] loss=2.2835[epoch 4] lr=0.000300
2026-01-07 02:12:21,193 - rf_experiment - INFO - Epoch 4 [2300/3687] loss=2.3968[epoch 4] lr=0.000300
2026-01-07 02:12:54,062 - rf_experiment - INFO - Epoch 4 [2350/3687] loss=1.9935[epoch 4] lr=0.000300
2026-01-07 02:13:27,016 - rf_experiment - INFO - Epoch 4 [2400/3687] loss=2.2624[epoch 4] lr=0.000300
2026-01-07 02:13:59,952 - rf_experiment - INFO - Epoch 4 [2450/3687] loss=2.4116[epoch 4] lr=0.000300
2026-01-07 02:14:32,848 - rf_experiment - INFO - Epoch 4 [2500/3687] loss=2.5049[epoch 4] lr=0.000300
2026-01-07 02:15:05,782 - rf_experiment - INFO - Epoch 4 [2550/3687] loss=2.2653[epoch 4] lr=0.000300
2026-01-07 02:15:38,656 - rf_experiment - INFO - Epoch 4 [2600/3687] loss=1.8717[epoch 4] lr=0.000300
2026-01-07 02:16:11,475 - rf_experiment - INFO - Epoch 4 [2650/3687] loss=2.1467[epoch 4] lr=0.000300
2026-01-07 02:16:44,297 - rf_experiment - INFO - Epoch 4 [2700/3687] loss=2.3014[epoch 4] lr=0.000300
2026-01-07 02:17:17,165 - rf_experiment - INFO - Epoch 4 [2750/3687] loss=2.3867[epoch 4] lr=0.000300
2026-01-07 02:17:50,042 - rf_experiment - INFO - Epoch 4 [2800/3687] loss=2.2818[epoch 4] lr=0.000300
2026-01-07 02:18:22,902 - rf_experiment - INFO - Epoch 4 [2850/3687] loss=2.1200[epoch 4] lr=0.000300
2026-01-07 02:18:55,830 - rf_experiment - INFO - Epoch 4 [2900/3687] loss=2.2506[epoch 4] lr=0.000300
2026-01-07 02:19:28,719 - rf_experiment - INFO - Epoch 4 [2950/3687] loss=2.1205[epoch 4] lr=0.000300
2026-01-07 02:20:01,580 - rf_experiment - INFO - Epoch 4 [3000/3687] loss=2.0203[epoch 4] lr=0.000300
2026-01-07 02:20:34,535 - rf_experiment - INFO - Epoch 4 [3050/3687] loss=2.4574[epoch 4] lr=0.000300
2026-01-07 02:21:07,477 - rf_experiment - INFO - Epoch 4 [3100/3687] loss=2.4212[epoch 4] lr=0.000300
2026-01-07 02:21:40,363 - rf_experiment - INFO - Epoch 4 [3150/3687] loss=2.1376[epoch 4] lr=0.000300
2026-01-07 02:22:13,231 - rf_experiment - INFO - Epoch 4 [3200/3687] loss=2.7095[epoch 4] lr=0.000300
2026-01-07 02:22:46,143 - rf_experiment - INFO - Epoch 4 [3250/3687] loss=2.3107[epoch 4] lr=0.000300
2026-01-07 02:23:18,976 - rf_experiment - INFO - Epoch 4 [3300/3687] loss=2.2433[epoch 4] lr=0.000300
2026-01-07 02:23:51,824 - rf_experiment - INFO - Epoch 4 [3350/3687] loss=2.0858[epoch 4] lr=0.000300
2026-01-07 02:24:24,752 - rf_experiment - INFO - Epoch 4 [3400/3687] loss=2.3351[epoch 4] lr=0.000300
2026-01-07 02:24:57,713 - rf_experiment - INFO - Epoch 4 [3450/3687] loss=2.1518[epoch 4] lr=0.000300
2026-01-07 02:25:30,609 - rf_experiment - INFO - Epoch 4 [3500/3687] loss=2.3409[epoch 4] lr=0.000300
2026-01-07 02:26:03,531 - rf_experiment - INFO - Epoch 4 [3550/3687] loss=2.3579[epoch 4] lr=0.000300
2026-01-07 02:26:36,333 - rf_experiment - INFO - Epoch 4 [3600/3687] loss=2.2887[epoch 4] lr=0.000300
2026-01-07 02:27:09,289 - rf_experiment - INFO - Epoch 4 [3650/3687] loss=2.4206[epoch 4] lr=0.000300
2026-01-07 02:27:33,327 - rf_experiment - INFO - [epoch 4] train_loss=2.2496, train_acc=0.2827
2026-01-07 02:28:52,644 - rf_experiment - INFO - [epoch 4] val_loss=2.3297, val_acc=0.2698
2026-01-07 02:28:52,645 - rf_experiment - INFO - [epoch 4] no improvement in val_acc (streak=1)
2026-01-07 02:28:52,645 - rf_experiment - INFO - [epoch 5/40] training...
2026-01-07 02:29:25,451 - rf_experiment - INFO - Epoch 5 [50/3687] loss=2.0864[epoch 5] lr=0.000300
2026-01-07 02:29:58,209 - rf_experiment - INFO - Epoch 5 [100/3687] loss=2.2311[epoch 5] lr=0.000300
2026-01-07 02:30:31,018 - rf_experiment - INFO - Epoch 5 [150/3687] loss=2.4080[epoch 5] lr=0.000300
2026-01-07 02:31:03,834 - rf_experiment - INFO - Epoch 5 [200/3687] loss=2.3901[epoch 5] lr=0.000300
2026-01-07 02:31:36,688 - rf_experiment - INFO - Epoch 5 [250/3687] loss=2.3837[epoch 5] lr=0.000300
2026-01-07 02:32:09,515 - rf_experiment - INFO - Epoch 5 [300/3687] loss=2.0159[epoch 5] lr=0.000300
2026-01-07 02:32:42,422 - rf_experiment - INFO - Epoch 5 [350/3687] loss=2.3830[epoch 5] lr=0.000300
2026-01-07 02:33:15,200 - rf_experiment - INFO - Epoch 5 [400/3687] loss=2.3913[epoch 5] lr=0.000300
2026-01-07 02:33:48,075 - rf_experiment - INFO - Epoch 5 [450/3687] loss=2.2927[epoch 5] lr=0.000300
2026-01-07 02:34:20,903 - rf_experiment - INFO - Epoch 5 [500/3687] loss=2.1193[epoch 5] lr=0.000300
2026-01-07 02:34:53,704 - rf_experiment - INFO - Epoch 5 [550/3687] loss=2.3028[epoch 5] lr=0.000300
2026-01-07 02:35:26,463 - rf_experiment - INFO - Epoch 5 [600/3687] loss=2.3704[epoch 5] lr=0.000300
2026-01-07 02:35:59,306 - rf_experiment - INFO - Epoch 5 [650/3687] loss=2.2916[epoch 5] lr=0.000300
2026-01-07 02:36:32,086 - rf_experiment - INFO - Epoch 5 [700/3687] loss=2.2325[epoch 5] lr=0.000300
2026-01-07 02:37:04,909 - rf_experiment - INFO - Epoch 5 [750/3687] loss=2.3081[epoch 5] lr=0.000300
2026-01-07 02:37:37,759 - rf_experiment - INFO - Epoch 5 [800/3687] loss=1.9329[epoch 5] lr=0.000300
2026-01-07 02:38:10,699 - rf_experiment - INFO - Epoch 5 [850/3687] loss=1.9894[epoch 5] lr=0.000300
2026-01-07 02:38:43,536 - rf_experiment - INFO - Epoch 5 [900/3687] loss=1.8791[epoch 5] lr=0.000300
2026-01-07 02:39:16,483 - rf_experiment - INFO - Epoch 5 [950/3687] loss=2.2595[epoch 5] lr=0.000300
2026-01-07 02:39:49,363 - rf_experiment - INFO - Epoch 5 [1000/3687] loss=2.2816[epoch 5] lr=0.000300
2026-01-07 02:40:22,261 - rf_experiment - INFO - Epoch 5 [1050/3687] loss=1.9221[epoch 5] lr=0.000300
2026-01-07 02:40:55,113 - rf_experiment - INFO - Epoch 5 [1100/3687] loss=2.3479[epoch 5] lr=0.000300
2026-01-07 02:41:27,950 - rf_experiment - INFO - Epoch 5 [1150/3687] loss=2.2885[epoch 5] lr=0.000300
2026-01-07 02:42:00,763 - rf_experiment - INFO - Epoch 5 [1200/3687] loss=1.9236[epoch 5] lr=0.000300
2026-01-07 02:42:33,510 - rf_experiment - INFO - Epoch 5 [1250/3687] loss=2.2043[epoch 5] lr=0.000300
2026-01-07 02:43:06,490 - rf_experiment - INFO - Epoch 5 [1300/3687] loss=2.1178[epoch 5] lr=0.000300
2026-01-07 02:43:39,301 - rf_experiment - INFO - Epoch 5 [1350/3687] loss=2.3160[epoch 5] lr=0.000300
2026-01-07 02:44:12,208 - rf_experiment - INFO - Epoch 5 [1400/3687] loss=2.2846[epoch 5] lr=0.000300
2026-01-07 02:44:44,995 - rf_experiment - INFO - Epoch 5 [1450/3687] loss=2.3453[epoch 5] lr=0.000300
2026-01-07 02:45:17,913 - rf_experiment - INFO - Epoch 5 [1500/3687] loss=1.8879[epoch 5] lr=0.000300
2026-01-07 02:45:50,716 - rf_experiment - INFO - Epoch 5 [1550/3687] loss=2.0117[epoch 5] lr=0.000300
2026-01-07 02:46:23,607 - rf_experiment - INFO - Epoch 5 [1600/3687] loss=2.1513[epoch 5] lr=0.000300
2026-01-07 02:46:56,422 - rf_experiment - INFO - Epoch 5 [1650/3687] loss=2.2462[epoch 5] lr=0.000300
2026-01-07 02:47:29,249 - rf_experiment - INFO - Epoch 5 [1700/3687] loss=2.1511[epoch 5] lr=0.000300
2026-01-07 02:48:02,258 - rf_experiment - INFO - Epoch 5 [1750/3687] loss=2.0118[epoch 5] lr=0.000300
2026-01-07 02:48:35,100 - rf_experiment - INFO - Epoch 5 [1800/3687] loss=2.1014[epoch 5] lr=0.000300
2026-01-07 02:49:08,034 - rf_experiment - INFO - Epoch 5 [1850/3687] loss=2.0184[epoch 5] lr=0.000300
2026-01-07 02:49:40,947 - rf_experiment - INFO - Epoch 5 [1900/3687] loss=2.2867[epoch 5] lr=0.000300
2026-01-07 02:50:13,751 - rf_experiment - INFO - Epoch 5 [1950/3687] loss=2.3765[epoch 5] lr=0.000300
2026-01-07 02:50:46,628 - rf_experiment - INFO - Epoch 5 [2000/3687] loss=2.0323[epoch 5] lr=0.000300
2026-01-07 02:51:19,417 - rf_experiment - INFO - Epoch 5 [2050/3687] loss=2.3073[epoch 5] lr=0.000300
2026-01-07 02:51:52,264 - rf_experiment - INFO - Epoch 5 [2100/3687] loss=2.2360[epoch 5] lr=0.000300
2026-01-07 02:52:25,080 - rf_experiment - INFO - Epoch 5 [2150/3687] loss=2.2947[epoch 5] lr=0.000300
2026-01-07 02:52:57,880 - rf_experiment - INFO - Epoch 5 [2200/3687] loss=2.0142[epoch 5] lr=0.000300
2026-01-07 02:53:30,629 - rf_experiment - INFO - Epoch 5 [2250/3687] loss=2.1851[epoch 5] lr=0.000300
2026-01-07 02:54:03,436 - rf_experiment - INFO - Epoch 5 [2300/3687] loss=2.3467[epoch 5] lr=0.000300
2026-01-07 02:54:36,193 - rf_experiment - INFO - Epoch 5 [2350/3687] loss=2.1202[epoch 5] lr=0.000300
2026-01-07 02:55:08,981 - rf_experiment - INFO - Epoch 5 [2400/3687] loss=2.1549[epoch 5] lr=0.000300
2026-01-07 02:55:41,742 - rf_experiment - INFO - Epoch 5 [2450/3687] loss=2.4819[epoch 5] lr=0.000300
2026-01-07 02:56:14,651 - rf_experiment - INFO - Epoch 5 [2500/3687] loss=1.9783[epoch 5] lr=0.000300
2026-01-07 02:56:47,388 - rf_experiment - INFO - Epoch 5 [2550/3687] loss=2.2236[epoch 5] lr=0.000300
2026-01-07 02:57:20,237 - rf_experiment - INFO - Epoch 5 [2600/3687] loss=2.3210[epoch 5] lr=0.000300
2026-01-07 02:57:52,990 - rf_experiment - INFO - Epoch 5 [2650/3687] loss=2.2026[epoch 5] lr=0.000300
2026-01-07 02:58:25,794 - rf_experiment - INFO - Epoch 5 [2700/3687] loss=1.9490[epoch 5] lr=0.000300
2026-01-07 02:58:58,593 - rf_experiment - INFO - Epoch 5 [2750/3687] loss=2.2493[epoch 5] lr=0.000300
2026-01-07 02:59:31,353 - rf_experiment - INFO - Epoch 5 [2800/3687] loss=2.3295[epoch 5] lr=0.000300
2026-01-07 03:00:04,160 - rf_experiment - INFO - Epoch 5 [2850/3687] loss=2.3430[epoch 5] lr=0.000300
2026-01-07 03:00:37,051 - rf_experiment - INFO - Epoch 5 [2900/3687] loss=2.2989[epoch 5] lr=0.000300
2026-01-07 03:01:09,956 - rf_experiment - INFO - Epoch 5 [2950/3687] loss=2.3284[epoch 5] lr=0.000300
2026-01-07 03:01:42,799 - rf_experiment - INFO - Epoch 5 [3000/3687] loss=2.4178[epoch 5] lr=0.000300
2026-01-07 03:02:15,702 - rf_experiment - INFO - Epoch 5 [3050/3687] loss=1.9581[epoch 5] lr=0.000300
2026-01-07 03:02:48,569 - rf_experiment - INFO - Epoch 5 [3100/3687] loss=2.1878[epoch 5] lr=0.000300
2026-01-07 03:03:21,436 - rf_experiment - INFO - Epoch 5 [3150/3687] loss=2.3537[epoch 5] lr=0.000300
2026-01-07 03:03:54,284 - rf_experiment - INFO - Epoch 5 [3200/3687] loss=2.1541[epoch 5] lr=0.000300
2026-01-07 03:04:27,095 - rf_experiment - INFO - Epoch 5 [3250/3687] loss=2.1452[epoch 5] lr=0.000300
2026-01-07 03:04:59,925 - rf_experiment - INFO - Epoch 5 [3300/3687] loss=2.3087[epoch 5] lr=0.000300
2026-01-07 03:05:32,712 - rf_experiment - INFO - Epoch 5 [3350/3687] loss=2.2941[epoch 5] lr=0.000300
2026-01-07 03:06:05,642 - rf_experiment - INFO - Epoch 5 [3400/3687] loss=2.1684[epoch 5] lr=0.000300
2026-01-07 03:06:38,425 - rf_experiment - INFO - Epoch 5 [3450/3687] loss=2.1332[epoch 5] lr=0.000300
2026-01-07 03:07:11,354 - rf_experiment - INFO - Epoch 5 [3500/3687] loss=2.2537[epoch 5] lr=0.000300
2026-01-07 03:07:44,012 - rf_experiment - INFO - Epoch 5 [3550/3687] loss=2.2463[epoch 5] lr=0.000300
2026-01-07 03:08:16,885 - rf_experiment - INFO - Epoch 5 [3600/3687] loss=2.4996[epoch 5] lr=0.000300
2026-01-07 03:08:49,732 - rf_experiment - INFO - Epoch 5 [3650/3687] loss=2.3613[epoch 5] lr=0.000300
2026-01-07 03:09:13,735 - rf_experiment - INFO - [epoch 5] train_loss=2.2209, train_acc=0.2891
2026-01-07 03:10:32,715 - rf_experiment - INFO - [epoch 5] val_loss=2.2147, val_acc=0.2942
2026-01-07 03:10:32,716 - rf_experiment - INFO - [epoch 5] new best val_acc=0.2942
2026-01-07 03:10:32,716 - rf_experiment - INFO - [epoch 6/40] training...
2026-01-07 03:11:05,375 - rf_experiment - INFO - Epoch 6 [50/3687] loss=2.1661[epoch 6] lr=0.000300
2026-01-07 03:11:38,098 - rf_experiment - INFO - Epoch 6 [100/3687] loss=2.0550[epoch 6] lr=0.000300
2026-01-07 03:12:10,957 - rf_experiment - INFO - Epoch 6 [150/3687] loss=2.1973[epoch 6] lr=0.000300
2026-01-07 03:12:43,662 - rf_experiment - INFO - Epoch 6 [200/3687] loss=2.2381[epoch 6] lr=0.000300
2026-01-07 03:13:16,416 - rf_experiment - INFO - Epoch 6 [250/3687] loss=2.0439[epoch 6] lr=0.000300
2026-01-07 03:13:49,001 - rf_experiment - INFO - Epoch 6 [300/3687] loss=2.3747[epoch 6] lr=0.000300
2026-01-07 03:14:21,795 - rf_experiment - INFO - Epoch 6 [350/3687] loss=2.0168[epoch 6] lr=0.000300
2026-01-07 03:14:54,613 - rf_experiment - INFO - Epoch 6 [400/3687] loss=2.1606[epoch 6] lr=0.000300
2026-01-07 03:15:27,290 - rf_experiment - INFO - Epoch 6 [450/3687] loss=2.3274[epoch 6] lr=0.000300
2026-01-07 03:16:00,039 - rf_experiment - INFO - Epoch 6 [500/3687] loss=2.2743[epoch 6] lr=0.000300
2026-01-07 03:16:32,715 - rf_experiment - INFO - Epoch 6 [550/3687] loss=2.3720[epoch 6] lr=0.000300
2026-01-07 03:17:05,481 - rf_experiment - INFO - Epoch 6 [600/3687] loss=2.0546[epoch 6] lr=0.000300
2026-01-07 03:17:38,350 - rf_experiment - INFO - Epoch 6 [650/3687] loss=2.0361[epoch 6] lr=0.000300
2026-01-07 03:18:11,210 - rf_experiment - INFO - Epoch 6 [700/3687] loss=2.4175[epoch 6] lr=0.000300
2026-01-07 03:18:43,972 - rf_experiment - INFO - Epoch 6 [750/3687] loss=2.3540[epoch 6] lr=0.000300
2026-01-07 03:19:16,694 - rf_experiment - INFO - Epoch 6 [800/3687] loss=2.1529[epoch 6] lr=0.000300
2026-01-07 03:19:49,499 - rf_experiment - INFO - Epoch 6 [850/3687] loss=2.2500[epoch 6] lr=0.000300
2026-01-07 03:20:22,285 - rf_experiment - INFO - Epoch 6 [900/3687] loss=2.4568[epoch 6] lr=0.000300
2026-01-07 03:20:55,126 - rf_experiment - INFO - Epoch 6 [950/3687] loss=2.1090[epoch 6] lr=0.000300
2026-01-07 03:21:27,945 - rf_experiment - INFO - Epoch 6 [1000/3687] loss=1.9391[epoch 6] lr=0.000300
2026-01-07 03:22:00,824 - rf_experiment - INFO - Epoch 6 [1050/3687] loss=2.4898[epoch 6] lr=0.000300
2026-01-07 03:22:33,607 - rf_experiment - INFO - Epoch 6 [1100/3687] loss=2.4776[epoch 6] lr=0.000300
2026-01-07 03:23:06,509 - rf_experiment - INFO - Epoch 6 [1150/3687] loss=2.0766[epoch 6] lr=0.000300
2026-01-07 03:23:39,330 - rf_experiment - INFO - Epoch 6 [1200/3687] loss=2.1781[epoch 6] lr=0.000300
2026-01-07 03:24:12,194 - rf_experiment - INFO - Epoch 6 [1250/3687] loss=2.0192[epoch 6] lr=0.000300
2026-01-07 03:24:44,986 - rf_experiment - INFO - Epoch 6 [1300/3687] loss=2.3842[epoch 6] lr=0.000300
2026-01-07 03:25:17,949 - rf_experiment - INFO - Epoch 6 [1350/3687] loss=2.0321[epoch 6] lr=0.000300
2026-01-07 03:25:50,680 - rf_experiment - INFO - Epoch 6 [1400/3687] loss=2.3542[epoch 6] lr=0.000300
2026-01-07 03:26:23,411 - rf_experiment - INFO - Epoch 6 [1450/3687] loss=2.0394[epoch 6] lr=0.000300
2026-01-07 03:26:56,217 - rf_experiment - INFO - Epoch 6 [1500/3687] loss=2.3237[epoch 6] lr=0.000300
2026-01-07 03:27:29,046 - rf_experiment - INFO - Epoch 6 [1550/3687] loss=1.9391[epoch 6] lr=0.000300
2026-01-07 03:28:01,863 - rf_experiment - INFO - Epoch 6 [1600/3687] loss=2.1561[epoch 6] lr=0.000300
2026-01-07 03:28:34,670 - rf_experiment - INFO - Epoch 6 [1650/3687] loss=2.1152[epoch 6] lr=0.000300
2026-01-07 03:29:07,440 - rf_experiment - INFO - Epoch 6 [1700/3687] loss=2.1415[epoch 6] lr=0.000300
2026-01-07 03:29:40,289 - rf_experiment - INFO - Epoch 6 [1750/3687] loss=2.2701[epoch 6] lr=0.000300
2026-01-07 03:30:13,076 - rf_experiment - INFO - Epoch 6 [1800/3687] loss=2.2345[epoch 6] lr=0.000300
2026-01-07 03:30:45,919 - rf_experiment - INFO - Epoch 6 [1850/3687] loss=2.2518[epoch 6] lr=0.000300
2026-01-07 03:31:18,666 - rf_experiment - INFO - Epoch 6 [1900/3687] loss=1.9726[epoch 6] lr=0.000300
2026-01-07 03:31:51,436 - rf_experiment - INFO - Epoch 6 [1950/3687] loss=1.9590[epoch 6] lr=0.000300
2026-01-07 03:32:24,095 - rf_experiment - INFO - Epoch 6 [2000/3687] loss=2.1757[epoch 6] lr=0.000300
2026-01-07 03:32:56,696 - rf_experiment - INFO - Epoch 6 [2050/3687] loss=2.4116[epoch 6] lr=0.000300
2026-01-07 03:33:29,539 - rf_experiment - INFO - Epoch 6 [2100/3687] loss=1.9530[epoch 6] lr=0.000300
2026-01-07 03:34:02,314 - rf_experiment - INFO - Epoch 6 [2150/3687] loss=2.4963[epoch 6] lr=0.000300
2026-01-07 03:34:35,218 - rf_experiment - INFO - Epoch 6 [2200/3687] loss=2.0504[epoch 6] lr=0.000300
2026-01-07 03:35:08,001 - rf_experiment - INFO - Epoch 6 [2250/3687] loss=2.3406[epoch 6] lr=0.000300
2026-01-07 03:35:40,802 - rf_experiment - INFO - Epoch 6 [2300/3687] loss=2.3104[epoch 6] lr=0.000300
2026-01-07 03:36:13,607 - rf_experiment - INFO - Epoch 6 [2350/3687] loss=2.1765[epoch 6] lr=0.000300
2026-01-07 03:36:46,412 - rf_experiment - INFO - Epoch 6 [2400/3687] loss=2.1626[epoch 6] lr=0.000300
2026-01-07 03:37:19,226 - rf_experiment - INFO - Epoch 6 [2450/3687] loss=2.3598[epoch 6] lr=0.000300
2026-01-07 03:37:52,037 - rf_experiment - INFO - Epoch 6 [2500/3687] loss=1.8483[epoch 6] lr=0.000300
2026-01-07 03:38:24,810 - rf_experiment - INFO - Epoch 6 [2550/3687] loss=1.9826[epoch 6] lr=0.000300
2026-01-07 03:38:57,530 - rf_experiment - INFO - Epoch 6 [2600/3687] loss=2.1424[epoch 6] lr=0.000300
2026-01-07 03:39:30,385 - rf_experiment - INFO - Epoch 6 [2650/3687] loss=2.4195[epoch 6] lr=0.000300
2026-01-07 03:40:03,173 - rf_experiment - INFO - Epoch 6 [2700/3687] loss=2.3905[epoch 6] lr=0.000300
2026-01-07 03:40:36,006 - rf_experiment - INFO - Epoch 6 [2750/3687] loss=2.3095[epoch 6] lr=0.000300
2026-01-07 03:41:08,749 - rf_experiment - INFO - Epoch 6 [2800/3687] loss=2.2105[epoch 6] lr=0.000300
2026-01-07 03:41:41,528 - rf_experiment - INFO - Epoch 6 [2850/3687] loss=2.2006[epoch 6] lr=0.000300
2026-01-07 03:42:14,490 - rf_experiment - INFO - Epoch 6 [2900/3687] loss=2.0616[epoch 6] lr=0.000300
2026-01-07 03:42:47,289 - rf_experiment - INFO - Epoch 6 [2950/3687] loss=2.1700[epoch 6] lr=0.000300
2026-01-07 03:43:20,126 - rf_experiment - INFO - Epoch 6 [3000/3687] loss=2.1525[epoch 6] lr=0.000300
2026-01-07 03:43:52,913 - rf_experiment - INFO - Epoch 6 [3050/3687] loss=1.9755[epoch 6] lr=0.000300
2026-01-07 03:44:25,754 - rf_experiment - INFO - Epoch 6 [3100/3687] loss=2.0733[epoch 6] lr=0.000300
2026-01-07 03:44:58,463 - rf_experiment - INFO - Epoch 6 [3150/3687] loss=2.1003[epoch 6] lr=0.000300
2026-01-07 03:45:31,327 - rf_experiment - INFO - Epoch 6 [3200/3687] loss=2.2919[epoch 6] lr=0.000300
2026-01-07 03:46:04,095 - rf_experiment - INFO - Epoch 6 [3250/3687] loss=2.1689[epoch 6] lr=0.000300
2026-01-07 03:46:36,970 - rf_experiment - INFO - Epoch 6 [3300/3687] loss=2.2289[epoch 6] lr=0.000300
2026-01-07 03:47:09,754 - rf_experiment - INFO - Epoch 6 [3350/3687] loss=2.2451[epoch 6] lr=0.000300
2026-01-07 03:47:42,632 - rf_experiment - INFO - Epoch 6 [3400/3687] loss=2.2465[epoch 6] lr=0.000300
2026-01-07 03:48:15,447 - rf_experiment - INFO - Epoch 6 [3450/3687] loss=2.3971[epoch 6] lr=0.000300
2026-01-07 03:48:48,344 - rf_experiment - INFO - Epoch 6 [3500/3687] loss=2.0534[epoch 6] lr=0.000300
2026-01-07 03:49:21,302 - rf_experiment - INFO - Epoch 6 [3550/3687] loss=2.3489[epoch 6] lr=0.000300
2026-01-07 03:49:54,074 - rf_experiment - INFO - Epoch 6 [3600/3687] loss=2.3130[epoch 6] lr=0.000300
2026-01-07 03:50:26,940 - rf_experiment - INFO - Epoch 6 [3650/3687] loss=2.3594[epoch 6] lr=0.000300
2026-01-07 03:50:50,977 - rf_experiment - INFO - [epoch 6] train_loss=2.1970, train_acc=0.2949
2026-01-07 03:52:09,399 - rf_experiment - INFO - [epoch 6] val_loss=2.1818, val_acc=0.3002
2026-01-07 03:52:09,399 - rf_experiment - INFO - [epoch 6] new best val_acc=0.3002
2026-01-07 03:52:09,399 - rf_experiment - INFO - [epoch 7/40] training...
2026-01-07 03:52:42,032 - rf_experiment - INFO - Epoch 7 [50/3687] loss=2.0524[epoch 7] lr=0.000300
2026-01-07 03:53:14,779 - rf_experiment - INFO - Epoch 7 [100/3687] loss=2.1148[epoch 7] lr=0.000300
2026-01-07 03:53:47,596 - rf_experiment - INFO - Epoch 7 [150/3687] loss=1.9591[epoch 7] lr=0.000300
2026-01-07 03:54:20,289 - rf_experiment - INFO - Epoch 7 [200/3687] loss=2.3417[epoch 7] lr=0.000300
2026-01-07 03:54:53,048 - rf_experiment - INFO - Epoch 7 [250/3687] loss=2.0750[epoch 7] lr=0.000300
2026-01-07 03:55:25,814 - rf_experiment - INFO - Epoch 7 [300/3687] loss=1.8202[epoch 7] lr=0.000300
2026-01-07 03:55:58,637 - rf_experiment - INFO - Epoch 7 [350/3687] loss=2.2042[epoch 7] lr=0.000300
2026-01-07 03:56:31,443 - rf_experiment - INFO - Epoch 7 [400/3687] loss=2.0721[epoch 7] lr=0.000300
2026-01-07 03:57:04,350 - rf_experiment - INFO - Epoch 7 [450/3687] loss=2.0869[epoch 7] lr=0.000300
2026-01-07 03:57:37,194 - rf_experiment - INFO - Epoch 7 [500/3687] loss=2.4788[epoch 7] lr=0.000300
2026-01-07 03:58:10,018 - rf_experiment - INFO - Epoch 7 [550/3687] loss=2.0552[epoch 7] lr=0.000300
2026-01-07 03:58:42,745 - rf_experiment - INFO - Epoch 7 [600/3687] loss=2.3067[epoch 7] lr=0.000300
2026-01-07 03:59:15,586 - rf_experiment - INFO - Epoch 7 [650/3687] loss=1.9976[epoch 7] lr=0.000300
2026-01-07 03:59:48,351 - rf_experiment - INFO - Epoch 7 [700/3687] loss=2.1301[epoch 7] lr=0.000300
2026-01-07 04:00:21,162 - rf_experiment - INFO - Epoch 7 [750/3687] loss=2.0256[epoch 7] lr=0.000300
2026-01-07 04:00:53,765 - rf_experiment - INFO - Epoch 7 [800/3687] loss=2.0339[epoch 7] lr=0.000300
2026-01-07 04:01:26,664 - rf_experiment - INFO - Epoch 7 [850/3687] loss=2.1953[epoch 7] lr=0.000300
2026-01-07 04:01:59,395 - rf_experiment - INFO - Epoch 7 [900/3687] loss=2.3921[epoch 7] lr=0.000300
2026-01-07 04:02:32,249 - rf_experiment - INFO - Epoch 7 [950/3687] loss=1.9542[epoch 7] lr=0.000300
2026-01-07 04:03:05,042 - rf_experiment - INFO - Epoch 7 [1000/3687] loss=2.1317[epoch 7] lr=0.000300
2026-01-07 04:03:37,868 - rf_experiment - INFO - Epoch 7 [1050/3687] loss=2.0719[epoch 7] lr=0.000300
2026-01-07 04:04:10,705 - rf_experiment - INFO - Epoch 7 [1100/3687] loss=2.0799[epoch 7] lr=0.000300
2026-01-07 04:04:43,521 - rf_experiment - INFO - Epoch 7 [1150/3687] loss=2.0420[epoch 7] lr=0.000300
2026-01-07 04:05:16,201 - rf_experiment - INFO - Epoch 7 [1200/3687] loss=2.2714[epoch 7] lr=0.000300
2026-01-07 04:05:49,018 - rf_experiment - INFO - Epoch 7 [1250/3687] loss=1.9132[epoch 7] lr=0.000300
2026-01-07 04:06:21,837 - rf_experiment - INFO - Epoch 7 [1300/3687] loss=2.2932[epoch 7] lr=0.000300
2026-01-07 04:06:54,697 - rf_experiment - INFO - Epoch 7 [1350/3687] loss=1.9598[epoch 7] lr=0.000300
2026-01-07 04:07:27,446 - rf_experiment - INFO - Epoch 7 [1400/3687] loss=2.1721[epoch 7] lr=0.000300
2026-01-07 04:08:00,284 - rf_experiment - INFO - Epoch 7 [1450/3687] loss=2.0661[epoch 7] lr=0.000300
2026-01-07 04:08:32,983 - rf_experiment - INFO - Epoch 7 [1500/3687] loss=2.2896[epoch 7] lr=0.000300
2026-01-07 04:09:05,863 - rf_experiment - INFO - Epoch 7 [1550/3687] loss=2.0479[epoch 7] lr=0.000300
2026-01-07 04:09:38,699 - rf_experiment - INFO - Epoch 7 [1600/3687] loss=2.3364[epoch 7] lr=0.000300
2026-01-07 04:10:11,623 - rf_experiment - INFO - Epoch 7 [1650/3687] loss=2.4689[epoch 7] lr=0.000300
2026-01-07 04:10:44,414 - rf_experiment - INFO - Epoch 7 [1700/3687] loss=2.1889[epoch 7] lr=0.000300
2026-01-07 04:11:17,252 - rf_experiment - INFO - Epoch 7 [1750/3687] loss=2.2214[epoch 7] lr=0.000300
2026-01-07 04:11:49,940 - rf_experiment - INFO - Epoch 7 [1800/3687] loss=2.2514[epoch 7] lr=0.000300
2026-01-07 04:12:22,798 - rf_experiment - INFO - Epoch 7 [1850/3687] loss=2.2465[epoch 7] lr=0.000300
2026-01-07 04:12:55,539 - rf_experiment - INFO - Epoch 7 [1900/3687] loss=2.0685[epoch 7] lr=0.000300
2026-01-07 04:13:28,341 - rf_experiment - INFO - Epoch 7 [1950/3687] loss=2.2494[epoch 7] lr=0.000300
2026-01-07 04:14:01,134 - rf_experiment - INFO - Epoch 7 [2000/3687] loss=2.1356[epoch 7] lr=0.000300
2026-01-07 04:14:33,898 - rf_experiment - INFO - Epoch 7 [2050/3687] loss=2.0562[epoch 7] lr=0.000300
2026-01-07 04:15:06,638 - rf_experiment - INFO - Epoch 7 [2100/3687] loss=2.2059[epoch 7] lr=0.000300
2026-01-07 04:15:39,430 - rf_experiment - INFO - Epoch 7 [2150/3687] loss=1.7327[epoch 7] lr=0.000300
2026-01-07 04:16:12,203 - rf_experiment - INFO - Epoch 7 [2200/3687] loss=2.0038[epoch 7] lr=0.000300
2026-01-07 04:16:45,053 - rf_experiment - INFO - Epoch 7 [2250/3687] loss=2.0868[epoch 7] lr=0.000300
2026-01-07 04:17:17,782 - rf_experiment - INFO - Epoch 7 [2300/3687] loss=2.3557[epoch 7] lr=0.000300
2026-01-07 04:17:50,641 - rf_experiment - INFO - Epoch 7 [2350/3687] loss=2.0955[epoch 7] lr=0.000300
2026-01-07 04:18:23,505 - rf_experiment - INFO - Epoch 7 [2400/3687] loss=2.2948[epoch 7] lr=0.000300
2026-01-07 04:18:56,359 - rf_experiment - INFO - Epoch 7 [2450/3687] loss=2.0715[epoch 7] lr=0.000300
2026-01-07 04:19:29,037 - rf_experiment - INFO - Epoch 7 [2500/3687] loss=2.4028[epoch 7] lr=0.000300
2026-01-07 04:20:01,741 - rf_experiment - INFO - Epoch 7 [2550/3687] loss=2.0519[epoch 7] lr=0.000300
2026-01-07 04:20:34,353 - rf_experiment - INFO - Epoch 7 [2600/3687] loss=1.8333[epoch 7] lr=0.000300
2026-01-07 04:21:07,002 - rf_experiment - INFO - Epoch 7 [2650/3687] loss=2.4923[epoch 7] lr=0.000300
2026-01-07 04:21:39,713 - rf_experiment - INFO - Epoch 7 [2700/3687] loss=2.1213[epoch 7] lr=0.000300
2026-01-07 04:22:12,493 - rf_experiment - INFO - Epoch 7 [2750/3687] loss=2.2588[epoch 7] lr=0.000300
2026-01-07 04:22:45,288 - rf_experiment - INFO - Epoch 7 [2800/3687] loss=2.1333[epoch 7] lr=0.000300
2026-01-07 04:23:18,066 - rf_experiment - INFO - Epoch 7 [2850/3687] loss=2.1127[epoch 7] lr=0.000300
2026-01-07 04:23:50,964 - rf_experiment - INFO - Epoch 7 [2900/3687] loss=2.2961[epoch 7] lr=0.000300
2026-01-07 04:24:23,765 - rf_experiment - INFO - Epoch 7 [2950/3687] loss=1.9827[epoch 7] lr=0.000300
2026-01-07 04:24:56,646 - rf_experiment - INFO - Epoch 7 [3000/3687] loss=2.3918[epoch 7] lr=0.000300
2026-01-07 04:25:29,470 - rf_experiment - INFO - Epoch 7 [3050/3687] loss=2.2702[epoch 7] lr=0.000300
2026-01-07 04:26:02,304 - rf_experiment - INFO - Epoch 7 [3100/3687] loss=2.4606[epoch 7] lr=0.000300
2026-01-07 04:26:35,062 - rf_experiment - INFO - Epoch 7 [3150/3687] loss=1.8535[epoch 7] lr=0.000300
2026-01-07 04:27:07,902 - rf_experiment - INFO - Epoch 7 [3200/3687] loss=1.9052[epoch 7] lr=0.000300
2026-01-07 04:27:40,701 - rf_experiment - INFO - Epoch 7 [3250/3687] loss=2.2972[epoch 7] lr=0.000300
2026-01-07 04:28:13,468 - rf_experiment - INFO - Epoch 7 [3300/3687] loss=2.2128[epoch 7] lr=0.000300
2026-01-07 04:28:46,187 - rf_experiment - INFO - Epoch 7 [3350/3687] loss=2.0696[epoch 7] lr=0.000300
2026-01-07 04:29:19,123 - rf_experiment - INFO - Epoch 7 [3400/3687] loss=2.0123[epoch 7] lr=0.000300
2026-01-07 04:29:51,856 - rf_experiment - INFO - Epoch 7 [3450/3687] loss=2.4627[epoch 7] lr=0.000300
2026-01-07 04:30:24,679 - rf_experiment - INFO - Epoch 7 [3500/3687] loss=2.1615[epoch 7] lr=0.000300
2026-01-07 04:30:57,646 - rf_experiment - INFO - Epoch 7 [3550/3687] loss=2.1231[epoch 7] lr=0.000300
2026-01-07 04:31:30,525 - rf_experiment - INFO - Epoch 7 [3600/3687] loss=2.3622[epoch 7] lr=0.000300
2026-01-07 04:32:03,321 - rf_experiment - INFO - Epoch 7 [3650/3687] loss=2.3022[epoch 7] lr=0.000300
2026-01-07 04:32:27,408 - rf_experiment - INFO - [epoch 7] train_loss=2.1781, train_acc=0.3000
2026-01-07 04:33:45,479 - rf_experiment - INFO - [epoch 7] val_loss=2.2008, val_acc=0.2985
2026-01-07 04:33:45,480 - rf_experiment - INFO - [epoch 7] no improvement in val_acc (streak=1)
2026-01-07 04:33:45,480 - rf_experiment - INFO - [epoch 8/40] training...
2026-01-07 04:34:18,080 - rf_experiment - INFO - Epoch 8 [50/3687] loss=2.1501[epoch 8] lr=0.000300
2026-01-07 04:34:50,926 - rf_experiment - INFO - Epoch 8 [100/3687] loss=2.1050[epoch 8] lr=0.000300
2026-01-07 04:35:23,694 - rf_experiment - INFO - Epoch 8 [150/3687] loss=2.0885[epoch 8] lr=0.000300
2026-01-07 04:35:56,811 - rf_experiment - INFO - Epoch 8 [200/3687] loss=2.2546[epoch 8] lr=0.000300
2026-01-07 04:36:29,563 - rf_experiment - INFO - Epoch 8 [250/3687] loss=2.1204[epoch 8] lr=0.000300
2026-01-07 04:37:02,409 - rf_experiment - INFO - Epoch 8 [300/3687] loss=2.1013[epoch 8] lr=0.000300
2026-01-07 04:37:35,196 - rf_experiment - INFO - Epoch 8 [350/3687] loss=2.2773[epoch 8] lr=0.000300
2026-01-07 04:38:07,942 - rf_experiment - INFO - Epoch 8 [400/3687] loss=2.0530[epoch 8] lr=0.000300
2026-01-07 04:38:40,714 - rf_experiment - INFO - Epoch 8 [450/3687] loss=2.1533[epoch 8] lr=0.000300
2026-01-07 04:39:13,452 - rf_experiment - INFO - Epoch 8 [500/3687] loss=2.4126[epoch 8] lr=0.000300
2026-01-07 04:39:46,136 - rf_experiment - INFO - Epoch 8 [550/3687] loss=2.3767[epoch 8] lr=0.000300
2026-01-07 04:40:18,939 - rf_experiment - INFO - Epoch 8 [600/3687] loss=2.1241[epoch 8] lr=0.000300
2026-01-07 04:40:51,717 - rf_experiment - INFO - Epoch 8 [650/3687] loss=2.0974[epoch 8] lr=0.000300
2026-01-07 04:41:24,486 - rf_experiment - INFO - Epoch 8 [700/3687] loss=2.1013[epoch 8] lr=0.000300
2026-01-07 04:41:57,221 - rf_experiment - INFO - Epoch 8 [750/3687] loss=2.3190[epoch 8] lr=0.000300
2026-01-07 04:42:30,020 - rf_experiment - INFO - Epoch 8 [800/3687] loss=2.1335[epoch 8] lr=0.000300
2026-01-07 04:43:03,118 - rf_experiment - INFO - Epoch 8 [850/3687] loss=1.8056[epoch 8] lr=0.000300
2026-01-07 04:43:35,908 - rf_experiment - INFO - Epoch 8 [900/3687] loss=2.4013[epoch 8] lr=0.000300
2026-01-07 04:44:08,747 - rf_experiment - INFO - Epoch 8 [950/3687] loss=2.2627[epoch 8] lr=0.000300
2026-01-07 04:44:41,595 - rf_experiment - INFO - Epoch 8 [1000/3687] loss=2.2594[epoch 8] lr=0.000300
2026-01-07 04:45:14,470 - rf_experiment - INFO - Epoch 8 [1050/3687] loss=2.3949[epoch 8] lr=0.000300
2026-01-07 04:45:47,226 - rf_experiment - INFO - Epoch 8 [1100/3687] loss=2.0768[epoch 8] lr=0.000300
2026-01-07 04:46:20,117 - rf_experiment - INFO - Epoch 8 [1150/3687] loss=2.3177[epoch 8] lr=0.000300
2026-01-07 04:46:52,910 - rf_experiment - INFO - Epoch 8 [1200/3687] loss=1.8915[epoch 8] lr=0.000300
2026-01-07 04:47:25,753 - rf_experiment - INFO - Epoch 8 [1250/3687] loss=2.0915[epoch 8] lr=0.000300
2026-01-07 04:47:58,585 - rf_experiment - INFO - Epoch 8 [1300/3687] loss=2.0210[epoch 8] lr=0.000300
2026-01-07 04:48:31,421 - rf_experiment - INFO - Epoch 8 [1350/3687] loss=1.8709[epoch 8] lr=0.000300
2026-01-07 04:49:04,133 - rf_experiment - INFO - Epoch 8 [1400/3687] loss=2.1745[epoch 8] lr=0.000300
2026-01-07 04:49:36,952 - rf_experiment - INFO - Epoch 8 [1450/3687] loss=2.0141[epoch 8] lr=0.000300
2026-01-07 04:50:09,688 - rf_experiment - INFO - Epoch 8 [1500/3687] loss=2.2798[epoch 8] lr=0.000300
2026-01-07 04:50:42,524 - rf_experiment - INFO - Epoch 8 [1550/3687] loss=1.9368[epoch 8] lr=0.000300
2026-01-07 04:51:15,283 - rf_experiment - INFO - Epoch 8 [1600/3687] loss=2.4162[epoch 8] lr=0.000300
2026-01-07 04:51:48,052 - rf_experiment - INFO - Epoch 8 [1650/3687] loss=2.0458[epoch 8] lr=0.000300
2026-01-07 04:52:20,838 - rf_experiment - INFO - Epoch 8 [1700/3687] loss=2.3593[epoch 8] lr=0.000300
2026-01-07 04:52:53,631 - rf_experiment - INFO - Epoch 8 [1750/3687] loss=2.0878[epoch 8] lr=0.000300
2026-01-07 04:53:26,350 - rf_experiment - INFO - Epoch 8 [1800/3687] loss=2.2237[epoch 8] lr=0.000300
2026-01-07 04:53:59,115 - rf_experiment - INFO - Epoch 8 [1850/3687] loss=2.2157[epoch 8] lr=0.000300
2026-01-07 04:54:31,955 - rf_experiment - INFO - Epoch 8 [1900/3687] loss=2.3843[epoch 8] lr=0.000300
2026-01-07 04:55:04,734 - rf_experiment - INFO - Epoch 8 [1950/3687] loss=2.1124[epoch 8] lr=0.000300
2026-01-07 04:55:37,551 - rf_experiment - INFO - Epoch 8 [2000/3687] loss=2.0878[epoch 8] lr=0.000300
2026-01-07 04:56:10,367 - rf_experiment - INFO - Epoch 8 [2050/3687] loss=2.3337[epoch 8] lr=0.000300
2026-01-07 04:56:43,089 - rf_experiment - INFO - Epoch 8 [2100/3687] loss=1.9309[epoch 8] lr=0.000300
2026-01-07 04:57:15,929 - rf_experiment - INFO - Epoch 8 [2150/3687] loss=1.9518[epoch 8] lr=0.000300
2026-01-07 04:57:48,644 - rf_experiment - INFO - Epoch 8 [2200/3687] loss=2.1337[epoch 8] lr=0.000300
2026-01-07 04:58:21,485 - rf_experiment - INFO - Epoch 8 [2250/3687] loss=2.3787[epoch 8] lr=0.000300
2026-01-07 04:58:54,217 - rf_experiment - INFO - Epoch 8 [2300/3687] loss=2.1399[epoch 8] lr=0.000300
2026-01-07 04:59:27,086 - rf_experiment - INFO - Epoch 8 [2350/3687] loss=2.0448[epoch 8] lr=0.000300
2026-01-07 04:59:59,889 - rf_experiment - INFO - Epoch 8 [2400/3687] loss=2.2625[epoch 8] lr=0.000300
2026-01-07 05:00:32,715 - rf_experiment - INFO - Epoch 8 [2450/3687] loss=2.0727[epoch 8] lr=0.000300
2026-01-07 05:01:05,496 - rf_experiment - INFO - Epoch 8 [2500/3687] loss=2.2772[epoch 8] lr=0.000300
2026-01-07 05:01:38,346 - rf_experiment - INFO - Epoch 8 [2550/3687] loss=1.9291[epoch 8] lr=0.000300
2026-01-07 05:02:11,175 - rf_experiment - INFO - Epoch 8 [2600/3687] loss=2.3410[epoch 8] lr=0.000300
2026-01-07 05:02:43,925 - rf_experiment - INFO - Epoch 8 [2650/3687] loss=1.9211[epoch 8] lr=0.000300
2026-01-07 05:03:16,722 - rf_experiment - INFO - Epoch 8 [2700/3687] loss=2.1159[epoch 8] lr=0.000300
2026-01-07 05:03:49,637 - rf_experiment - INFO - Epoch 8 [2750/3687] loss=2.0879[epoch 8] lr=0.000300
2026-01-07 05:04:22,399 - rf_experiment - INFO - Epoch 8 [2800/3687] loss=2.2421[epoch 8] lr=0.000300
2026-01-07 05:04:55,132 - rf_experiment - INFO - Epoch 8 [2850/3687] loss=1.9878[epoch 8] lr=0.000300
2026-01-07 05:05:27,847 - rf_experiment - INFO - Epoch 8 [2900/3687] loss=2.1903[epoch 8] lr=0.000300
2026-01-07 05:06:00,543 - rf_experiment - INFO - Epoch 8 [2950/3687] loss=1.9767[epoch 8] lr=0.000300
2026-01-07 05:06:33,160 - rf_experiment - INFO - Epoch 8 [3000/3687] loss=2.3762[epoch 8] lr=0.000300
2026-01-07 05:07:05,975 - rf_experiment - INFO - Epoch 8 [3050/3687] loss=2.0830[epoch 8] lr=0.000300
2026-01-07 05:07:38,720 - rf_experiment - INFO - Epoch 8 [3100/3687] loss=2.1376[epoch 8] lr=0.000300
2026-01-07 05:08:11,585 - rf_experiment - INFO - Epoch 8 [3150/3687] loss=2.1398[epoch 8] lr=0.000300
2026-01-07 05:08:44,378 - rf_experiment - INFO - Epoch 8 [3200/3687] loss=2.0658[epoch 8] lr=0.000300
2026-01-07 05:09:17,172 - rf_experiment - INFO - Epoch 8 [3250/3687] loss=1.8578[epoch 8] lr=0.000300
2026-01-07 05:09:49,945 - rf_experiment - INFO - Epoch 8 [3300/3687] loss=2.5594[epoch 8] lr=0.000300
2026-01-07 05:10:22,778 - rf_experiment - INFO - Epoch 8 [3350/3687] loss=1.7941[epoch 8] lr=0.000300
2026-01-07 05:10:55,590 - rf_experiment - INFO - Epoch 8 [3400/3687] loss=2.1828[epoch 8] lr=0.000300
2026-01-07 05:11:28,418 - rf_experiment - INFO - Epoch 8 [3450/3687] loss=2.0774[epoch 8] lr=0.000300
2026-01-07 05:12:01,308 - rf_experiment - INFO - Epoch 8 [3500/3687] loss=1.8582[epoch 8] lr=0.000300
2026-01-07 05:12:34,076 - rf_experiment - INFO - Epoch 8 [3550/3687] loss=2.1294[epoch 8] lr=0.000300
2026-01-07 05:13:06,915 - rf_experiment - INFO - Epoch 8 [3600/3687] loss=2.3099[epoch 8] lr=0.000300
2026-01-07 05:13:39,672 - rf_experiment - INFO - Epoch 8 [3650/3687] loss=2.0822[epoch 8] lr=0.000300
2026-01-07 05:14:03,772 - rf_experiment - INFO - [epoch 8] train_loss=2.1656, train_acc=0.3041
2026-01-07 05:15:20,820 - rf_experiment - INFO - [epoch 8] val_loss=2.1713, val_acc=0.3039
2026-01-07 05:15:20,821 - rf_experiment - INFO - [epoch 8] new best val_acc=0.3039
2026-01-07 05:15:20,821 - rf_experiment - INFO - [epoch 9/40] training...
2026-01-07 05:15:53,429 - rf_experiment - INFO - Epoch 9 [50/3687] loss=2.0947[epoch 9] lr=0.000150
2026-01-07 05:16:26,214 - rf_experiment - INFO - Epoch 9 [100/3687] loss=2.1045[epoch 9] lr=0.000150
2026-01-07 05:16:58,990 - rf_experiment - INFO - Epoch 9 [150/3687] loss=2.2613[epoch 9] lr=0.000150
2026-01-07 05:17:31,910 - rf_experiment - INFO - Epoch 9 [200/3687] loss=2.4648[epoch 9] lr=0.000150
2026-01-07 05:18:04,751 - rf_experiment - INFO - Epoch 9 [250/3687] loss=2.0748[epoch 9] lr=0.000150
2026-01-07 05:18:37,564 - rf_experiment - INFO - Epoch 9 [300/3687] loss=2.1416[epoch 9] lr=0.000150
2026-01-07 05:19:10,350 - rf_experiment - INFO - Epoch 9 [350/3687] loss=1.8353[epoch 9] lr=0.000150
2026-01-07 05:19:43,178 - rf_experiment - INFO - Epoch 9 [400/3687] loss=2.0424[epoch 9] lr=0.000150
2026-01-07 05:20:16,021 - rf_experiment - INFO - Epoch 9 [450/3687] loss=2.1853[epoch 9] lr=0.000150
2026-01-07 05:20:48,927 - rf_experiment - INFO - Epoch 9 [500/3687] loss=1.9067[epoch 9] lr=0.000150
2026-01-07 05:21:21,667 - rf_experiment - INFO - Epoch 9 [550/3687] loss=2.1316[epoch 9] lr=0.000150
2026-01-07 05:21:54,403 - rf_experiment - INFO - Epoch 9 [600/3687] loss=2.1958[epoch 9] lr=0.000150
2026-01-07 05:22:27,068 - rf_experiment - INFO - Epoch 9 [650/3687] loss=2.0617[epoch 9] lr=0.000150
2026-01-07 05:22:59,847 - rf_experiment - INFO - Epoch 9 [700/3687] loss=2.2777[epoch 9] lr=0.000150
2026-01-07 05:23:32,610 - rf_experiment - INFO - Epoch 9 [750/3687] loss=1.9275[epoch 9] lr=0.000150
2026-01-07 05:24:05,464 - rf_experiment - INFO - Epoch 9 [800/3687] loss=2.0955[epoch 9] lr=0.000150
2026-01-07 05:24:38,229 - rf_experiment - INFO - Epoch 9 [850/3687] loss=2.1316[epoch 9] lr=0.000150
2026-01-07 05:25:11,082 - rf_experiment - INFO - Epoch 9 [900/3687] loss=2.0306[epoch 9] lr=0.000150
2026-01-07 05:25:43,846 - rf_experiment - INFO - Epoch 9 [950/3687] loss=2.2497[epoch 9] lr=0.000150
2026-01-07 05:26:16,656 - rf_experiment - INFO - Epoch 9 [1000/3687] loss=2.1343[epoch 9] lr=0.000150
2026-01-07 05:26:49,381 - rf_experiment - INFO - Epoch 9 [1050/3687] loss=2.1379[epoch 9] lr=0.000150
2026-01-07 05:27:22,226 - rf_experiment - INFO - Epoch 9 [1100/3687] loss=2.4274[epoch 9] lr=0.000150
2026-01-07 05:27:55,002 - rf_experiment - INFO - Epoch 9 [1150/3687] loss=2.3496[epoch 9] lr=0.000150
2026-01-07 05:28:27,767 - rf_experiment - INFO - Epoch 9 [1200/3687] loss=2.0890[epoch 9] lr=0.000150
2026-01-07 05:29:00,485 - rf_experiment - INFO - Epoch 9 [1250/3687] loss=1.9189[epoch 9] lr=0.000150
2026-01-07 05:29:33,276 - rf_experiment - INFO - Epoch 9 [1300/3687] loss=2.2484[epoch 9] lr=0.000150
2026-01-07 05:30:05,959 - rf_experiment - INFO - Epoch 9 [1350/3687] loss=2.3592[epoch 9] lr=0.000150
2026-01-07 05:30:38,512 - rf_experiment - INFO - Epoch 9 [1400/3687] loss=2.0047[epoch 9] lr=0.000150
2026-01-07 05:31:11,051 - rf_experiment - INFO - Epoch 9 [1450/3687] loss=2.1711[epoch 9] lr=0.000150
2026-01-07 05:31:43,773 - rf_experiment - INFO - Epoch 9 [1500/3687] loss=2.2882[epoch 9] lr=0.000150
2026-01-07 05:32:16,448 - rf_experiment - INFO - Epoch 9 [1550/3687] loss=1.9566[epoch 9] lr=0.000150
2026-01-07 05:32:49,165 - rf_experiment - INFO - Epoch 9 [1600/3687] loss=2.1759[epoch 9] lr=0.000150
2026-01-07 05:33:21,973 - rf_experiment - INFO - Epoch 9 [1650/3687] loss=2.1853[epoch 9] lr=0.000150
2026-01-07 05:33:54,614 - rf_experiment - INFO - Epoch 9 [1700/3687] loss=2.0715[epoch 9] lr=0.000150
2026-01-07 05:34:27,374 - rf_experiment - INFO - Epoch 9 [1750/3687] loss=2.0277[epoch 9] lr=0.000150
2026-01-07 05:35:00,171 - rf_experiment - INFO - Epoch 9 [1800/3687] loss=2.0687[epoch 9] lr=0.000150
2026-01-07 05:35:32,795 - rf_experiment - INFO - Epoch 9 [1850/3687] loss=2.0055[epoch 9] lr=0.000150
2026-01-07 05:36:05,507 - rf_experiment - INFO - Epoch 9 [1900/3687] loss=2.1294[epoch 9] lr=0.000150
2026-01-07 05:36:38,211 - rf_experiment - INFO - Epoch 9 [1950/3687] loss=2.1933[epoch 9] lr=0.000150
2026-01-07 05:37:10,988 - rf_experiment - INFO - Epoch 9 [2000/3687] loss=2.0185[epoch 9] lr=0.000150
2026-01-07 05:37:43,629 - rf_experiment - INFO - Epoch 9 [2050/3687] loss=1.8381[epoch 9] lr=0.000150
2026-01-07 05:38:16,405 - rf_experiment - INFO - Epoch 9 [2100/3687] loss=1.9721[epoch 9] lr=0.000150
2026-01-07 05:38:49,158 - rf_experiment - INFO - Epoch 9 [2150/3687] loss=2.1183[epoch 9] lr=0.000150
2026-01-07 05:39:21,927 - rf_experiment - INFO - Epoch 9 [2200/3687] loss=2.1873[epoch 9] lr=0.000150
2026-01-07 05:39:54,812 - rf_experiment - INFO - Epoch 9 [2250/3687] loss=2.0672[epoch 9] lr=0.000150
2026-01-07 05:40:27,664 - rf_experiment - INFO - Epoch 9 [2300/3687] loss=1.9349[epoch 9] lr=0.000150
2026-01-07 05:41:00,453 - rf_experiment - INFO - Epoch 9 [2350/3687] loss=2.0614[epoch 9] lr=0.000150
2026-01-07 05:41:33,188 - rf_experiment - INFO - Epoch 9 [2400/3687] loss=1.9008[epoch 9] lr=0.000150
2026-01-07 05:42:05,978 - rf_experiment - INFO - Epoch 9 [2450/3687] loss=2.0549[epoch 9] lr=0.000150
2026-01-07 05:42:38,747 - rf_experiment - INFO - Epoch 9 [2500/3687] loss=2.3138[epoch 9] lr=0.000150
2026-01-07 05:43:11,534 - rf_experiment - INFO - Epoch 9 [2550/3687] loss=2.0056[epoch 9] lr=0.000150
2026-01-07 05:43:44,323 - rf_experiment - INFO - Epoch 9 [2600/3687] loss=1.9089[epoch 9] lr=0.000150
2026-01-07 05:44:17,154 - rf_experiment - INFO - Epoch 9 [2650/3687] loss=2.1214[epoch 9] lr=0.000150
2026-01-07 05:44:49,908 - rf_experiment - INFO - Epoch 9 [2700/3687] loss=2.2555[epoch 9] lr=0.000150
2026-01-07 05:45:22,753 - rf_experiment - INFO - Epoch 9 [2750/3687] loss=2.1311[epoch 9] lr=0.000150
2026-01-07 05:45:55,404 - rf_experiment - INFO - Epoch 9 [2800/3687] loss=2.1968[epoch 9] lr=0.000150
2026-01-07 05:46:28,266 - rf_experiment - INFO - Epoch 9 [2850/3687] loss=1.7352[epoch 9] lr=0.000150
2026-01-07 05:47:01,605 - rf_experiment - INFO - Epoch 9 [2900/3687] loss=2.1276[epoch 9] lr=0.000150
2026-01-07 05:47:34,635 - rf_experiment - INFO - Epoch 9 [2950/3687] loss=1.9495[epoch 9] lr=0.000150
2026-01-07 05:48:07,493 - rf_experiment - INFO - Epoch 9 [3000/3687] loss=2.3755[epoch 9] lr=0.000150
2026-01-07 05:48:40,401 - rf_experiment - INFO - Epoch 9 [3050/3687] loss=1.9970[epoch 9] lr=0.000150
2026-01-07 05:49:13,245 - rf_experiment - INFO - Epoch 9 [3100/3687] loss=2.1543[epoch 9] lr=0.000150
2026-01-07 05:49:46,048 - rf_experiment - INFO - Epoch 9 [3150/3687] loss=2.0832[epoch 9] lr=0.000150
2026-01-07 05:50:18,948 - rf_experiment - INFO - Epoch 9 [3200/3687] loss=1.8997[epoch 9] lr=0.000150
2026-01-07 05:50:51,779 - rf_experiment - INFO - Epoch 9 [3250/3687] loss=2.1217[epoch 9] lr=0.000150
2026-01-07 05:51:24,621 - rf_experiment - INFO - Epoch 9 [3300/3687] loss=2.3729[epoch 9] lr=0.000150
2026-01-07 05:51:57,473 - rf_experiment - INFO - Epoch 9 [3350/3687] loss=1.9380[epoch 9] lr=0.000150
2026-01-07 05:52:30,289 - rf_experiment - INFO - Epoch 9 [3400/3687] loss=1.9296[epoch 9] lr=0.000150
2026-01-07 05:53:03,131 - rf_experiment - INFO - Epoch 9 [3450/3687] loss=2.1313[epoch 9] lr=0.000150
2026-01-07 05:53:35,832 - rf_experiment - INFO - Epoch 9 [3500/3687] loss=2.0827[epoch 9] lr=0.000150
2026-01-07 05:54:08,655 - rf_experiment - INFO - Epoch 9 [3550/3687] loss=2.1658[epoch 9] lr=0.000150
2026-01-07 05:54:41,419 - rf_experiment - INFO - Epoch 9 [3600/3687] loss=1.9054[epoch 9] lr=0.000150
2026-01-07 05:55:14,234 - rf_experiment - INFO - Epoch 9 [3650/3687] loss=2.1438[epoch 9] lr=0.000150
2026-01-07 05:55:38,181 - rf_experiment - INFO - [epoch 9] train_loss=2.1302, train_acc=0.3148
2026-01-07 05:56:56,379 - rf_experiment - INFO - [epoch 9] val_loss=2.1462, val_acc=0.3075
2026-01-07 05:56:56,380 - rf_experiment - INFO - [epoch 9] new best val_acc=0.3075
2026-01-07 05:56:56,380 - rf_experiment - INFO - [epoch 10/40] training...
2026-01-07 05:57:29,368 - rf_experiment - INFO - Epoch 10 [50/3687] loss=2.2258[epoch 10] lr=0.000150
2026-01-07 05:58:02,168 - rf_experiment - INFO - Epoch 10 [100/3687] loss=2.2602[epoch 10] lr=0.000150
2026-01-07 05:58:34,976 - rf_experiment - INFO - Epoch 10 [150/3687] loss=2.0948[epoch 10] lr=0.000150
2026-01-07 05:59:07,884 - rf_experiment - INFO - Epoch 10 [200/3687] loss=2.0027[epoch 10] lr=0.000150
2026-01-07 05:59:40,596 - rf_experiment - INFO - Epoch 10 [250/3687] loss=2.1658[epoch 10] lr=0.000150
2026-01-07 06:00:13,420 - rf_experiment - INFO - Epoch 10 [300/3687] loss=1.7363[epoch 10] lr=0.000150
2026-01-07 06:00:46,147 - rf_experiment - INFO - Epoch 10 [350/3687] loss=2.1747[epoch 10] lr=0.000150
2026-01-07 06:01:18,992 - rf_experiment - INFO - Epoch 10 [400/3687] loss=2.1154[epoch 10] lr=0.000150
2026-01-07 06:01:51,792 - rf_experiment - INFO - Epoch 10 [450/3687] loss=2.0554[epoch 10] lr=0.000150
2026-01-07 06:02:24,507 - rf_experiment - INFO - Epoch 10 [500/3687] loss=2.0900[epoch 10] lr=0.000150
2026-01-07 06:02:57,276 - rf_experiment - INFO - Epoch 10 [550/3687] loss=2.1027[epoch 10] lr=0.000150
2026-01-07 06:03:30,067 - rf_experiment - INFO - Epoch 10 [600/3687] loss=2.0191[epoch 10] lr=0.000150
2026-01-07 06:04:02,843 - rf_experiment - INFO - Epoch 10 [650/3687] loss=2.2069[epoch 10] lr=0.000150
2026-01-07 06:04:35,669 - rf_experiment - INFO - Epoch 10 [700/3687] loss=2.0739[epoch 10] lr=0.000150
2026-01-07 06:05:08,398 - rf_experiment - INFO - Epoch 10 [750/3687] loss=2.3487[epoch 10] lr=0.000150
2026-01-07 06:05:41,120 - rf_experiment - INFO - Epoch 10 [800/3687] loss=1.9806[epoch 10] lr=0.000150
2026-01-07 06:06:13,943 - rf_experiment - INFO - Epoch 10 [850/3687] loss=1.9766[epoch 10] lr=0.000150
2026-01-07 06:06:46,758 - rf_experiment - INFO - Epoch 10 [900/3687] loss=1.9684[epoch 10] lr=0.000150
2026-01-07 06:07:19,552 - rf_experiment - INFO - Epoch 10 [950/3687] loss=2.2814[epoch 10] lr=0.000150
2026-01-07 06:07:52,284 - rf_experiment - INFO - Epoch 10 [1000/3687] loss=1.8153[epoch 10] lr=0.000150
2026-01-07 06:08:25,102 - rf_experiment - INFO - Epoch 10 [1050/3687] loss=2.1431[epoch 10] lr=0.000150
2026-01-07 06:08:57,857 - rf_experiment - INFO - Epoch 10 [1100/3687] loss=2.2521[epoch 10] lr=0.000150
2026-01-07 06:09:30,637 - rf_experiment - INFO - Epoch 10 [1150/3687] loss=2.0468[epoch 10] lr=0.000150
2026-01-07 06:10:03,392 - rf_experiment - INFO - Epoch 10 [1200/3687] loss=2.1743[epoch 10] lr=0.000150
2026-01-07 06:10:36,158 - rf_experiment - INFO - Epoch 10 [1250/3687] loss=2.0583[epoch 10] lr=0.000150
2026-01-07 06:11:09,035 - rf_experiment - INFO - Epoch 10 [1300/3687] loss=2.2389[epoch 10] lr=0.000150
2026-01-07 06:11:41,798 - rf_experiment - INFO - Epoch 10 [1350/3687] loss=2.2486[epoch 10] lr=0.000150
2026-01-07 06:12:14,715 - rf_experiment - INFO - Epoch 10 [1400/3687] loss=1.8910[epoch 10] lr=0.000150
2026-01-07 06:12:47,569 - rf_experiment - INFO - Epoch 10 [1450/3687] loss=2.3710[epoch 10] lr=0.000150
2026-01-07 06:13:20,591 - rf_experiment - INFO - Epoch 10 [1500/3687] loss=1.9339[epoch 10] lr=0.000150
2026-01-07 06:13:53,440 - rf_experiment - INFO - Epoch 10 [1550/3687] loss=1.9629[epoch 10] lr=0.000150
2026-01-07 06:14:26,319 - rf_experiment - INFO - Epoch 10 [1600/3687] loss=2.0151[epoch 10] lr=0.000150
2026-01-07 06:14:59,104 - rf_experiment - INFO - Epoch 10 [1650/3687] loss=2.0810[epoch 10] lr=0.000150
2026-01-07 06:15:31,967 - rf_experiment - INFO - Epoch 10 [1700/3687] loss=1.9398[epoch 10] lr=0.000150
2026-01-07 06:16:04,750 - rf_experiment - INFO - Epoch 10 [1750/3687] loss=1.9686[epoch 10] lr=0.000150
2026-01-07 06:16:37,680 - rf_experiment - INFO - Epoch 10 [1800/3687] loss=2.3027[epoch 10] lr=0.000150
2026-01-07 06:17:10,430 - rf_experiment - INFO - Epoch 10 [1850/3687] loss=2.0288[epoch 10] lr=0.000150
2026-01-07 06:17:43,328 - rf_experiment - INFO - Epoch 10 [1900/3687] loss=2.0454[epoch 10] lr=0.000150
2026-01-07 06:18:16,077 - rf_experiment - INFO - Epoch 10 [1950/3687] loss=2.1027[epoch 10] lr=0.000150
2026-01-07 06:18:48,976 - rf_experiment - INFO - Epoch 10 [2000/3687] loss=2.0011[epoch 10] lr=0.000150
2026-01-07 06:19:21,801 - rf_experiment - INFO - Epoch 10 [2050/3687] loss=2.1754[epoch 10] lr=0.000150
2026-01-07 06:19:54,640 - rf_experiment - INFO - Epoch 10 [2100/3687] loss=2.2622[epoch 10] lr=0.000150
2026-01-07 06:20:27,366 - rf_experiment - INFO - Epoch 10 [2150/3687] loss=2.1259[epoch 10] lr=0.000150
2026-01-07 06:21:00,183 - rf_experiment - INFO - Epoch 10 [2200/3687] loss=2.0228[epoch 10] lr=0.000150
2026-01-07 06:21:33,014 - rf_experiment - INFO - Epoch 10 [2250/3687] loss=2.3588[epoch 10] lr=0.000150
2026-01-07 06:22:05,939 - rf_experiment - INFO - Epoch 10 [2300/3687] loss=1.7359[epoch 10] lr=0.000150
2026-01-07 06:22:38,672 - rf_experiment - INFO - Epoch 10 [2350/3687] loss=2.0360[epoch 10] lr=0.000150
2026-01-07 06:23:11,501 - rf_experiment - INFO - Epoch 10 [2400/3687] loss=2.1147[epoch 10] lr=0.000150
2026-01-07 06:23:44,372 - rf_experiment - INFO - Epoch 10 [2450/3687] loss=2.1885[epoch 10] lr=0.000150
2026-01-07 06:24:17,186 - rf_experiment - INFO - Epoch 10 [2500/3687] loss=2.1284[epoch 10] lr=0.000150
2026-01-07 06:24:49,991 - rf_experiment - INFO - Epoch 10 [2550/3687] loss=1.9933[epoch 10] lr=0.000150
2026-01-07 06:25:22,726 - rf_experiment - INFO - Epoch 10 [2600/3687] loss=2.3134[epoch 10] lr=0.000150
2026-01-07 06:25:55,550 - rf_experiment - INFO - Epoch 10 [2650/3687] loss=2.0597[epoch 10] lr=0.000150
2026-01-07 06:26:28,335 - rf_experiment - INFO - Epoch 10 [2700/3687] loss=2.1957[epoch 10] lr=0.000150
2026-01-07 06:27:01,024 - rf_experiment - INFO - Epoch 10 [2750/3687] loss=2.0673[epoch 10] lr=0.000150
2026-01-07 06:27:33,832 - rf_experiment - INFO - Epoch 10 [2800/3687] loss=2.2498[epoch 10] lr=0.000150
2026-01-07 06:28:06,672 - rf_experiment - INFO - Epoch 10 [2850/3687] loss=2.2274[epoch 10] lr=0.000150
2026-01-07 06:28:39,727 - rf_experiment - INFO - Epoch 10 [2900/3687] loss=2.0274[epoch 10] lr=0.000150
2026-01-07 06:29:12,646 - rf_experiment - INFO - Epoch 10 [2950/3687] loss=2.1750[epoch 10] lr=0.000150
2026-01-07 06:29:45,395 - rf_experiment - INFO - Epoch 10 [3000/3687] loss=1.9340[epoch 10] lr=0.000150
2026-01-07 06:30:18,233 - rf_experiment - INFO - Epoch 10 [3050/3687] loss=2.2442[epoch 10] lr=0.000150
2026-01-07 06:30:50,973 - rf_experiment - INFO - Epoch 10 [3100/3687] loss=2.2408[epoch 10] lr=0.000150
2026-01-07 06:31:23,773 - rf_experiment - INFO - Epoch 10 [3150/3687] loss=1.9430[epoch 10] lr=0.000150
2026-01-07 06:31:56,578 - rf_experiment - INFO - Epoch 10 [3200/3687] loss=2.3057[epoch 10] lr=0.000150
2026-01-07 06:32:29,444 - rf_experiment - INFO - Epoch 10 [3250/3687] loss=2.0583[epoch 10] lr=0.000150
2026-01-07 06:33:02,155 - rf_experiment - INFO - Epoch 10 [3300/3687] loss=2.1229[epoch 10] lr=0.000150
2026-01-07 06:33:34,920 - rf_experiment - INFO - Epoch 10 [3350/3687] loss=2.0161[epoch 10] lr=0.000150
2026-01-07 06:34:07,770 - rf_experiment - INFO - Epoch 10 [3400/3687] loss=2.2073[epoch 10] lr=0.000150
2026-01-07 06:34:40,550 - rf_experiment - INFO - Epoch 10 [3450/3687] loss=1.8808[epoch 10] lr=0.000150
2026-01-07 06:35:13,441 - rf_experiment - INFO - Epoch 10 [3500/3687] loss=2.1737[epoch 10] lr=0.000150
2026-01-07 06:35:46,310 - rf_experiment - INFO - Epoch 10 [3550/3687] loss=1.9640[epoch 10] lr=0.000150
2026-01-07 06:36:19,139 - rf_experiment - INFO - Epoch 10 [3600/3687] loss=2.4093[epoch 10] lr=0.000150
2026-01-07 06:36:52,064 - rf_experiment - INFO - Epoch 10 [3650/3687] loss=2.3303[epoch 10] lr=0.000150
2026-01-07 06:37:16,109 - rf_experiment - INFO - [epoch 10] train_loss=2.1228, train_acc=0.3158
2026-01-07 06:38:34,637 - rf_experiment - INFO - [epoch 10] val_loss=2.1313, val_acc=0.3190
2026-01-07 06:38:34,638 - rf_experiment - INFO - [epoch 10] new best val_acc=0.3190
2026-01-07 06:38:34,638 - rf_experiment - INFO - [epoch 11/40] training...
2026-01-07 06:39:07,455 - rf_experiment - INFO - Epoch 11 [50/3687] loss=2.1294[epoch 11] lr=0.000150
2026-01-07 06:39:40,181 - rf_experiment - INFO - Epoch 11 [100/3687] loss=2.1760[epoch 11] lr=0.000150
2026-01-07 06:40:12,847 - rf_experiment - INFO - Epoch 11 [150/3687] loss=1.8333[epoch 11] lr=0.000150
2026-01-07 06:40:45,421 - rf_experiment - INFO - Epoch 11 [200/3687] loss=2.3438[epoch 11] lr=0.000150
2026-01-07 06:41:18,149 - rf_experiment - INFO - Epoch 11 [250/3687] loss=2.1799[epoch 11] lr=0.000150
2026-01-07 06:41:50,950 - rf_experiment - INFO - Epoch 11 [300/3687] loss=1.7772[epoch 11] lr=0.000150
2026-01-07 06:42:23,853 - rf_experiment - INFO - Epoch 11 [350/3687] loss=2.0228[epoch 11] lr=0.000150
2026-01-07 06:42:56,480 - rf_experiment - INFO - Epoch 11 [400/3687] loss=2.3034[epoch 11] lr=0.000150
2026-01-07 06:43:29,196 - rf_experiment - INFO - Epoch 11 [450/3687] loss=2.1429[epoch 11] lr=0.000150
2026-01-07 06:44:01,875 - rf_experiment - INFO - Epoch 11 [500/3687] loss=2.0683[epoch 11] lr=0.000150
2026-01-07 06:44:34,554 - rf_experiment - INFO - Epoch 11 [550/3687] loss=1.9467[epoch 11] lr=0.000150
2026-01-07 06:45:07,201 - rf_experiment - INFO - Epoch 11 [600/3687] loss=2.3314[epoch 11] lr=0.000150
2026-01-07 06:45:39,964 - rf_experiment - INFO - Epoch 11 [650/3687] loss=2.1485[epoch 11] lr=0.000150
2026-01-07 06:46:12,668 - rf_experiment - INFO - Epoch 11 [700/3687] loss=2.1106[epoch 11] lr=0.000150
2026-01-07 06:46:45,364 - rf_experiment - INFO - Epoch 11 [750/3687] loss=1.9805[epoch 11] lr=0.000150
2026-01-07 06:47:18,355 - rf_experiment - INFO - Epoch 11 [800/3687] loss=2.1798[epoch 11] lr=0.000150
2026-01-07 06:47:51,147 - rf_experiment - INFO - Epoch 11 [850/3687] loss=2.2851[epoch 11] lr=0.000150
2026-01-07 06:48:24,029 - rf_experiment - INFO - Epoch 11 [900/3687] loss=1.8975[epoch 11] lr=0.000150
2026-01-07 06:48:56,796 - rf_experiment - INFO - Epoch 11 [950/3687] loss=1.9475[epoch 11] lr=0.000150
2026-01-07 06:49:29,511 - rf_experiment - INFO - Epoch 11 [1000/3687] loss=2.1178[epoch 11] lr=0.000150
2026-01-07 06:50:02,257 - rf_experiment - INFO - Epoch 11 [1050/3687] loss=1.9991[epoch 11] lr=0.000150
2026-01-07 06:50:35,124 - rf_experiment - INFO - Epoch 11 [1100/3687] loss=2.1139[epoch 11] lr=0.000150
2026-01-07 06:51:07,959 - rf_experiment - INFO - Epoch 11 [1150/3687] loss=2.0358[epoch 11] lr=0.000150
2026-01-07 06:51:40,750 - rf_experiment - INFO - Epoch 11 [1200/3687] loss=2.1134[epoch 11] lr=0.000150
2026-01-07 06:52:13,513 - rf_experiment - INFO - Epoch 11 [1250/3687] loss=2.1406[epoch 11] lr=0.000150
2026-01-07 06:52:46,385 - rf_experiment - INFO - Epoch 11 [1300/3687] loss=1.9087[epoch 11] lr=0.000150
2026-01-07 06:53:19,086 - rf_experiment - INFO - Epoch 11 [1350/3687] loss=2.0159[epoch 11] lr=0.000150
2026-01-07 06:53:51,802 - rf_experiment - INFO - Epoch 11 [1400/3687] loss=2.1016[epoch 11] lr=0.000150
2026-01-07 06:54:24,518 - rf_experiment - INFO - Epoch 11 [1450/3687] loss=1.7720[epoch 11] lr=0.000150
2026-01-07 06:54:57,250 - rf_experiment - INFO - Epoch 11 [1500/3687] loss=2.1146[epoch 11] lr=0.000150
2026-01-07 06:55:30,026 - rf_experiment - INFO - Epoch 11 [1550/3687] loss=1.9633[epoch 11] lr=0.000150
2026-01-07 06:56:02,807 - rf_experiment - INFO - Epoch 11 [1600/3687] loss=1.9457[epoch 11] lr=0.000150
2026-01-07 06:56:35,581 - rf_experiment - INFO - Epoch 11 [1650/3687] loss=2.4010[epoch 11] lr=0.000150
2026-01-07 06:57:08,443 - rf_experiment - INFO - Epoch 11 [1700/3687] loss=1.8370[epoch 11] lr=0.000150
2026-01-07 06:57:41,126 - rf_experiment - INFO - Epoch 11 [1750/3687] loss=2.1756[epoch 11] lr=0.000150
2026-01-07 06:58:15,408 - rf_experiment - INFO - Epoch 11 [1800/3687] loss=2.1906[epoch 11] lr=0.000150
2026-01-07 06:58:49,541 - rf_experiment - INFO - Epoch 11 [1850/3687] loss=1.9013[epoch 11] lr=0.000150
2026-01-07 06:59:22,514 - rf_experiment - INFO - Epoch 11 [1900/3687] loss=1.8411[epoch 11] lr=0.000150
2026-01-07 06:59:55,707 - rf_experiment - INFO - Epoch 11 [1950/3687] loss=2.0384[epoch 11] lr=0.000150
2026-01-07 07:00:28,771 - rf_experiment - INFO - Epoch 11 [2000/3687] loss=2.1194[epoch 11] lr=0.000150
2026-01-07 07:01:01,784 - rf_experiment - INFO - Epoch 11 [2050/3687] loss=1.9949[epoch 11] lr=0.000150
2026-01-07 07:01:34,741 - rf_experiment - INFO - Epoch 11 [2100/3687] loss=1.9266[epoch 11] lr=0.000150
2026-01-07 07:02:07,885 - rf_experiment - INFO - Epoch 11 [2150/3687] loss=2.1961[epoch 11] lr=0.000150
2026-01-07 07:02:40,768 - rf_experiment - INFO - Epoch 11 [2200/3687] loss=2.1265[epoch 11] lr=0.000150
2026-01-07 07:03:13,518 - rf_experiment - INFO - Epoch 11 [2250/3687] loss=2.1493[epoch 11] lr=0.000150
2026-01-07 07:03:46,062 - rf_experiment - INFO - Epoch 11 [2300/3687] loss=1.9964[epoch 11] lr=0.000150
2026-01-07 07:04:18,662 - rf_experiment - INFO - Epoch 11 [2350/3687] loss=2.1016[epoch 11] lr=0.000150
2026-01-07 07:04:51,233 - rf_experiment - INFO - Epoch 11 [2400/3687] loss=2.1870[epoch 11] lr=0.000150
2026-01-07 07:05:23,763 - rf_experiment - INFO - Epoch 11 [2450/3687] loss=1.9382[epoch 11] lr=0.000150
2026-01-07 07:05:56,443 - rf_experiment - INFO - Epoch 11 [2500/3687] loss=2.1200[epoch 11] lr=0.000150
2026-01-07 07:06:29,006 - rf_experiment - INFO - Epoch 11 [2550/3687] loss=2.0500[epoch 11] lr=0.000150
2026-01-07 07:07:01,645 - rf_experiment - INFO - Epoch 11 [2600/3687] loss=2.2519[epoch 11] lr=0.000150
2026-01-07 07:07:34,493 - rf_experiment - INFO - Epoch 11 [2650/3687] loss=2.0486[epoch 11] lr=0.000150
2026-01-07 07:08:07,491 - rf_experiment - INFO - Epoch 11 [2700/3687] loss=2.1189[epoch 11] lr=0.000150
2026-01-07 07:08:40,394 - rf_experiment - INFO - Epoch 11 [2750/3687] loss=2.2507[epoch 11] lr=0.000150
2026-01-07 07:09:13,362 - rf_experiment - INFO - Epoch 11 [2800/3687] loss=1.9311[epoch 11] lr=0.000150
2026-01-07 07:09:46,227 - rf_experiment - INFO - Epoch 11 [2850/3687] loss=2.0960[epoch 11] lr=0.000150
2026-01-07 07:10:19,189 - rf_experiment - INFO - Epoch 11 [2900/3687] loss=2.0564[epoch 11] lr=0.000150
2026-01-07 07:10:52,096 - rf_experiment - INFO - Epoch 11 [2950/3687] loss=2.2731[epoch 11] lr=0.000150
2026-01-07 07:11:25,047 - rf_experiment - INFO - Epoch 11 [3000/3687] loss=2.2870[epoch 11] lr=0.000150
2026-01-07 07:11:57,811 - rf_experiment - INFO - Epoch 11 [3050/3687] loss=2.0079[epoch 11] lr=0.000150
2026-01-07 07:12:30,766 - rf_experiment - INFO - Epoch 11 [3100/3687] loss=2.1561[epoch 11] lr=0.000150
2026-01-07 07:13:03,826 - rf_experiment - INFO - Epoch 11 [3150/3687] loss=1.8828[epoch 11] lr=0.000150
2026-01-07 07:13:36,878 - rf_experiment - INFO - Epoch 11 [3200/3687] loss=1.8813[epoch 11] lr=0.000150
2026-01-07 07:14:09,744 - rf_experiment - INFO - Epoch 11 [3250/3687] loss=2.2176[epoch 11] lr=0.000150
2026-01-07 07:14:42,252 - rf_experiment - INFO - Epoch 11 [3300/3687] loss=2.1542[epoch 11] lr=0.000150
2026-01-07 07:15:14,685 - rf_experiment - INFO - Epoch 11 [3350/3687] loss=2.2219[epoch 11] lr=0.000150
2026-01-07 07:15:47,306 - rf_experiment - INFO - Epoch 11 [3400/3687] loss=2.3837[epoch 11] lr=0.000150
2026-01-07 07:16:20,008 - rf_experiment - INFO - Epoch 11 [3450/3687] loss=1.9245[epoch 11] lr=0.000150
2026-01-07 07:16:52,603 - rf_experiment - INFO - Epoch 11 [3500/3687] loss=2.2963[epoch 11] lr=0.000150
2026-01-07 07:17:25,387 - rf_experiment - INFO - Epoch 11 [3550/3687] loss=2.1882[epoch 11] lr=0.000150
2026-01-07 07:17:58,208 - rf_experiment - INFO - Epoch 11 [3600/3687] loss=2.2143[epoch 11] lr=0.000150
2026-01-07 07:18:31,002 - rf_experiment - INFO - Epoch 11 [3650/3687] loss=2.1630[epoch 11] lr=0.000150
2026-01-07 07:18:54,937 - rf_experiment - INFO - [epoch 11] train_loss=2.1179, train_acc=0.3187
2026-01-07 07:20:12,536 - rf_experiment - INFO - [epoch 11] val_loss=2.1239, val_acc=0.3212
2026-01-07 07:20:12,537 - rf_experiment - INFO - [epoch 11] no improvement in val_acc (streak=1)
2026-01-07 07:20:12,537 - rf_experiment - INFO - [epoch 12/40] training...
2026-01-07 07:20:45,198 - rf_experiment - INFO - Epoch 12 [50/3687] loss=1.9656[epoch 12] lr=0.000150
2026-01-07 07:21:17,803 - rf_experiment - INFO - Epoch 12 [100/3687] loss=2.0021[epoch 12] lr=0.000150
2026-01-07 07:21:50,620 - rf_experiment - INFO - Epoch 12 [150/3687] loss=2.3726[epoch 12] lr=0.000150
2026-01-07 07:22:23,368 - rf_experiment - INFO - Epoch 12 [200/3687] loss=2.1439[epoch 12] lr=0.000150
2026-01-07 07:22:56,136 - rf_experiment - INFO - Epoch 12 [250/3687] loss=2.3206[epoch 12] lr=0.000150
2026-01-07 07:23:28,838 - rf_experiment - INFO - Epoch 12 [300/3687] loss=2.1700[epoch 12] lr=0.000150
2026-01-07 07:24:01,643 - rf_experiment - INFO - Epoch 12 [350/3687] loss=2.1524[epoch 12] lr=0.000150
2026-01-07 07:24:34,325 - rf_experiment - INFO - Epoch 12 [400/3687] loss=2.0955[epoch 12] lr=0.000150
2026-01-07 07:25:07,087 - rf_experiment - INFO - Epoch 12 [450/3687] loss=2.0792[epoch 12] lr=0.000150
2026-01-07 07:25:39,760 - rf_experiment - INFO - Epoch 12 [500/3687] loss=2.0955[epoch 12] lr=0.000150
2026-01-07 07:26:12,692 - rf_experiment - INFO - Epoch 12 [550/3687] loss=2.0161[epoch 12] lr=0.000150
2026-01-07 07:26:45,449 - rf_experiment - INFO - Epoch 12 [600/3687] loss=1.9782[epoch 12] lr=0.000150
2026-01-07 07:27:18,297 - rf_experiment - INFO - Epoch 12 [650/3687] loss=2.2460[epoch 12] lr=0.000150
2026-01-07 07:27:51,034 - rf_experiment - INFO - Epoch 12 [700/3687] loss=2.1369[epoch 12] lr=0.000150
2026-01-07 07:28:23,872 - rf_experiment - INFO - Epoch 12 [750/3687] loss=2.1075[epoch 12] lr=0.000150
2026-01-07 07:28:56,546 - rf_experiment - INFO - Epoch 12 [800/3687] loss=1.8408[epoch 12] lr=0.000150
2026-01-07 07:29:29,370 - rf_experiment - INFO - Epoch 12 [850/3687] loss=1.9649[epoch 12] lr=0.000150
2026-01-07 07:30:02,088 - rf_experiment - INFO - Epoch 12 [900/3687] loss=2.3284[epoch 12] lr=0.000150
2026-01-07 07:30:34,953 - rf_experiment - INFO - Epoch 12 [950/3687] loss=2.1416[epoch 12] lr=0.000150
2026-01-07 07:31:07,733 - rf_experiment - INFO - Epoch 12 [1000/3687] loss=1.9400[epoch 12] lr=0.000150
2026-01-07 07:31:40,523 - rf_experiment - INFO - Epoch 12 [1050/3687] loss=2.1567[epoch 12] lr=0.000150
2026-01-07 07:32:13,272 - rf_experiment - INFO - Epoch 12 [1100/3687] loss=2.0560[epoch 12] lr=0.000150
2026-01-07 07:32:46,092 - rf_experiment - INFO - Epoch 12 [1150/3687] loss=2.3923[epoch 12] lr=0.000150
2026-01-07 07:33:18,807 - rf_experiment - INFO - Epoch 12 [1200/3687] loss=2.2205[epoch 12] lr=0.000150
2026-01-07 07:33:51,688 - rf_experiment - INFO - Epoch 12 [1250/3687] loss=2.2120[epoch 12] lr=0.000150
2026-01-07 07:34:24,494 - rf_experiment - INFO - Epoch 12 [1300/3687] loss=2.0411[epoch 12] lr=0.000150
2026-01-07 07:34:57,348 - rf_experiment - INFO - Epoch 12 [1350/3687] loss=2.1993[epoch 12] lr=0.000150
2026-01-07 07:35:30,152 - rf_experiment - INFO - Epoch 12 [1400/3687] loss=1.8148[epoch 12] lr=0.000150
2026-01-07 07:36:02,933 - rf_experiment - INFO - Epoch 12 [1450/3687] loss=2.0156[epoch 12] lr=0.000150
2026-01-07 07:36:35,738 - rf_experiment - INFO - Epoch 12 [1500/3687] loss=2.3083[epoch 12] lr=0.000150
2026-01-07 07:37:08,434 - rf_experiment - INFO - Epoch 12 [1550/3687] loss=1.8188[epoch 12] lr=0.000150
2026-01-07 07:37:41,269 - rf_experiment - INFO - Epoch 12 [1600/3687] loss=2.1828[epoch 12] lr=0.000150
2026-01-07 07:38:14,136 - rf_experiment - INFO - Epoch 12 [1650/3687] loss=2.1979[epoch 12] lr=0.000150
2026-01-07 07:38:46,970 - rf_experiment - INFO - Epoch 12 [1700/3687] loss=1.9604[epoch 12] lr=0.000150
2026-01-07 07:39:19,721 - rf_experiment - INFO - Epoch 12 [1750/3687] loss=1.8721[epoch 12] lr=0.000150
2026-01-07 07:39:52,512 - rf_experiment - INFO - Epoch 12 [1800/3687] loss=2.0735[epoch 12] lr=0.000150
2026-01-07 07:40:25,308 - rf_experiment - INFO - Epoch 12 [1850/3687] loss=2.1189[epoch 12] lr=0.000150
2026-01-07 07:40:58,047 - rf_experiment - INFO - Epoch 12 [1900/3687] loss=2.2170[epoch 12] lr=0.000150
2026-01-07 07:41:30,799 - rf_experiment - INFO - Epoch 12 [1950/3687] loss=2.2685[epoch 12] lr=0.000150
2026-01-07 07:42:03,572 - rf_experiment - INFO - Epoch 12 [2000/3687] loss=2.0709[epoch 12] lr=0.000150
2026-01-07 07:42:36,377 - rf_experiment - INFO - Epoch 12 [2050/3687] loss=2.3613[epoch 12] lr=0.000150
2026-01-07 07:43:09,157 - rf_experiment - INFO - Epoch 12 [2100/3687] loss=1.8908[epoch 12] lr=0.000150
2026-01-07 07:43:41,869 - rf_experiment - INFO - Epoch 12 [2150/3687] loss=2.4711[epoch 12] lr=0.000150
2026-01-07 07:44:14,717 - rf_experiment - INFO - Epoch 12 [2200/3687] loss=2.1781[epoch 12] lr=0.000150
2026-01-07 07:44:47,432 - rf_experiment - INFO - Epoch 12 [2250/3687] loss=2.0752[epoch 12] lr=0.000150
2026-01-07 07:45:20,239 - rf_experiment - INFO - Epoch 12 [2300/3687] loss=2.2504[epoch 12] lr=0.000150
2026-01-07 07:45:53,018 - rf_experiment - INFO - Epoch 12 [2350/3687] loss=2.2892[epoch 12] lr=0.000150
2026-01-07 07:46:25,879 - rf_experiment - INFO - Epoch 12 [2400/3687] loss=1.9474[epoch 12] lr=0.000150
2026-01-07 07:46:58,718 - rf_experiment - INFO - Epoch 12 [2450/3687] loss=2.2739[epoch 12] lr=0.000150
2026-01-07 07:47:31,526 - rf_experiment - INFO - Epoch 12 [2500/3687] loss=2.1926[epoch 12] lr=0.000150
2026-01-07 07:48:04,266 - rf_experiment - INFO - Epoch 12 [2550/3687] loss=2.3445[epoch 12] lr=0.000150
2026-01-07 07:48:37,134 - rf_experiment - INFO - Epoch 12 [2600/3687] loss=2.1124[epoch 12] lr=0.000150
2026-01-07 07:49:09,910 - rf_experiment - INFO - Epoch 12 [2650/3687] loss=2.1537[epoch 12] lr=0.000150
2026-01-07 07:49:42,671 - rf_experiment - INFO - Epoch 12 [2700/3687] loss=2.1862[epoch 12] lr=0.000150
2026-01-07 07:50:15,462 - rf_experiment - INFO - Epoch 12 [2750/3687] loss=2.1792[epoch 12] lr=0.000150
2026-01-07 07:50:48,240 - rf_experiment - INFO - Epoch 12 [2800/3687] loss=2.3687[epoch 12] lr=0.000150
2026-01-07 07:51:20,959 - rf_experiment - INFO - Epoch 12 [2850/3687] loss=2.2336[epoch 12] lr=0.000150
2026-01-07 07:51:53,689 - rf_experiment - INFO - Epoch 12 [2900/3687] loss=2.1916[epoch 12] lr=0.000150
2026-01-07 07:52:26,468 - rf_experiment - INFO - Epoch 12 [2950/3687] loss=2.0561[epoch 12] lr=0.000150
2026-01-07 07:52:59,293 - rf_experiment - INFO - Epoch 12 [3000/3687] loss=2.1026[epoch 12] lr=0.000150
2026-01-07 07:53:31,956 - rf_experiment - INFO - Epoch 12 [3050/3687] loss=2.2425[epoch 12] lr=0.000150
2026-01-07 07:54:04,879 - rf_experiment - INFO - Epoch 12 [3100/3687] loss=2.3061[epoch 12] lr=0.000150
2026-01-07 07:54:37,671 - rf_experiment - INFO - Epoch 12 [3150/3687] loss=2.0197[epoch 12] lr=0.000150
2026-01-07 07:55:10,506 - rf_experiment - INFO - Epoch 12 [3200/3687] loss=2.1298[epoch 12] lr=0.000150
2026-01-07 07:55:43,202 - rf_experiment - INFO - Epoch 12 [3250/3687] loss=2.0084[epoch 12] lr=0.000150
2026-01-07 07:56:18,712 - rf_experiment - INFO - Epoch 12 [3300/3687] loss=2.1378[epoch 12] lr=0.000150
2026-01-07 07:56:52,320 - rf_experiment - INFO - Epoch 12 [3350/3687] loss=2.3167[epoch 12] lr=0.000150
2026-01-07 07:57:25,230 - rf_experiment - INFO - Epoch 12 [3400/3687] loss=2.2749[epoch 12] lr=0.000150
2026-01-07 07:57:58,191 - rf_experiment - INFO - Epoch 12 [3450/3687] loss=2.0165[epoch 12] lr=0.000150
2026-01-07 07:58:30,986 - rf_experiment - INFO - Epoch 12 [3500/3687] loss=2.3854[epoch 12] lr=0.000150
2026-01-07 07:59:03,717 - rf_experiment - INFO - Epoch 12 [3550/3687] loss=1.9924[epoch 12] lr=0.000150
2026-01-07 07:59:42,768 - rf_experiment - INFO - Epoch 12 [3600/3687] loss=2.4664[epoch 12] lr=0.000150
2026-01-07 08:00:26,984 - rf_experiment - INFO - Epoch 12 [3650/3687] loss=1.8846[epoch 12] lr=0.000150
2026-01-07 08:00:57,796 - rf_experiment - INFO - [epoch 12] train_loss=2.1126, train_acc=0.3197
2026-01-07 08:02:51,336 - rf_experiment - INFO - [epoch 12] val_loss=2.1277, val_acc=0.3155
2026-01-07 08:02:51,336 - rf_experiment - INFO - [epoch 12] no improvement in val_acc (streak=2)
2026-01-07 08:02:51,336 - rf_experiment - INFO - [epoch 13/40] training...
2026-01-07 08:03:35,477 - rf_experiment - INFO - Epoch 13 [50/3687] loss=1.9461[epoch 13] lr=0.000150
2026-01-07 08:04:18,172 - rf_experiment - INFO - Epoch 13 [100/3687] loss=2.0238[epoch 13] lr=0.000150
2026-01-07 08:05:01,893 - rf_experiment - INFO - Epoch 13 [150/3687] loss=1.8831[epoch 13] lr=0.000150
2026-01-07 08:05:45,089 - rf_experiment - INFO - Epoch 13 [200/3687] loss=2.2439[epoch 13] lr=0.000150
2026-01-07 08:06:27,635 - rf_experiment - INFO - Epoch 13 [250/3687] loss=2.1530[epoch 13] lr=0.000150
2026-01-07 08:07:10,664 - rf_experiment - INFO - Epoch 13 [300/3687] loss=2.1614[epoch 13] lr=0.000150
2026-01-07 08:07:54,146 - rf_experiment - INFO - Epoch 13 [350/3687] loss=1.9240[epoch 13] lr=0.000150
2026-01-07 08:08:38,457 - rf_experiment - INFO - Epoch 13 [400/3687] loss=2.1291[epoch 13] lr=0.000150
2026-01-07 08:09:21,629 - rf_experiment - INFO - Epoch 13 [450/3687] loss=2.0582[epoch 13] lr=0.000150
2026-01-07 08:10:04,985 - rf_experiment - INFO - Epoch 13 [500/3687] loss=1.8709[epoch 13] lr=0.000150
2026-01-07 08:10:49,222 - rf_experiment - INFO - Epoch 13 [550/3687] loss=1.8779[epoch 13] lr=0.000150
2026-01-07 08:11:31,803 - rf_experiment - INFO - Epoch 13 [600/3687] loss=1.9679[epoch 13] lr=0.000150
2026-01-07 08:12:15,781 - rf_experiment - INFO - Epoch 13 [650/3687] loss=2.2138[epoch 13] lr=0.000150
2026-01-07 08:12:57,971 - rf_experiment - INFO - Epoch 13 [700/3687] loss=2.1357[epoch 13] lr=0.000150
2026-01-07 08:13:40,796 - rf_experiment - INFO - Epoch 13 [750/3687] loss=2.2119[epoch 13] lr=0.000150
2026-01-07 08:14:24,168 - rf_experiment - INFO - Epoch 13 [800/3687] loss=2.3205[epoch 13] lr=0.000150
2026-01-07 08:15:07,488 - rf_experiment - INFO - Epoch 13 [850/3687] loss=1.7983[epoch 13] lr=0.000150
2026-01-07 08:15:50,455 - rf_experiment - INFO - Epoch 13 [900/3687] loss=1.9293[epoch 13] lr=0.000150
2026-01-07 08:16:33,451 - rf_experiment - INFO - Epoch 13 [950/3687] loss=2.0622[epoch 13] lr=0.000150
2026-01-07 08:17:16,110 - rf_experiment - INFO - Epoch 13 [1000/3687] loss=1.9948[epoch 13] lr=0.000150
2026-01-07 08:17:59,815 - rf_experiment - INFO - Epoch 13 [1050/3687] loss=2.0852[epoch 13] lr=0.000150
2026-01-07 08:18:43,045 - rf_experiment - INFO - Epoch 13 [1100/3687] loss=2.2512[epoch 13] lr=0.000150
2026-01-07 08:19:25,217 - rf_experiment - INFO - Epoch 13 [1150/3687] loss=2.1520[epoch 13] lr=0.000150
2026-01-07 08:20:08,143 - rf_experiment - INFO - Epoch 13 [1200/3687] loss=2.2070[epoch 13] lr=0.000150
2026-01-07 08:20:50,915 - rf_experiment - INFO - Epoch 13 [1250/3687] loss=2.2702[epoch 13] lr=0.000150
2026-01-07 08:21:33,896 - rf_experiment - INFO - Epoch 13 [1300/3687] loss=2.0003[epoch 13] lr=0.000150
2026-01-07 08:22:15,840 - rf_experiment - INFO - Epoch 13 [1350/3687] loss=2.1193[epoch 13] lr=0.000150
2026-01-07 08:22:58,929 - rf_experiment - INFO - Epoch 13 [1400/3687] loss=2.0725[epoch 13] lr=0.000150
2026-01-07 08:23:40,689 - rf_experiment - INFO - Epoch 13 [1450/3687] loss=2.2802[epoch 13] lr=0.000150
2026-01-07 08:24:23,068 - rf_experiment - INFO - Epoch 13 [1500/3687] loss=2.0062[epoch 13] lr=0.000150
2026-01-07 08:25:06,940 - rf_experiment - INFO - Epoch 13 [1550/3687] loss=2.3181[epoch 13] lr=0.000150
2026-01-07 08:26:03,653 - rf_experiment - INFO - Epoch 13 [1600/3687] loss=2.2286[epoch 13] lr=0.000150
2026-01-07 08:26:47,449 - rf_experiment - INFO - Epoch 13 [1650/3687] loss=1.8898[epoch 13] lr=0.000150
2026-01-07 08:27:32,174 - rf_experiment - INFO - Epoch 13 [1700/3687] loss=2.0934[epoch 13] lr=0.000150
2026-01-07 08:28:17,299 - rf_experiment - INFO - Epoch 13 [1750/3687] loss=1.8545[epoch 13] lr=0.000150
2026-01-07 08:29:02,108 - rf_experiment - INFO - Epoch 13 [1800/3687] loss=2.0763[epoch 13] lr=0.000150
2026-01-07 08:29:46,905 - rf_experiment - INFO - Epoch 13 [1850/3687] loss=2.2495[epoch 13] lr=0.000150
2026-01-07 08:30:32,369 - rf_experiment - INFO - Epoch 13 [1900/3687] loss=2.2998[epoch 13] lr=0.000150
2026-01-07 08:31:19,301 - rf_experiment - INFO - Epoch 13 [1950/3687] loss=2.2615[epoch 13] lr=0.000150
2026-01-07 08:32:05,215 - rf_experiment - INFO - Epoch 13 [2000/3687] loss=2.2188[epoch 13] lr=0.000150
2026-01-07 08:32:50,774 - rf_experiment - INFO - Epoch 13 [2050/3687] loss=1.8844[epoch 13] lr=0.000150
2026-01-07 08:33:35,723 - rf_experiment - INFO - Epoch 13 [2100/3687] loss=1.5974[epoch 13] lr=0.000150
2026-01-07 08:34:20,558 - rf_experiment - INFO - Epoch 13 [2150/3687] loss=2.3783[epoch 13] lr=0.000150
2026-01-07 08:35:05,596 - rf_experiment - INFO - Epoch 13 [2200/3687] loss=1.7780[epoch 13] lr=0.000150
2026-01-07 08:35:50,353 - rf_experiment - INFO - Epoch 13 [2250/3687] loss=2.2049[epoch 13] lr=0.000150
2026-01-07 08:36:35,075 - rf_experiment - INFO - Epoch 13 [2300/3687] loss=2.0492[epoch 13] lr=0.000150
2026-01-07 08:37:19,398 - rf_experiment - INFO - Epoch 13 [2350/3687] loss=2.3506[epoch 13] lr=0.000150
2026-01-07 08:38:02,198 - rf_experiment - INFO - Epoch 13 [2400/3687] loss=2.1765[epoch 13] lr=0.000150
2026-01-07 08:38:46,774 - rf_experiment - INFO - Epoch 13 [2450/3687] loss=2.0207[epoch 13] lr=0.000150
2026-01-07 08:39:31,630 - rf_experiment - INFO - Epoch 13 [2500/3687] loss=2.3764[epoch 13] lr=0.000150
2026-01-07 08:40:16,447 - rf_experiment - INFO - Epoch 13 [2550/3687] loss=1.6741[epoch 13] lr=0.000150
2026-01-07 08:41:03,090 - rf_experiment - INFO - Epoch 13 [2600/3687] loss=2.0006[epoch 13] lr=0.000150
2026-01-07 08:41:46,853 - rf_experiment - INFO - Epoch 13 [2650/3687] loss=1.9982[epoch 13] lr=0.000150
2026-01-07 08:42:31,909 - rf_experiment - INFO - Epoch 13 [2700/3687] loss=2.2146[epoch 13] lr=0.000150
2026-01-07 08:43:15,999 - rf_experiment - INFO - Epoch 13 [2750/3687] loss=2.3220[epoch 13] lr=0.000150
2026-01-07 08:44:00,318 - rf_experiment - INFO - Epoch 13 [2800/3687] loss=2.3174[epoch 13] lr=0.000150
2026-01-07 08:44:44,811 - rf_experiment - INFO - Epoch 13 [2850/3687] loss=2.1850[epoch 13] lr=0.000150
2026-01-07 08:45:28,894 - rf_experiment - INFO - Epoch 13 [2900/3687] loss=2.2419[epoch 13] lr=0.000150
2026-01-07 08:46:14,844 - rf_experiment - INFO - Epoch 13 [2950/3687] loss=2.1238[epoch 13] lr=0.000150
2026-01-07 08:47:00,507 - rf_experiment - INFO - Epoch 13 [3000/3687] loss=2.4113[epoch 13] lr=0.000150
2026-01-07 08:47:46,233 - rf_experiment - INFO - Epoch 13 [3050/3687] loss=1.8850[epoch 13] lr=0.000150
2026-01-07 08:48:31,260 - rf_experiment - INFO - Epoch 13 [3100/3687] loss=1.9224[epoch 13] lr=0.000150
2026-01-07 08:49:16,455 - rf_experiment - INFO - Epoch 13 [3150/3687] loss=2.3021[epoch 13] lr=0.000150
2026-01-07 08:50:02,612 - rf_experiment - INFO - Epoch 13 [3200/3687] loss=1.7870[epoch 13] lr=0.000150
2026-01-07 08:50:48,172 - rf_experiment - INFO - Epoch 13 [3250/3687] loss=2.0420[epoch 13] lr=0.000150
2026-01-07 08:51:33,771 - rf_experiment - INFO - Epoch 13 [3300/3687] loss=2.0764[epoch 13] lr=0.000150
2026-01-07 08:52:18,845 - rf_experiment - INFO - Epoch 13 [3350/3687] loss=2.3515[epoch 13] lr=0.000150
2026-01-07 08:53:03,510 - rf_experiment - INFO - Epoch 13 [3400/3687] loss=2.2525[epoch 13] lr=0.000150
2026-01-07 08:53:48,316 - rf_experiment - INFO - Epoch 13 [3450/3687] loss=2.0815[epoch 13] lr=0.000150
2026-01-07 08:54:32,584 - rf_experiment - INFO - Epoch 13 [3500/3687] loss=2.0213[epoch 13] lr=0.000150
2026-01-07 08:55:17,272 - rf_experiment - INFO - Epoch 13 [3550/3687] loss=2.0737[epoch 13] lr=0.000150
2026-01-07 08:56:00,399 - rf_experiment - INFO - Epoch 13 [3600/3687] loss=1.9997[epoch 13] lr=0.000150
2026-01-07 08:56:44,775 - rf_experiment - INFO - Epoch 13 [3650/3687] loss=2.1942[epoch 13] lr=0.000150
2026-01-07 08:57:17,092 - rf_experiment - INFO - [epoch 13] train_loss=2.1078, train_acc=0.3211
2026-01-07 08:59:22,088 - rf_experiment - INFO - [epoch 13] val_loss=2.1078, val_acc=0.3222
2026-01-07 08:59:22,089 - rf_experiment - INFO - [epoch 13] new best val_acc=0.3222
2026-01-07 08:59:22,089 - rf_experiment - INFO - [epoch 14/40] training...
2026-01-07 08:59:56,473 - rf_experiment - INFO - Epoch 14 [50/3687] loss=1.9006[epoch 14] lr=0.000150
2026-01-07 09:00:29,446 - rf_experiment - INFO - Epoch 14 [100/3687] loss=1.9357[epoch 14] lr=0.000150
2026-01-07 09:01:02,204 - rf_experiment - INFO - Epoch 14 [150/3687] loss=2.1680[epoch 14] lr=0.000150
2026-01-07 09:01:35,602 - rf_experiment - INFO - Epoch 14 [200/3687] loss=2.2187[epoch 14] lr=0.000150
2026-01-07 09:02:08,482 - rf_experiment - INFO - Epoch 14 [250/3687] loss=1.9397[epoch 14] lr=0.000150
2026-01-07 09:02:41,398 - rf_experiment - INFO - Epoch 14 [300/3687] loss=2.5204[epoch 14] lr=0.000150
2026-01-07 09:03:14,414 - rf_experiment - INFO - Epoch 14 [350/3687] loss=2.1362[epoch 14] lr=0.000150
2026-01-07 09:03:46,991 - rf_experiment - INFO - Epoch 14 [400/3687] loss=2.1968[epoch 14] lr=0.000150
2026-01-07 09:04:19,776 - rf_experiment - INFO - Epoch 14 [450/3687] loss=2.1302[epoch 14] lr=0.000150
2026-01-07 09:04:52,063 - rf_experiment - INFO - Epoch 14 [500/3687] loss=1.8442[epoch 14] lr=0.000150
2026-01-07 09:05:24,560 - rf_experiment - INFO - Epoch 14 [550/3687] loss=2.0761[epoch 14] lr=0.000150
2026-01-07 09:05:57,066 - rf_experiment - INFO - Epoch 14 [600/3687] loss=2.1499[epoch 14] lr=0.000150
2026-01-07 09:06:30,250 - rf_experiment - INFO - Epoch 14 [650/3687] loss=2.4061[epoch 14] lr=0.000150
2026-01-07 09:07:03,081 - rf_experiment - INFO - Epoch 14 [700/3687] loss=2.1009[epoch 14] lr=0.000150
2026-01-07 09:07:35,435 - rf_experiment - INFO - Epoch 14 [750/3687] loss=2.1164[epoch 14] lr=0.000150
2026-01-07 09:08:07,791 - rf_experiment - INFO - Epoch 14 [800/3687] loss=2.1778[epoch 14] lr=0.000150
2026-01-07 09:08:47,565 - rf_experiment - INFO - Epoch 14 [850/3687] loss=2.0101[epoch 14] lr=0.000150
2026-01-07 09:09:31,538 - rf_experiment - INFO - Epoch 14 [900/3687] loss=2.0972[epoch 14] lr=0.000150
2026-01-07 09:10:15,728 - rf_experiment - INFO - Epoch 14 [950/3687] loss=2.2573[epoch 14] lr=0.000150
2026-01-07 09:11:00,513 - rf_experiment - INFO - Epoch 14 [1000/3687] loss=2.2534[epoch 14] lr=0.000150
2026-01-07 09:11:45,077 - rf_experiment - INFO - Epoch 14 [1050/3687] loss=1.9123[epoch 14] lr=0.000150
2026-01-07 09:12:28,905 - rf_experiment - INFO - Epoch 14 [1100/3687] loss=1.8073[epoch 14] lr=0.000150
2026-01-07 09:13:13,651 - rf_experiment - INFO - Epoch 14 [1150/3687] loss=2.3006[epoch 14] lr=0.000150
2026-01-07 09:13:57,901 - rf_experiment - INFO - Epoch 14 [1200/3687] loss=2.1564[epoch 14] lr=0.000150
2026-01-07 09:14:41,633 - rf_experiment - INFO - Epoch 14 [1250/3687] loss=1.7334[epoch 14] lr=0.000150
2026-01-07 09:15:24,484 - rf_experiment - INFO - Epoch 14 [1300/3687] loss=1.9409[epoch 14] lr=0.000150
2026-01-07 09:16:08,289 - rf_experiment - INFO - Epoch 14 [1350/3687] loss=2.0104[epoch 14] lr=0.000150
2026-01-07 09:16:52,599 - rf_experiment - INFO - Epoch 14 [1400/3687] loss=1.9637[epoch 14] lr=0.000150
2026-01-07 09:17:36,720 - rf_experiment - INFO - Epoch 14 [1450/3687] loss=2.2256[epoch 14] lr=0.000150
2026-01-07 09:18:21,523 - rf_experiment - INFO - Epoch 14 [1500/3687] loss=1.8677[epoch 14] lr=0.000150
2026-01-07 09:19:04,615 - rf_experiment - INFO - Epoch 14 [1550/3687] loss=2.4510[epoch 14] lr=0.000150
2026-01-07 09:19:48,677 - rf_experiment - INFO - Epoch 14 [1600/3687] loss=1.9019[epoch 14] lr=0.000150
2026-01-07 09:20:32,773 - rf_experiment - INFO - Epoch 14 [1650/3687] loss=1.9973[epoch 14] lr=0.000150
2026-01-07 09:21:16,558 - rf_experiment - INFO - Epoch 14 [1700/3687] loss=2.0725[epoch 14] lr=0.000150
2026-01-07 09:22:00,823 - rf_experiment - INFO - Epoch 14 [1750/3687] loss=2.0575[epoch 14] lr=0.000150
2026-01-07 09:22:44,344 - rf_experiment - INFO - Epoch 14 [1800/3687] loss=2.3895[epoch 14] lr=0.000150
2026-01-07 09:23:28,580 - rf_experiment - INFO - Epoch 14 [1850/3687] loss=1.9476[epoch 14] lr=0.000150
2026-01-07 09:24:13,026 - rf_experiment - INFO - Epoch 14 [1900/3687] loss=2.2353[epoch 14] lr=0.000150
2026-01-07 09:24:57,285 - rf_experiment - INFO - Epoch 14 [1950/3687] loss=2.1858[epoch 14] lr=0.000150
2026-01-07 09:25:40,750 - rf_experiment - INFO - Epoch 14 [2000/3687] loss=2.2557[epoch 14] lr=0.000150
2026-01-07 09:26:23,427 - rf_experiment - INFO - Epoch 14 [2050/3687] loss=1.9700[epoch 14] lr=0.000150
2026-01-07 09:27:06,735 - rf_experiment - INFO - Epoch 14 [2100/3687] loss=2.0408[epoch 14] lr=0.000150
2026-01-07 09:27:51,006 - rf_experiment - INFO - Epoch 14 [2150/3687] loss=1.9346[epoch 14] lr=0.000150
2026-01-07 09:28:35,189 - rf_experiment - INFO - Epoch 14 [2200/3687] loss=2.2092[epoch 14] lr=0.000150
2026-01-07 09:29:19,258 - rf_experiment - INFO - Epoch 14 [2250/3687] loss=2.1725[epoch 14] lr=0.000150
2026-01-07 09:30:02,346 - rf_experiment - INFO - Epoch 14 [2300/3687] loss=2.0128[epoch 14] lr=0.000150
2026-01-07 09:30:45,619 - rf_experiment - INFO - Epoch 14 [2350/3687] loss=2.0076[epoch 14] lr=0.000150
2026-01-07 09:31:28,264 - rf_experiment - INFO - Epoch 14 [2400/3687] loss=2.0385[epoch 14] lr=0.000150
2026-01-07 09:32:12,590 - rf_experiment - INFO - Epoch 14 [2450/3687] loss=2.2251[epoch 14] lr=0.000150
2026-01-07 09:32:55,712 - rf_experiment - INFO - Epoch 14 [2500/3687] loss=2.2737[epoch 14] lr=0.000150
2026-01-07 09:33:39,751 - rf_experiment - INFO - Epoch 14 [2550/3687] loss=2.0638[epoch 14] lr=0.000150
2026-01-07 09:34:23,949 - rf_experiment - INFO - Epoch 14 [2600/3687] loss=2.1035[epoch 14] lr=0.000150
2026-01-07 09:35:08,336 - rf_experiment - INFO - Epoch 14 [2650/3687] loss=1.9251[epoch 14] lr=0.000150
2026-01-07 09:35:52,936 - rf_experiment - INFO - Epoch 14 [2700/3687] loss=2.1166[epoch 14] lr=0.000150
2026-01-07 09:36:36,546 - rf_experiment - INFO - Epoch 14 [2750/3687] loss=1.8769[epoch 14] lr=0.000150
2026-01-07 09:37:20,658 - rf_experiment - INFO - Epoch 14 [2800/3687] loss=2.2737[epoch 14] lr=0.000150
2026-01-07 09:38:04,504 - rf_experiment - INFO - Epoch 14 [2850/3687] loss=2.1062[epoch 14] lr=0.000150
2026-01-07 09:38:48,779 - rf_experiment - INFO - Epoch 14 [2900/3687] loss=2.4599[epoch 14] lr=0.000150
2026-01-07 09:39:31,456 - rf_experiment - INFO - Epoch 14 [2950/3687] loss=2.0794[epoch 14] lr=0.000150
2026-01-07 09:40:14,333 - rf_experiment - INFO - Epoch 14 [3000/3687] loss=2.2456[epoch 14] lr=0.000150
2026-01-07 09:40:58,214 - rf_experiment - INFO - Epoch 14 [3050/3687] loss=1.9404[epoch 14] lr=0.000150
2026-01-07 09:41:42,606 - rf_experiment - INFO - Epoch 14 [3100/3687] loss=2.2910[epoch 14] lr=0.000150
2026-01-07 09:42:26,527 - rf_experiment - INFO - Epoch 14 [3150/3687] loss=2.0851[epoch 14] lr=0.000150
2026-01-07 09:43:10,066 - rf_experiment - INFO - Epoch 14 [3200/3687] loss=1.9497[epoch 14] lr=0.000150
2026-01-07 09:43:53,067 - rf_experiment - INFO - Epoch 14 [3250/3687] loss=2.0815[epoch 14] lr=0.000150
2026-01-07 09:44:37,049 - rf_experiment - INFO - Epoch 14 [3300/3687] loss=2.0755[epoch 14] lr=0.000150
2026-01-07 09:45:21,141 - rf_experiment - INFO - Epoch 14 [3350/3687] loss=1.8524[epoch 14] lr=0.000150
2026-01-07 09:46:05,157 - rf_experiment - INFO - Epoch 14 [3400/3687] loss=2.1402[epoch 14] lr=0.000150
2026-01-07 09:46:48,650 - rf_experiment - INFO - Epoch 14 [3450/3687] loss=1.9380[epoch 14] lr=0.000150
2026-01-07 09:47:32,458 - rf_experiment - INFO - Epoch 14 [3500/3687] loss=1.9880[epoch 14] lr=0.000150
2026-01-07 09:48:16,621 - rf_experiment - INFO - Epoch 14 [3550/3687] loss=2.3002[epoch 14] lr=0.000150
2026-01-07 09:49:00,357 - rf_experiment - INFO - Epoch 14 [3600/3687] loss=2.2083[epoch 14] lr=0.000150
2026-01-07 09:49:43,970 - rf_experiment - INFO - Epoch 14 [3650/3687] loss=2.3026[epoch 14] lr=0.000150
2026-01-07 09:50:15,438 - rf_experiment - INFO - [epoch 14] train_loss=2.1028, train_acc=0.3239
2026-01-07 09:52:07,447 - rf_experiment - INFO - [epoch 14] val_loss=2.1126, val_acc=0.3179
2026-01-07 09:52:07,448 - rf_experiment - INFO - [epoch 14] no improvement in val_acc (streak=1)
2026-01-07 09:52:07,448 - rf_experiment - INFO - [epoch 15/40] training...
2026-01-07 09:52:51,754 - rf_experiment - INFO - Epoch 15 [50/3687] loss=2.0439[epoch 15] lr=0.000150
2026-01-07 09:53:34,383 - rf_experiment - INFO - Epoch 15 [100/3687] loss=2.1053[epoch 15] lr=0.000150
2026-01-07 09:54:17,126 - rf_experiment - INFO - Epoch 15 [150/3687] loss=1.9096[epoch 15] lr=0.000150
2026-01-07 09:55:01,500 - rf_experiment - INFO - Epoch 15 [200/3687] loss=2.0695[epoch 15] lr=0.000150
2026-01-07 09:55:45,657 - rf_experiment - INFO - Epoch 15 [250/3687] loss=1.9017[epoch 15] lr=0.000150
2026-01-07 09:56:28,705 - rf_experiment - INFO - Epoch 15 [300/3687] loss=2.1249[epoch 15] lr=0.000150
2026-01-07 09:57:11,957 - rf_experiment - INFO - Epoch 15 [350/3687] loss=1.9553[epoch 15] lr=0.000150
2026-01-07 09:57:54,683 - rf_experiment - INFO - Epoch 15 [400/3687] loss=1.8482[epoch 15] lr=0.000150
2026-01-07 09:58:38,212 - rf_experiment - INFO - Epoch 15 [450/3687] loss=2.0405[epoch 15] lr=0.000150
2026-01-07 09:59:21,357 - rf_experiment - INFO - Epoch 15 [500/3687] loss=2.0309[epoch 15] lr=0.000150
2026-01-07 10:00:03,342 - rf_experiment - INFO - Epoch 15 [550/3687] loss=2.1405[epoch 15] lr=0.000150
2026-01-07 10:00:45,800 - rf_experiment - INFO - Epoch 15 [600/3687] loss=2.3946[epoch 15] lr=0.000150
2026-01-07 10:01:29,434 - rf_experiment - INFO - Epoch 15 [650/3687] loss=2.1347[epoch 15] lr=0.000150
2026-01-07 10:02:12,964 - rf_experiment - INFO - Epoch 15 [700/3687] loss=2.0239[epoch 15] lr=0.000150
2026-01-07 10:02:57,210 - rf_experiment - INFO - Epoch 15 [750/3687] loss=2.1544[epoch 15] lr=0.000150
2026-01-07 10:03:40,750 - rf_experiment - INFO - Epoch 15 [800/3687] loss=2.0534[epoch 15] lr=0.000150
2026-01-07 10:04:23,693 - rf_experiment - INFO - Epoch 15 [850/3687] loss=2.2130[epoch 15] lr=0.000150
2026-01-07 10:05:07,817 - rf_experiment - INFO - Epoch 15 [900/3687] loss=2.1704[epoch 15] lr=0.000150
2026-01-07 10:05:52,165 - rf_experiment - INFO - Epoch 15 [950/3687] loss=2.1251[epoch 15] lr=0.000150
2026-01-07 10:06:36,423 - rf_experiment - INFO - Epoch 15 [1000/3687] loss=1.9173[epoch 15] lr=0.000150
2026-01-07 10:07:20,475 - rf_experiment - INFO - Epoch 15 [1050/3687] loss=2.1639[epoch 15] lr=0.000150
2026-01-07 10:08:03,962 - rf_experiment - INFO - Epoch 15 [1100/3687] loss=1.9844[epoch 15] lr=0.000150
2026-01-07 10:08:48,175 - rf_experiment - INFO - Epoch 15 [1150/3687] loss=2.0668[epoch 15] lr=0.000150
2026-01-07 10:09:32,407 - rf_experiment - INFO - Epoch 15 [1200/3687] loss=1.8651[epoch 15] lr=0.000150
2026-01-07 10:10:16,737 - rf_experiment - INFO - Epoch 15 [1250/3687] loss=2.0158[epoch 15] lr=0.000150
2026-01-07 10:10:59,320 - rf_experiment - INFO - Epoch 15 [1300/3687] loss=2.2342[epoch 15] lr=0.000150
2026-01-07 10:11:41,787 - rf_experiment - INFO - Epoch 15 [1350/3687] loss=1.8597[epoch 15] lr=0.000150
2026-01-07 10:12:25,186 - rf_experiment - INFO - Epoch 15 [1400/3687] loss=1.9513[epoch 15] lr=0.000150
2026-01-07 10:13:09,546 - rf_experiment - INFO - Epoch 15 [1450/3687] loss=1.9944[epoch 15] lr=0.000150
2026-01-07 10:13:53,977 - rf_experiment - INFO - Epoch 15 [1500/3687] loss=2.1094[epoch 15] lr=0.000150
2026-01-07 10:14:36,845 - rf_experiment - INFO - Epoch 15 [1550/3687] loss=2.0982[epoch 15] lr=0.000150
2026-01-07 10:15:19,124 - rf_experiment - INFO - Epoch 15 [1600/3687] loss=2.4408[epoch 15] lr=0.000150
2026-01-07 10:16:02,241 - rf_experiment - INFO - Epoch 15 [1650/3687] loss=2.2690[epoch 15] lr=0.000150
2026-01-07 10:16:44,603 - rf_experiment - INFO - Epoch 15 [1700/3687] loss=2.2079[epoch 15] lr=0.000150
2026-01-07 10:17:29,077 - rf_experiment - INFO - Epoch 15 [1750/3687] loss=2.2343[epoch 15] lr=0.000150
2026-01-07 10:18:12,376 - rf_experiment - INFO - Epoch 15 [1800/3687] loss=1.7582[epoch 15] lr=0.000150
2026-01-07 10:18:56,691 - rf_experiment - INFO - Epoch 15 [1850/3687] loss=2.0004[epoch 15] lr=0.000150
2026-01-07 10:19:41,172 - rf_experiment - INFO - Epoch 15 [1900/3687] loss=2.1911[epoch 15] lr=0.000150
2026-01-07 10:20:25,466 - rf_experiment - INFO - Epoch 15 [1950/3687] loss=2.2666[epoch 15] lr=0.000150
2026-01-07 10:21:09,783 - rf_experiment - INFO - Epoch 15 [2000/3687] loss=2.2453[epoch 15] lr=0.000150
2026-01-07 10:21:51,852 - rf_experiment - INFO - Epoch 15 [2050/3687] loss=2.0817[epoch 15] lr=0.000150
2026-01-07 10:22:25,974 - rf_experiment - INFO - Epoch 15 [2100/3687] loss=2.1234[epoch 15] lr=0.000150
2026-01-07 10:22:58,689 - rf_experiment - INFO - Epoch 15 [2150/3687] loss=2.2489[epoch 15] lr=0.000150
2026-01-07 10:23:31,458 - rf_experiment - INFO - Epoch 15 [2200/3687] loss=2.2939[epoch 15] lr=0.000150
2026-01-07 10:24:04,573 - rf_experiment - INFO - Epoch 15 [2250/3687] loss=2.5128[epoch 15] lr=0.000150
2026-01-07 10:24:37,633 - rf_experiment - INFO - Epoch 15 [2300/3687] loss=2.1814[epoch 15] lr=0.000150
2026-01-07 10:25:10,611 - rf_experiment - INFO - Epoch 15 [2350/3687] loss=2.1394[epoch 15] lr=0.000150
2026-01-07 10:25:43,584 - rf_experiment - INFO - Epoch 15 [2400/3687] loss=1.9810[epoch 15] lr=0.000150
2026-01-07 10:26:16,633 - rf_experiment - INFO - Epoch 15 [2450/3687] loss=2.0755[epoch 15] lr=0.000150
2026-01-07 10:26:49,544 - rf_experiment - INFO - Epoch 15 [2500/3687] loss=2.0929[epoch 15] lr=0.000150
2026-01-07 10:27:22,333 - rf_experiment - INFO - Epoch 15 [2550/3687] loss=1.8087[epoch 15] lr=0.000150
2026-01-07 10:27:54,904 - rf_experiment - INFO - Epoch 15 [2600/3687] loss=2.1480[epoch 15] lr=0.000150
2026-01-07 10:28:27,376 - rf_experiment - INFO - Epoch 15 [2650/3687] loss=2.1230[epoch 15] lr=0.000150
2026-01-07 10:28:59,937 - rf_experiment - INFO - Epoch 15 [2700/3687] loss=1.8382[epoch 15] lr=0.000150
2026-01-07 10:29:32,378 - rf_experiment - INFO - Epoch 15 [2750/3687] loss=2.3000[epoch 15] lr=0.000150
2026-01-07 10:30:04,891 - rf_experiment - INFO - Epoch 15 [2800/3687] loss=1.7913[epoch 15] lr=0.000150
2026-01-07 10:30:37,793 - rf_experiment - INFO - Epoch 15 [2850/3687] loss=2.5287[epoch 15] lr=0.000150
2026-01-07 10:31:10,763 - rf_experiment - INFO - Epoch 15 [2900/3687] loss=1.9631[epoch 15] lr=0.000150
2026-01-07 10:31:43,521 - rf_experiment - INFO - Epoch 15 [2950/3687] loss=2.0434[epoch 15] lr=0.000150
2026-01-07 10:32:16,559 - rf_experiment - INFO - Epoch 15 [3000/3687] loss=2.1544[epoch 15] lr=0.000150
2026-01-07 10:32:49,531 - rf_experiment - INFO - Epoch 15 [3050/3687] loss=2.0042[epoch 15] lr=0.000150
2026-01-07 10:33:22,361 - rf_experiment - INFO - Epoch 15 [3100/3687] loss=2.1860[epoch 15] lr=0.000150
2026-01-07 10:33:55,168 - rf_experiment - INFO - Epoch 15 [3150/3687] loss=2.2665[epoch 15] lr=0.000150
2026-01-07 10:34:28,007 - rf_experiment - INFO - Epoch 15 [3200/3687] loss=2.0420[epoch 15] lr=0.000150
2026-01-07 10:35:00,865 - rf_experiment - INFO - Epoch 15 [3250/3687] loss=1.8868[epoch 15] lr=0.000150
2026-01-07 10:35:33,688 - rf_experiment - INFO - Epoch 15 [3300/3687] loss=1.9321[epoch 15] lr=0.000150
2026-01-07 10:36:06,709 - rf_experiment - INFO - Epoch 15 [3350/3687] loss=2.0062[epoch 15] lr=0.000150
2026-01-07 10:36:39,513 - rf_experiment - INFO - Epoch 15 [3400/3687] loss=2.0645[epoch 15] lr=0.000150
2026-01-07 10:37:12,420 - rf_experiment - INFO - Epoch 15 [3450/3687] loss=2.3391[epoch 15] lr=0.000150
2026-01-07 10:37:45,329 - rf_experiment - INFO - Epoch 15 [3500/3687] loss=2.0604[epoch 15] lr=0.000150
2026-01-07 10:38:18,322 - rf_experiment - INFO - Epoch 15 [3550/3687] loss=2.1983[epoch 15] lr=0.000150
2026-01-07 10:38:51,091 - rf_experiment - INFO - Epoch 15 [3600/3687] loss=2.4132[epoch 15] lr=0.000150
2026-01-07 10:39:23,907 - rf_experiment - INFO - Epoch 15 [3650/3687] loss=2.2823[epoch 15] lr=0.000150
2026-01-07 10:39:47,936 - rf_experiment - INFO - [epoch 15] train_loss=2.0994, train_acc=0.3245
2026-01-07 10:41:07,804 - rf_experiment - INFO - [epoch 15] val_loss=2.1067, val_acc=0.3248
2026-01-07 10:41:07,805 - rf_experiment - INFO - [epoch 15] no improvement in val_acc (streak=2)
2026-01-07 10:41:07,805 - rf_experiment - INFO - [epoch 16/40] training...
2026-01-07 10:41:40,129 - rf_experiment - INFO - Epoch 16 [50/3687] loss=2.2340[epoch 16] lr=0.000150
2026-01-07 10:42:12,509 - rf_experiment - INFO - Epoch 16 [100/3687] loss=1.9773[epoch 16] lr=0.000150
2026-01-07 10:42:44,762 - rf_experiment - INFO - Epoch 16 [150/3687] loss=2.1067[epoch 16] lr=0.000150
2026-01-07 10:43:17,536 - rf_experiment - INFO - Epoch 16 [200/3687] loss=1.9272[epoch 16] lr=0.000150
2026-01-07 10:43:50,109 - rf_experiment - INFO - Epoch 16 [250/3687] loss=2.0396[epoch 16] lr=0.000150
2026-01-07 10:44:22,597 - rf_experiment - INFO - Epoch 16 [300/3687] loss=2.1583[epoch 16] lr=0.000150
2026-01-07 10:44:58,432 - rf_experiment - INFO - Epoch 16 [350/3687] loss=1.9573[epoch 16] lr=0.000150
2026-01-07 10:45:34,488 - rf_experiment - INFO - Epoch 16 [400/3687] loss=2.1191[epoch 16] lr=0.000150
2026-01-07 10:46:10,438 - rf_experiment - INFO - Epoch 16 [450/3687] loss=2.2407[epoch 16] lr=0.000150
2026-01-07 10:46:46,358 - rf_experiment - INFO - Epoch 16 [500/3687] loss=1.9791[epoch 16] lr=0.000150
2026-01-07 10:47:22,241 - rf_experiment - INFO - Epoch 16 [550/3687] loss=1.6497[epoch 16] lr=0.000150
2026-01-07 10:47:58,009 - rf_experiment - INFO - Epoch 16 [600/3687] loss=2.0134[epoch 16] lr=0.000150
2026-01-07 10:48:31,706 - rf_experiment - INFO - Epoch 16 [650/3687] loss=2.2700[epoch 16] lr=0.000150
2026-01-07 10:49:04,551 - rf_experiment - INFO - Epoch 16 [700/3687] loss=2.0298[epoch 16] lr=0.000150
2026-01-07 10:49:37,473 - rf_experiment - INFO - Epoch 16 [750/3687] loss=2.0622[epoch 16] lr=0.000150
2026-01-07 10:50:10,409 - rf_experiment - INFO - Epoch 16 [800/3687] loss=2.2461[epoch 16] lr=0.000150
2026-01-07 10:50:43,299 - rf_experiment - INFO - Epoch 16 [850/3687] loss=1.9973[epoch 16] lr=0.000150
2026-01-07 10:51:16,300 - rf_experiment - INFO - Epoch 16 [900/3687] loss=1.8747[epoch 16] lr=0.000150
2026-01-07 10:51:48,968 - rf_experiment - INFO - Epoch 16 [950/3687] loss=1.9215[epoch 16] lr=0.000150
2026-01-07 10:52:21,384 - rf_experiment - INFO - Epoch 16 [1000/3687] loss=2.2232[epoch 16] lr=0.000150
2026-01-07 10:52:53,961 - rf_experiment - INFO - Epoch 16 [1050/3687] loss=1.8857[epoch 16] lr=0.000150
2026-01-07 10:53:27,056 - rf_experiment - INFO - Epoch 16 [1100/3687] loss=2.2367[epoch 16] lr=0.000150
2026-01-07 10:54:00,042 - rf_experiment - INFO - Epoch 16 [1150/3687] loss=2.1745[epoch 16] lr=0.000150
2026-01-07 10:54:32,987 - rf_experiment - INFO - Epoch 16 [1200/3687] loss=2.1021[epoch 16] lr=0.000150
2026-01-07 10:55:05,869 - rf_experiment - INFO - Epoch 16 [1250/3687] loss=2.0463[epoch 16] lr=0.000150
2026-01-07 10:55:38,872 - rf_experiment - INFO - Epoch 16 [1300/3687] loss=1.8765[epoch 16] lr=0.000150
2026-01-07 10:56:11,754 - rf_experiment - INFO - Epoch 16 [1350/3687] loss=2.0684[epoch 16] lr=0.000150
2026-01-07 10:56:44,583 - rf_experiment - INFO - Epoch 16 [1400/3687] loss=1.8764[epoch 16] lr=0.000150
2026-01-07 10:57:17,239 - rf_experiment - INFO - Epoch 16 [1450/3687] loss=1.9541[epoch 16] lr=0.000150
2026-01-07 10:57:49,662 - rf_experiment - INFO - Epoch 16 [1500/3687] loss=1.9547[epoch 16] lr=0.000150
2026-01-07 10:58:22,239 - rf_experiment - INFO - Epoch 16 [1550/3687] loss=1.9890[epoch 16] lr=0.000150
2026-01-07 10:58:55,035 - rf_experiment - INFO - Epoch 16 [1600/3687] loss=2.2673[epoch 16] lr=0.000150
2026-01-07 10:59:27,991 - rf_experiment - INFO - Epoch 16 [1650/3687] loss=1.9014[epoch 16] lr=0.000150
2026-01-07 11:00:00,941 - rf_experiment - INFO - Epoch 16 [1700/3687] loss=1.9148[epoch 16] lr=0.000150
2026-01-07 11:00:34,135 - rf_experiment - INFO - Epoch 16 [1750/3687] loss=1.9182[epoch 16] lr=0.000150
2026-01-07 11:01:07,431 - rf_experiment - INFO - Epoch 16 [1800/3687] loss=1.9684[epoch 16] lr=0.000150
2026-01-07 11:01:40,910 - rf_experiment - INFO - Epoch 16 [1850/3687] loss=2.2291[epoch 16] lr=0.000150
2026-01-07 11:02:14,240 - rf_experiment - INFO - Epoch 16 [1900/3687] loss=2.3290[epoch 16] lr=0.000150
2026-01-07 11:02:47,656 - rf_experiment - INFO - Epoch 16 [1950/3687] loss=2.3152[epoch 16] lr=0.000150
2026-01-07 11:03:21,001 - rf_experiment - INFO - Epoch 16 [2000/3687] loss=1.8395[epoch 16] lr=0.000150
2026-01-07 11:03:54,299 - rf_experiment - INFO - Epoch 16 [2050/3687] loss=2.1140[epoch 16] lr=0.000150
2026-01-07 11:04:27,628 - rf_experiment - INFO - Epoch 16 [2100/3687] loss=2.2402[epoch 16] lr=0.000150
2026-01-07 11:05:01,144 - rf_experiment - INFO - Epoch 16 [2150/3687] loss=2.2267[epoch 16] lr=0.000150
2026-01-07 11:05:34,228 - rf_experiment - INFO - Epoch 16 [2200/3687] loss=2.1888[epoch 16] lr=0.000150
2026-01-07 11:06:07,643 - rf_experiment - INFO - Epoch 16 [2250/3687] loss=2.0674[epoch 16] lr=0.000150
2026-01-07 11:06:41,114 - rf_experiment - INFO - Epoch 16 [2300/3687] loss=2.0879[epoch 16] lr=0.000150
2026-01-07 11:07:14,644 - rf_experiment - INFO - Epoch 16 [2350/3687] loss=2.1971[epoch 16] lr=0.000150
2026-01-07 11:07:47,681 - rf_experiment - INFO - Epoch 16 [2400/3687] loss=2.2529[epoch 16] lr=0.000150
2026-01-07 11:08:20,994 - rf_experiment - INFO - Epoch 16 [2450/3687] loss=2.3078[epoch 16] lr=0.000150
2026-01-07 11:08:54,208 - rf_experiment - INFO - Epoch 16 [2500/3687] loss=2.1439[epoch 16] lr=0.000150
2026-01-07 11:09:27,216 - rf_experiment - INFO - Epoch 16 [2550/3687] loss=2.3042[epoch 16] lr=0.000150
2026-01-07 11:10:00,492 - rf_experiment - INFO - Epoch 16 [2600/3687] loss=2.3534[epoch 16] lr=0.000150
2026-01-07 11:10:33,874 - rf_experiment - INFO - Epoch 16 [2650/3687] loss=2.1822[epoch 16] lr=0.000150
2026-01-07 11:11:07,026 - rf_experiment - INFO - Epoch 16 [2700/3687] loss=2.3020[epoch 16] lr=0.000150
2026-01-07 11:11:40,187 - rf_experiment - INFO - Epoch 16 [2750/3687] loss=2.1799[epoch 16] lr=0.000150
2026-01-07 11:12:13,529 - rf_experiment - INFO - Epoch 16 [2800/3687] loss=2.3381[epoch 16] lr=0.000150
2026-01-07 11:12:46,798 - rf_experiment - INFO - Epoch 16 [2850/3687] loss=2.0999[epoch 16] lr=0.000150
2026-01-07 11:13:20,048 - rf_experiment - INFO - Epoch 16 [2900/3687] loss=2.0029[epoch 16] lr=0.000150
2026-01-07 11:13:53,212 - rf_experiment - INFO - Epoch 16 [2950/3687] loss=1.8874[epoch 16] lr=0.000150
2026-01-07 11:14:26,266 - rf_experiment - INFO - Epoch 16 [3000/3687] loss=2.2925[epoch 16] lr=0.000150
2026-01-07 11:14:59,539 - rf_experiment - INFO - Epoch 16 [3050/3687] loss=2.1552[epoch 16] lr=0.000150
2026-01-07 11:15:32,549 - rf_experiment - INFO - Epoch 16 [3100/3687] loss=2.2702[epoch 16] lr=0.000150
2026-01-07 11:16:05,492 - rf_experiment - INFO - Epoch 16 [3150/3687] loss=2.3468[epoch 16] lr=0.000150
2026-01-07 11:16:38,516 - rf_experiment - INFO - Epoch 16 [3200/3687] loss=2.5563[epoch 16] lr=0.000150
2026-01-07 11:17:12,018 - rf_experiment - INFO - Epoch 16 [3250/3687] loss=2.1827[epoch 16] lr=0.000150
2026-01-07 11:17:45,237 - rf_experiment - INFO - Epoch 16 [3300/3687] loss=2.0922[epoch 16] lr=0.000150
2026-01-07 11:18:18,459 - rf_experiment - INFO - Epoch 16 [3350/3687] loss=2.2046[epoch 16] lr=0.000150
2026-01-07 11:18:51,759 - rf_experiment - INFO - Epoch 16 [3400/3687] loss=2.1685[epoch 16] lr=0.000150
2026-01-07 11:19:24,961 - rf_experiment - INFO - Epoch 16 [3450/3687] loss=2.3017[epoch 16] lr=0.000150
2026-01-07 11:19:58,177 - rf_experiment - INFO - Epoch 16 [3500/3687] loss=2.0606[epoch 16] lr=0.000150
2026-01-07 11:20:31,536 - rf_experiment - INFO - Epoch 16 [3550/3687] loss=1.9090[epoch 16] lr=0.000150
2026-01-07 11:21:04,875 - rf_experiment - INFO - Epoch 16 [3600/3687] loss=2.2468[epoch 16] lr=0.000150
2026-01-07 11:21:38,139 - rf_experiment - INFO - Epoch 16 [3650/3687] loss=1.8824[epoch 16] lr=0.000150
2026-01-07 11:22:02,497 - rf_experiment - INFO - [epoch 16] train_loss=2.0960, train_acc=0.3265
2026-01-07 11:23:25,953 - rf_experiment - INFO - [epoch 16] val_loss=2.1096, val_acc=0.3244
2026-01-07 11:23:25,953 - rf_experiment - INFO - [epoch 16] no improvement in val_acc (streak=3)
2026-01-07 11:23:25,953 - rf_experiment - INFO - [epoch 17/40] training...
2026-01-07 11:23:59,041 - rf_experiment - INFO - Epoch 17 [50/3687] loss=2.1135[epoch 17] lr=0.000075
2026-01-07 11:24:32,404 - rf_experiment - INFO - Epoch 17 [100/3687] loss=2.3417[epoch 17] lr=0.000075
2026-01-07 11:25:05,549 - rf_experiment - INFO - Epoch 17 [150/3687] loss=1.8905[epoch 17] lr=0.000075
2026-01-07 11:25:38,889 - rf_experiment - INFO - Epoch 17 [200/3687] loss=1.9856[epoch 17] lr=0.000075
2026-01-07 11:26:12,250 - rf_experiment - INFO - Epoch 17 [250/3687] loss=1.9963[epoch 17] lr=0.000075
2026-01-07 11:26:45,538 - rf_experiment - INFO - Epoch 17 [300/3687] loss=1.9653[epoch 17] lr=0.000075
2026-01-07 11:27:18,888 - rf_experiment - INFO - Epoch 17 [350/3687] loss=2.0991[epoch 17] lr=0.000075
2026-01-07 11:27:52,317 - rf_experiment - INFO - Epoch 17 [400/3687] loss=1.9401[epoch 17] lr=0.000075
2026-01-07 11:28:25,613 - rf_experiment - INFO - Epoch 17 [450/3687] loss=2.0755[epoch 17] lr=0.000075
2026-01-07 11:28:58,986 - rf_experiment - INFO - Epoch 17 [500/3687] loss=2.1034[epoch 17] lr=0.000075
2026-01-07 11:29:32,305 - rf_experiment - INFO - Epoch 17 [550/3687] loss=1.9686[epoch 17] lr=0.000075
2026-01-07 11:30:05,729 - rf_experiment - INFO - Epoch 17 [600/3687] loss=2.7728[epoch 17] lr=0.000075
2026-01-07 11:30:38,903 - rf_experiment - INFO - Epoch 17 [650/3687] loss=2.1706[epoch 17] lr=0.000075
2026-01-07 11:31:12,217 - rf_experiment - INFO - Epoch 17 [700/3687] loss=2.3388[epoch 17] lr=0.000075
2026-01-07 11:31:45,527 - rf_experiment - INFO - Epoch 17 [750/3687] loss=2.3503[epoch 17] lr=0.000075
2026-01-07 11:32:18,880 - rf_experiment - INFO - Epoch 17 [800/3687] loss=2.0220[epoch 17] lr=0.000075
2026-01-07 11:32:52,377 - rf_experiment - INFO - Epoch 17 [850/3687] loss=2.2165[epoch 17] lr=0.000075
2026-01-07 11:33:25,885 - rf_experiment - INFO - Epoch 17 [900/3687] loss=2.3096[epoch 17] lr=0.000075
2026-01-07 11:33:59,256 - rf_experiment - INFO - Epoch 17 [950/3687] loss=2.1741[epoch 17] lr=0.000075
2026-01-07 11:34:32,631 - rf_experiment - INFO - Epoch 17 [1000/3687] loss=1.8895[epoch 17] lr=0.000075
2026-01-07 11:35:05,996 - rf_experiment - INFO - Epoch 17 [1050/3687] loss=2.1531[epoch 17] lr=0.000075
2026-01-07 11:35:39,270 - rf_experiment - INFO - Epoch 17 [1100/3687] loss=2.0329[epoch 17] lr=0.000075
2026-01-07 11:36:12,514 - rf_experiment - INFO - Epoch 17 [1150/3687] loss=2.1909[epoch 17] lr=0.000075
2026-01-07 11:36:45,845 - rf_experiment - INFO - Epoch 17 [1200/3687] loss=1.9008[epoch 17] lr=0.000075
2026-01-07 11:37:19,204 - rf_experiment - INFO - Epoch 17 [1250/3687] loss=2.2174[epoch 17] lr=0.000075
2026-01-07 11:37:52,599 - rf_experiment - INFO - Epoch 17 [1300/3687] loss=2.0748[epoch 17] lr=0.000075
2026-01-07 11:38:26,098 - rf_experiment - INFO - Epoch 17 [1350/3687] loss=2.0919[epoch 17] lr=0.000075
2026-01-07 11:38:59,528 - rf_experiment - INFO - Epoch 17 [1400/3687] loss=1.9824[epoch 17] lr=0.000075
2026-01-07 11:39:32,895 - rf_experiment - INFO - Epoch 17 [1450/3687] loss=1.9475[epoch 17] lr=0.000075
2026-01-07 11:40:06,121 - rf_experiment - INFO - Epoch 17 [1500/3687] loss=1.9986[epoch 17] lr=0.000075
2026-01-07 11:40:39,574 - rf_experiment - INFO - Epoch 17 [1550/3687] loss=2.0713[epoch 17] lr=0.000075
2026-01-07 11:41:12,956 - rf_experiment - INFO - Epoch 17 [1600/3687] loss=1.9566[epoch 17] lr=0.000075
2026-01-07 11:41:46,229 - rf_experiment - INFO - Epoch 17 [1650/3687] loss=2.0599[epoch 17] lr=0.000075
2026-01-07 11:42:19,567 - rf_experiment - INFO - Epoch 17 [1700/3687] loss=1.9615[epoch 17] lr=0.000075
2026-01-07 11:42:52,647 - rf_experiment - INFO - Epoch 17 [1750/3687] loss=2.0539[epoch 17] lr=0.000075
2026-01-07 11:43:25,916 - rf_experiment - INFO - Epoch 17 [1800/3687] loss=2.0898[epoch 17] lr=0.000075
2026-01-07 11:43:58,732 - rf_experiment - INFO - Epoch 17 [1850/3687] loss=2.3040[epoch 17] lr=0.000075
2026-01-07 11:44:31,590 - rf_experiment - INFO - Epoch 17 [1900/3687] loss=1.9639[epoch 17] lr=0.000075
2026-01-07 11:45:04,513 - rf_experiment - INFO - Epoch 17 [1950/3687] loss=1.9241[epoch 17] lr=0.000075
2026-01-07 11:45:37,551 - rf_experiment - INFO - Epoch 17 [2000/3687] loss=1.9621[epoch 17] lr=0.000075
2026-01-07 11:46:10,501 - rf_experiment - INFO - Epoch 17 [2050/3687] loss=2.1173[epoch 17] lr=0.000075
2026-01-07 11:46:44,230 - rf_experiment - INFO - Epoch 17 [2100/3687] loss=2.0005[epoch 17] lr=0.000075
2026-01-07 11:47:17,379 - rf_experiment - INFO - Epoch 17 [2150/3687] loss=1.8868[epoch 17] lr=0.000075
2026-01-07 11:47:50,550 - rf_experiment - INFO - Epoch 17 [2200/3687] loss=1.7418[epoch 17] lr=0.000075
2026-01-07 11:48:23,675 - rf_experiment - INFO - Epoch 17 [2250/3687] loss=2.0350[epoch 17] lr=0.000075
2026-01-07 11:48:57,161 - rf_experiment - INFO - Epoch 17 [2300/3687] loss=2.1261[epoch 17] lr=0.000075
2026-01-07 11:49:30,190 - rf_experiment - INFO - Epoch 17 [2350/3687] loss=2.1397[epoch 17] lr=0.000075
2026-01-07 11:50:03,228 - rf_experiment - INFO - Epoch 17 [2400/3687] loss=2.1513[epoch 17] lr=0.000075
2026-01-07 11:50:36,335 - rf_experiment - INFO - Epoch 17 [2450/3687] loss=1.9830[epoch 17] lr=0.000075
2026-01-07 11:51:09,373 - rf_experiment - INFO - Epoch 17 [2500/3687] loss=1.6609[epoch 17] lr=0.000075
2026-01-07 11:51:42,507 - rf_experiment - INFO - Epoch 17 [2550/3687] loss=2.2079[epoch 17] lr=0.000075
2026-01-07 11:52:15,580 - rf_experiment - INFO - Epoch 17 [2600/3687] loss=2.0591[epoch 17] lr=0.000075
2026-01-07 11:52:49,104 - rf_experiment - INFO - Epoch 17 [2650/3687] loss=1.9803[epoch 17] lr=0.000075
2026-01-07 11:53:22,364 - rf_experiment - INFO - Epoch 17 [2700/3687] loss=2.1805[epoch 17] lr=0.000075
2026-01-07 11:53:55,618 - rf_experiment - INFO - Epoch 17 [2750/3687] loss=1.8423[epoch 17] lr=0.000075
2026-01-07 11:54:28,895 - rf_experiment - INFO - Epoch 17 [2800/3687] loss=2.1219[epoch 17] lr=0.000075
2026-01-07 11:55:02,202 - rf_experiment - INFO - Epoch 17 [2850/3687] loss=2.0665[epoch 17] lr=0.000075
2026-01-07 11:55:35,485 - rf_experiment - INFO - Epoch 17 [2900/3687] loss=2.2814[epoch 17] lr=0.000075
2026-01-07 11:56:08,716 - rf_experiment - INFO - Epoch 17 [2950/3687] loss=2.2028[epoch 17] lr=0.000075
2026-01-07 11:56:41,866 - rf_experiment - INFO - Epoch 17 [3000/3687] loss=2.1680[epoch 17] lr=0.000075
2026-01-07 11:57:15,071 - rf_experiment - INFO - Epoch 17 [3050/3687] loss=2.0636[epoch 17] lr=0.000075
2026-01-07 11:57:48,323 - rf_experiment - INFO - Epoch 17 [3100/3687] loss=2.1381[epoch 17] lr=0.000075
2026-01-07 11:58:21,648 - rf_experiment - INFO - Epoch 17 [3150/3687] loss=2.1638[epoch 17] lr=0.000075
2026-01-07 11:58:54,822 - rf_experiment - INFO - Epoch 17 [3200/3687] loss=2.1377[epoch 17] lr=0.000075
2026-01-07 11:59:28,015 - rf_experiment - INFO - Epoch 17 [3250/3687] loss=1.9086[epoch 17] lr=0.000075
2026-01-07 12:00:01,137 - rf_experiment - INFO - Epoch 17 [3300/3687] loss=1.8683[epoch 17] lr=0.000075
2026-01-07 12:00:34,382 - rf_experiment - INFO - Epoch 17 [3350/3687] loss=1.9902[epoch 17] lr=0.000075
2026-01-07 12:01:07,477 - rf_experiment - INFO - Epoch 17 [3400/3687] loss=2.2152[epoch 17] lr=0.000075
2026-01-07 12:01:40,925 - rf_experiment - INFO - Epoch 17 [3450/3687] loss=2.0128[epoch 17] lr=0.000075
2026-01-07 12:02:14,494 - rf_experiment - INFO - Epoch 17 [3500/3687] loss=2.1585[epoch 17] lr=0.000075
2026-01-07 12:02:47,811 - rf_experiment - INFO - Epoch 17 [3550/3687] loss=2.2353[epoch 17] lr=0.000075
2026-01-07 12:03:21,114 - rf_experiment - INFO - Epoch 17 [3600/3687] loss=1.9601[epoch 17] lr=0.000075
2026-01-07 12:03:54,753 - rf_experiment - INFO - Epoch 17 [3650/3687] loss=2.1433[epoch 17] lr=0.000075
2026-01-07 12:04:19,302 - rf_experiment - INFO - [epoch 17] train_loss=2.0790, train_acc=0.3314
2026-01-07 12:05:44,891 - rf_experiment - INFO - [epoch 17] val_loss=2.1021, val_acc=0.3309
2026-01-07 12:05:44,892 - rf_experiment - INFO - [epoch 17] new best val_acc=0.3309
2026-01-07 12:05:44,892 - rf_experiment - INFO - [epoch 18/40] training...
2026-01-07 12:06:18,843 - rf_experiment - INFO - Epoch 18 [50/3687] loss=2.0096[epoch 18] lr=0.000075
2026-01-07 12:06:51,965 - rf_experiment - INFO - Epoch 18 [100/3687] loss=2.1800[epoch 18] lr=0.000075
2026-01-07 12:07:25,247 - rf_experiment - INFO - Epoch 18 [150/3687] loss=2.1426[epoch 18] lr=0.000075
2026-01-07 12:07:58,480 - rf_experiment - INFO - Epoch 18 [200/3687] loss=2.0076[epoch 18] lr=0.000075
2026-01-07 12:08:31,911 - rf_experiment - INFO - Epoch 18 [250/3687] loss=2.1866[epoch 18] lr=0.000075
2026-01-07 12:09:05,221 - rf_experiment - INFO - Epoch 18 [300/3687] loss=1.9669[epoch 18] lr=0.000075
2026-01-07 12:09:38,585 - rf_experiment - INFO - Epoch 18 [350/3687] loss=2.0932[epoch 18] lr=0.000075
2026-01-07 12:10:11,775 - rf_experiment - INFO - Epoch 18 [400/3687] loss=2.0821[epoch 18] lr=0.000075
2026-01-07 12:10:44,870 - rf_experiment - INFO - Epoch 18 [450/3687] loss=2.1637[epoch 18] lr=0.000075
2026-01-07 12:11:18,000 - rf_experiment - INFO - Epoch 18 [500/3687] loss=1.9422[epoch 18] lr=0.000075
2026-01-07 12:11:51,194 - rf_experiment - INFO - Epoch 18 [550/3687] loss=2.1384[epoch 18] lr=0.000075
2026-01-07 12:12:24,718 - rf_experiment - INFO - Epoch 18 [600/3687] loss=2.1169[epoch 18] lr=0.000075
2026-01-07 12:12:57,975 - rf_experiment - INFO - Epoch 18 [650/3687] loss=2.1234[epoch 18] lr=0.000075
2026-01-07 12:13:31,409 - rf_experiment - INFO - Epoch 18 [700/3687] loss=1.8365[epoch 18] lr=0.000075
2026-01-07 12:14:04,757 - rf_experiment - INFO - Epoch 18 [750/3687] loss=2.0037[epoch 18] lr=0.000075
2026-01-07 12:14:38,048 - rf_experiment - INFO - Epoch 18 [800/3687] loss=1.6884[epoch 18] lr=0.000075
2026-01-07 12:15:11,159 - rf_experiment - INFO - Epoch 18 [850/3687] loss=2.1288[epoch 18] lr=0.000075
2026-01-07 12:15:44,501 - rf_experiment - INFO - Epoch 18 [900/3687] loss=1.8905[epoch 18] lr=0.000075
2026-01-07 12:16:17,871 - rf_experiment - INFO - Epoch 18 [950/3687] loss=1.8750[epoch 18] lr=0.000075
2026-01-07 12:16:51,036 - rf_experiment - INFO - Epoch 18 [1000/3687] loss=1.7422[epoch 18] lr=0.000075
2026-01-07 12:17:24,246 - rf_experiment - INFO - Epoch 18 [1050/3687] loss=1.8858[epoch 18] lr=0.000075
2026-01-07 12:17:57,461 - rf_experiment - INFO - Epoch 18 [1100/3687] loss=2.0663[epoch 18] lr=0.000075
2026-01-07 12:18:30,874 - rf_experiment - INFO - Epoch 18 [1150/3687] loss=2.2595[epoch 18] lr=0.000075
2026-01-07 12:19:04,513 - rf_experiment - INFO - Epoch 18 [1200/3687] loss=2.1835[epoch 18] lr=0.000075
2026-01-07 12:19:37,861 - rf_experiment - INFO - Epoch 18 [1250/3687] loss=1.5657[epoch 18] lr=0.000075
2026-01-07 12:20:10,711 - rf_experiment - INFO - Epoch 18 [1300/3687] loss=2.2432[epoch 18] lr=0.000075
2026-01-07 12:20:43,730 - rf_experiment - INFO - Epoch 18 [1350/3687] loss=2.1319[epoch 18] lr=0.000075
2026-01-07 12:21:16,626 - rf_experiment - INFO - Epoch 18 [1400/3687] loss=2.0580[epoch 18] lr=0.000075
2026-01-07 12:21:49,487 - rf_experiment - INFO - Epoch 18 [1450/3687] loss=2.1138[epoch 18] lr=0.000075
2026-01-07 12:22:22,294 - rf_experiment - INFO - Epoch 18 [1500/3687] loss=2.0882[epoch 18] lr=0.000075
2026-01-07 12:22:54,759 - rf_experiment - INFO - Epoch 18 [1550/3687] loss=1.9373[epoch 18] lr=0.000075
2026-01-07 12:23:27,895 - rf_experiment - INFO - Epoch 18 [1600/3687] loss=2.0098[epoch 18] lr=0.000075
2026-01-07 12:24:00,755 - rf_experiment - INFO - Epoch 18 [1650/3687] loss=1.8370[epoch 18] lr=0.000075
2026-01-07 12:24:33,445 - rf_experiment - INFO - Epoch 18 [1700/3687] loss=2.1850[epoch 18] lr=0.000075
2026-01-07 12:25:05,954 - rf_experiment - INFO - Epoch 18 [1750/3687] loss=1.8871[epoch 18] lr=0.000075
2026-01-07 12:25:38,589 - rf_experiment - INFO - Epoch 18 [1800/3687] loss=1.9188[epoch 18] lr=0.000075
2026-01-07 12:26:11,218 - rf_experiment - INFO - Epoch 18 [1850/3687] loss=2.3297[epoch 18] lr=0.000075
2026-01-07 12:26:43,920 - rf_experiment - INFO - Epoch 18 [1900/3687] loss=1.9316[epoch 18] lr=0.000075
2026-01-07 12:27:16,681 - rf_experiment - INFO - Epoch 18 [1950/3687] loss=2.4480[epoch 18] lr=0.000075
2026-01-07 12:27:49,835 - rf_experiment - INFO - Epoch 18 [2000/3687] loss=1.9154[epoch 18] lr=0.000075
2026-01-07 12:28:22,611 - rf_experiment - INFO - Epoch 18 [2050/3687] loss=2.1448[epoch 18] lr=0.000075
2026-01-07 12:28:55,497 - rf_experiment - INFO - Epoch 18 [2100/3687] loss=1.8702[epoch 18] lr=0.000075
2026-01-07 12:29:28,096 - rf_experiment - INFO - Epoch 18 [2150/3687] loss=2.0073[epoch 18] lr=0.000075
2026-01-07 12:30:00,607 - rf_experiment - INFO - Epoch 18 [2200/3687] loss=2.2890[epoch 18] lr=0.000075
2026-01-07 12:30:33,363 - rf_experiment - INFO - Epoch 18 [2250/3687] loss=1.8484[epoch 18] lr=0.000075
2026-01-07 12:31:06,312 - rf_experiment - INFO - Epoch 18 [2300/3687] loss=1.7902[epoch 18] lr=0.000075
2026-01-07 12:31:39,146 - rf_experiment - INFO - Epoch 18 [2350/3687] loss=2.1303[epoch 18] lr=0.000075
2026-01-07 12:32:12,076 - rf_experiment - INFO - Epoch 18 [2400/3687] loss=1.8633[epoch 18] lr=0.000075
2026-01-07 12:32:45,018 - rf_experiment - INFO - Epoch 18 [2450/3687] loss=2.0796[epoch 18] lr=0.000075
2026-01-07 12:33:17,679 - rf_experiment - INFO - Epoch 18 [2500/3687] loss=2.1457[epoch 18] lr=0.000075
2026-01-07 12:33:50,438 - rf_experiment - INFO - Epoch 18 [2550/3687] loss=2.0312[epoch 18] lr=0.000075
2026-01-07 12:34:23,292 - rf_experiment - INFO - Epoch 18 [2600/3687] loss=2.0476[epoch 18] lr=0.000075
2026-01-07 12:34:55,866 - rf_experiment - INFO - Epoch 18 [2650/3687] loss=2.2340[epoch 18] lr=0.000075
2026-01-07 12:35:28,721 - rf_experiment - INFO - Epoch 18 [2700/3687] loss=2.1964[epoch 18] lr=0.000075
2026-01-07 12:36:01,715 - rf_experiment - INFO - Epoch 18 [2750/3687] loss=2.1115[epoch 18] lr=0.000075
2026-01-07 12:36:34,725 - rf_experiment - INFO - Epoch 18 [2800/3687] loss=2.1635[epoch 18] lr=0.000075
2026-01-07 12:37:07,472 - rf_experiment - INFO - Epoch 18 [2850/3687] loss=2.0816[epoch 18] lr=0.000075
2026-01-07 12:37:40,288 - rf_experiment - INFO - Epoch 18 [2900/3687] loss=1.9637[epoch 18] lr=0.000075
2026-01-07 12:38:14,776 - rf_experiment - INFO - Epoch 18 [2950/3687] loss=2.1230[epoch 18] lr=0.000075
2026-01-07 12:38:58,401 - rf_experiment - INFO - Epoch 18 [3000/3687] loss=2.0376[epoch 18] lr=0.000075
2026-01-07 12:39:41,564 - rf_experiment - INFO - Epoch 18 [3050/3687] loss=2.0112[epoch 18] lr=0.000075
2026-01-07 12:40:25,246 - rf_experiment - INFO - Epoch 18 [3100/3687] loss=1.9166[epoch 18] lr=0.000075
2026-01-07 12:41:08,574 - rf_experiment - INFO - Epoch 18 [3150/3687] loss=2.0917[epoch 18] lr=0.000075
2026-01-07 12:41:51,112 - rf_experiment - INFO - Epoch 18 [3200/3687] loss=2.2609[epoch 18] lr=0.000075
2026-01-07 12:42:34,965 - rf_experiment - INFO - Epoch 18 [3250/3687] loss=2.2154[epoch 18] lr=0.000075
2026-01-07 12:43:17,940 - rf_experiment - INFO - Epoch 18 [3300/3687] loss=2.2238[epoch 18] lr=0.000075
2026-01-07 12:44:01,526 - rf_experiment - INFO - Epoch 18 [3350/3687] loss=1.8823[epoch 18] lr=0.000075
2026-01-07 12:44:44,759 - rf_experiment - INFO - Epoch 18 [3400/3687] loss=2.3174[epoch 18] lr=0.000075
2026-01-07 12:45:27,150 - rf_experiment - INFO - Epoch 18 [3450/3687] loss=1.8882[epoch 18] lr=0.000075
2026-01-07 12:46:09,988 - rf_experiment - INFO - Epoch 18 [3500/3687] loss=2.3047[epoch 18] lr=0.000075
2026-01-07 12:46:53,367 - rf_experiment - INFO - Epoch 18 [3550/3687] loss=2.1197[epoch 18] lr=0.000075
2026-01-07 12:47:36,558 - rf_experiment - INFO - Epoch 18 [3600/3687] loss=2.0792[epoch 18] lr=0.000075
2026-01-07 12:48:20,110 - rf_experiment - INFO - Epoch 18 [3650/3687] loss=1.9943[epoch 18] lr=0.000075
2026-01-07 12:48:51,205 - rf_experiment - INFO - [epoch 18] train_loss=2.0766, train_acc=0.3319
2026-01-07 12:50:45,101 - rf_experiment - INFO - [epoch 18] val_loss=2.0875, val_acc=0.3275
2026-01-07 12:50:45,102 - rf_experiment - INFO - [epoch 18] no improvement in val_acc (streak=1)
2026-01-07 12:50:45,102 - rf_experiment - INFO - [epoch 19/40] training...
2026-01-07 12:51:29,067 - rf_experiment - INFO - Epoch 19 [50/3687] loss=2.0578[epoch 19] lr=0.000075
2026-01-07 12:52:11,965 - rf_experiment - INFO - Epoch 19 [100/3687] loss=2.0983[epoch 19] lr=0.000075
2026-01-07 12:52:54,440 - rf_experiment - INFO - Epoch 19 [150/3687] loss=2.1693[epoch 19] lr=0.000075
2026-01-07 12:53:38,272 - rf_experiment - INFO - Epoch 19 [200/3687] loss=2.1108[epoch 19] lr=0.000075
2026-01-07 12:54:22,804 - rf_experiment - INFO - Epoch 19 [250/3687] loss=2.0946[epoch 19] lr=0.000075
2026-01-07 12:55:06,888 - rf_experiment - INFO - Epoch 19 [300/3687] loss=2.0178[epoch 19] lr=0.000075
2026-01-07 12:55:49,804 - rf_experiment - INFO - Epoch 19 [350/3687] loss=2.3824[epoch 19] lr=0.000075
2026-01-07 12:56:51,310 - rf_experiment - INFO - Epoch 19 [400/3687] loss=2.2044[epoch 19] lr=0.000075
2026-01-07 12:57:36,464 - rf_experiment - INFO - Epoch 19 [450/3687] loss=2.2678[epoch 19] lr=0.000075
2026-01-07 12:58:20,175 - rf_experiment - INFO - Epoch 19 [500/3687] loss=1.9717[epoch 19] lr=0.000075
2026-01-07 12:59:04,248 - rf_experiment - INFO - Epoch 19 [550/3687] loss=2.0730[epoch 19] lr=0.000075
2026-01-07 12:59:46,822 - rf_experiment - INFO - Epoch 19 [600/3687] loss=2.1729[epoch 19] lr=0.000075
2026-01-07 13:00:31,151 - rf_experiment - INFO - Epoch 19 [650/3687] loss=2.0298[epoch 19] lr=0.000075
2026-01-07 13:01:15,050 - rf_experiment - INFO - Epoch 19 [700/3687] loss=2.1256[epoch 19] lr=0.000075
2026-01-07 13:01:58,568 - rf_experiment - INFO - Epoch 19 [750/3687] loss=2.3880[epoch 19] lr=0.000075
2026-01-07 13:02:41,966 - rf_experiment - INFO - Epoch 19 [800/3687] loss=2.1994[epoch 19] lr=0.000075
2026-01-07 13:03:25,054 - rf_experiment - INFO - Epoch 19 [850/3687] loss=2.1365[epoch 19] lr=0.000075
2026-01-07 13:04:01,928 - rf_experiment - INFO - Epoch 19 [900/3687] loss=1.7876[epoch 19] lr=0.000075
2026-01-07 13:04:35,318 - rf_experiment - INFO - Epoch 19 [950/3687] loss=2.1153[epoch 19] lr=0.000075
2026-01-07 13:05:08,615 - rf_experiment - INFO - Epoch 19 [1000/3687] loss=2.0328[epoch 19] lr=0.000075
2026-01-07 13:05:41,842 - rf_experiment - INFO - Epoch 19 [1050/3687] loss=2.2537[epoch 19] lr=0.000075
2026-01-07 13:06:15,052 - rf_experiment - INFO - Epoch 19 [1100/3687] loss=1.7982[epoch 19] lr=0.000075
2026-01-07 13:06:47,907 - rf_experiment - INFO - Epoch 19 [1150/3687] loss=2.4958[epoch 19] lr=0.000075
2026-01-07 13:07:20,754 - rf_experiment - INFO - Epoch 19 [1200/3687] loss=1.9090[epoch 19] lr=0.000075
2026-01-07 13:07:53,995 - rf_experiment - INFO - Epoch 19 [1250/3687] loss=1.7815[epoch 19] lr=0.000075
2026-01-07 13:08:27,197 - rf_experiment - INFO - Epoch 19 [1300/3687] loss=1.9458[epoch 19] lr=0.000075
2026-01-07 13:09:00,557 - rf_experiment - INFO - Epoch 19 [1350/3687] loss=2.1621[epoch 19] lr=0.000075
2026-01-07 13:09:33,877 - rf_experiment - INFO - Epoch 19 [1400/3687] loss=2.0317[epoch 19] lr=0.000075
2026-01-07 13:10:07,158 - rf_experiment - INFO - Epoch 19 [1450/3687] loss=2.2838[epoch 19] lr=0.000075
2026-01-07 13:10:40,755 - rf_experiment - INFO - Epoch 19 [1500/3687] loss=2.1184[epoch 19] lr=0.000075
2026-01-07 13:11:14,149 - rf_experiment - INFO - Epoch 19 [1550/3687] loss=2.2397[epoch 19] lr=0.000075
2026-01-07 13:11:47,516 - rf_experiment - INFO - Epoch 19 [1600/3687] loss=2.1406[epoch 19] lr=0.000075
2026-01-07 13:12:20,991 - rf_experiment - INFO - Epoch 19 [1650/3687] loss=2.1431[epoch 19] lr=0.000075
2026-01-07 13:12:54,555 - rf_experiment - INFO - Epoch 19 [1700/3687] loss=1.9842[epoch 19] lr=0.000075
2026-01-07 13:13:27,922 - rf_experiment - INFO - Epoch 19 [1750/3687] loss=1.9371[epoch 19] lr=0.000075
2026-01-07 13:14:01,386 - rf_experiment - INFO - Epoch 19 [1800/3687] loss=2.5533[epoch 19] lr=0.000075
2026-01-07 13:14:34,678 - rf_experiment - INFO - Epoch 19 [1850/3687] loss=2.1605[epoch 19] lr=0.000075
2026-01-07 13:15:08,066 - rf_experiment - INFO - Epoch 19 [1900/3687] loss=1.8829[epoch 19] lr=0.000075
2026-01-07 13:15:41,521 - rf_experiment - INFO - Epoch 19 [1950/3687] loss=1.9134[epoch 19] lr=0.000075
2026-01-07 13:16:14,983 - rf_experiment - INFO - Epoch 19 [2000/3687] loss=2.2757[epoch 19] lr=0.000075
2026-01-07 13:16:48,591 - rf_experiment - INFO - Epoch 19 [2050/3687] loss=1.9987[epoch 19] lr=0.000075
2026-01-07 13:17:21,993 - rf_experiment - INFO - Epoch 19 [2100/3687] loss=2.0004[epoch 19] lr=0.000075
2026-01-07 13:17:55,537 - rf_experiment - INFO - Epoch 19 [2150/3687] loss=2.1933[epoch 19] lr=0.000075
2026-01-07 13:18:28,911 - rf_experiment - INFO - Epoch 19 [2200/3687] loss=2.1134[epoch 19] lr=0.000075
2026-01-07 13:19:02,335 - rf_experiment - INFO - Epoch 19 [2250/3687] loss=1.9726[epoch 19] lr=0.000075
2026-01-07 13:19:36,053 - rf_experiment - INFO - Epoch 19 [2300/3687] loss=1.9271[epoch 19] lr=0.000075
2026-01-07 13:20:09,635 - rf_experiment - INFO - Epoch 19 [2350/3687] loss=2.0078[epoch 19] lr=0.000075
2026-01-07 13:20:43,089 - rf_experiment - INFO - Epoch 19 [2400/3687] loss=2.5025[epoch 19] lr=0.000075
2026-01-07 13:21:16,678 - rf_experiment - INFO - Epoch 19 [2450/3687] loss=2.2030[epoch 19] lr=0.000075
2026-01-07 13:21:50,197 - rf_experiment - INFO - Epoch 19 [2500/3687] loss=2.0176[epoch 19] lr=0.000075
2026-01-07 13:22:23,559 - rf_experiment - INFO - Epoch 19 [2550/3687] loss=2.4269[epoch 19] lr=0.000075
2026-01-07 13:22:56,979 - rf_experiment - INFO - Epoch 19 [2600/3687] loss=2.1550[epoch 19] lr=0.000075
2026-01-07 13:23:30,579 - rf_experiment - INFO - Epoch 19 [2650/3687] loss=2.2117[epoch 19] lr=0.000075
2026-01-07 13:24:03,976 - rf_experiment - INFO - Epoch 19 [2700/3687] loss=2.0005[epoch 19] lr=0.000075
2026-01-07 13:24:37,375 - rf_experiment - INFO - Epoch 19 [2750/3687] loss=2.0527[epoch 19] lr=0.000075
2026-01-07 13:25:10,860 - rf_experiment - INFO - Epoch 19 [2800/3687] loss=2.1276[epoch 19] lr=0.000075
2026-01-07 13:25:44,246 - rf_experiment - INFO - Epoch 19 [2850/3687] loss=2.1827[epoch 19] lr=0.000075
2026-01-07 13:26:17,941 - rf_experiment - INFO - Epoch 19 [2900/3687] loss=1.9443[epoch 19] lr=0.000075
2026-01-07 13:26:51,292 - rf_experiment - INFO - Epoch 19 [2950/3687] loss=2.3840[epoch 19] lr=0.000075
2026-01-07 13:27:24,710 - rf_experiment - INFO - Epoch 19 [3000/3687] loss=2.0305[epoch 19] lr=0.000075
2026-01-07 13:27:57,864 - rf_experiment - INFO - Epoch 19 [3050/3687] loss=2.2910[epoch 19] lr=0.000075
2026-01-07 13:28:31,368 - rf_experiment - INFO - Epoch 19 [3100/3687] loss=2.1927[epoch 19] lr=0.000075
2026-01-07 13:29:04,691 - rf_experiment - INFO - Epoch 19 [3150/3687] loss=2.1219[epoch 19] lr=0.000075
2026-01-07 13:29:38,041 - rf_experiment - INFO - Epoch 19 [3200/3687] loss=2.0201[epoch 19] lr=0.000075
2026-01-07 13:30:11,620 - rf_experiment - INFO - Epoch 19 [3250/3687] loss=2.0404[epoch 19] lr=0.000075
2026-01-07 13:30:45,062 - rf_experiment - INFO - Epoch 19 [3300/3687] loss=1.9562[epoch 19] lr=0.000075
2026-01-07 13:31:18,512 - rf_experiment - INFO - Epoch 19 [3350/3687] loss=2.1512[epoch 19] lr=0.000075
2026-01-07 13:31:51,955 - rf_experiment - INFO - Epoch 19 [3400/3687] loss=2.1451[epoch 19] lr=0.000075
2026-01-07 13:32:25,345 - rf_experiment - INFO - Epoch 19 [3450/3687] loss=1.8309[epoch 19] lr=0.000075
2026-01-07 13:32:58,918 - rf_experiment - INFO - Epoch 19 [3500/3687] loss=1.7851[epoch 19] lr=0.000075
2026-01-07 13:33:32,312 - rf_experiment - INFO - Epoch 19 [3550/3687] loss=2.2133[epoch 19] lr=0.000075
2026-01-07 13:34:05,762 - rf_experiment - INFO - Epoch 19 [3600/3687] loss=2.1009[epoch 19] lr=0.000075
2026-01-07 13:34:39,112 - rf_experiment - INFO - Epoch 19 [3650/3687] loss=2.0558[epoch 19] lr=0.000075
2026-01-07 13:35:03,609 - rf_experiment - INFO - [epoch 19] train_loss=2.0743, train_acc=0.3341
2026-01-07 13:36:31,044 - rf_experiment - INFO - [epoch 19] val_loss=2.0835, val_acc=0.3312
2026-01-07 13:36:31,045 - rf_experiment - INFO - [epoch 19] no improvement in val_acc (streak=2)
2026-01-07 13:36:31,045 - rf_experiment - INFO - [epoch 20/40] training...
2026-01-07 13:37:04,930 - rf_experiment - INFO - Epoch 20 [50/3687] loss=2.2776[epoch 20] lr=0.000075
2026-01-07 13:37:38,401 - rf_experiment - INFO - Epoch 20 [100/3687] loss=1.8952[epoch 20] lr=0.000075
2026-01-07 13:38:12,077 - rf_experiment - INFO - Epoch 20 [150/3687] loss=2.1928[epoch 20] lr=0.000075
2026-01-07 13:38:45,287 - rf_experiment - INFO - Epoch 20 [200/3687] loss=1.8974[epoch 20] lr=0.000075
2026-01-07 13:39:18,527 - rf_experiment - INFO - Epoch 20 [250/3687] loss=1.8143[epoch 20] lr=0.000075
2026-01-07 13:39:51,654 - rf_experiment - INFO - Epoch 20 [300/3687] loss=2.2085[epoch 20] lr=0.000075
2026-01-07 13:40:24,597 - rf_experiment - INFO - Epoch 20 [350/3687] loss=2.2082[epoch 20] lr=0.000075
2026-01-07 13:40:57,681 - rf_experiment - INFO - Epoch 20 [400/3687] loss=2.0208[epoch 20] lr=0.000075
2026-01-07 13:41:37,288 - rf_experiment - INFO - Epoch 20 [450/3687] loss=2.0680[epoch 20] lr=0.000075
2026-01-07 13:42:21,716 - rf_experiment - INFO - Epoch 20 [500/3687] loss=2.0874[epoch 20] lr=0.000075
2026-01-07 13:43:06,503 - rf_experiment - INFO - Epoch 20 [550/3687] loss=1.7003[epoch 20] lr=0.000075
2026-01-07 13:43:51,018 - rf_experiment - INFO - Epoch 20 [600/3687] loss=2.0935[epoch 20] lr=0.000075
2026-01-07 13:44:35,766 - rf_experiment - INFO - Epoch 20 [650/3687] loss=2.1765[epoch 20] lr=0.000075
2026-01-07 13:45:19,734 - rf_experiment - INFO - Epoch 20 [700/3687] loss=1.9443[epoch 20] lr=0.000075
2026-01-07 13:46:03,949 - rf_experiment - INFO - Epoch 20 [750/3687] loss=2.0114[epoch 20] lr=0.000075
2026-01-07 13:46:48,015 - rf_experiment - INFO - Epoch 20 [800/3687] loss=1.9815[epoch 20] lr=0.000075
2026-01-07 13:47:32,188 - rf_experiment - INFO - Epoch 20 [850/3687] loss=1.8880[epoch 20] lr=0.000075
2026-01-07 13:48:16,156 - rf_experiment - INFO - Epoch 20 [900/3687] loss=2.3637[epoch 20] lr=0.000075
2026-01-07 13:48:59,707 - rf_experiment - INFO - Epoch 20 [950/3687] loss=1.9008[epoch 20] lr=0.000075
2026-01-07 13:49:42,802 - rf_experiment - INFO - Epoch 20 [1000/3687] loss=2.1019[epoch 20] lr=0.000075
2026-01-07 13:50:27,488 - rf_experiment - INFO - Epoch 20 [1050/3687] loss=2.2267[epoch 20] lr=0.000075
2026-01-07 13:51:10,899 - rf_experiment - INFO - Epoch 20 [1100/3687] loss=2.0946[epoch 20] lr=0.000075
2026-01-07 13:51:54,275 - rf_experiment - INFO - Epoch 20 [1150/3687] loss=1.9961[epoch 20] lr=0.000075
2026-01-07 13:52:38,711 - rf_experiment - INFO - Epoch 20 [1200/3687] loss=1.8971[epoch 20] lr=0.000075
2026-01-07 13:53:23,110 - rf_experiment - INFO - Epoch 20 [1250/3687] loss=1.9427[epoch 20] lr=0.000075
2026-01-07 13:54:06,693 - rf_experiment - INFO - Epoch 20 [1300/3687] loss=2.1615[epoch 20] lr=0.000075
2026-01-07 13:54:50,211 - rf_experiment - INFO - Epoch 20 [1350/3687] loss=1.9585[epoch 20] lr=0.000075
2026-01-07 13:55:34,094 - rf_experiment - INFO - Epoch 20 [1400/3687] loss=2.0083[epoch 20] lr=0.000075
2026-01-07 13:56:18,045 - rf_experiment - INFO - Epoch 20 [1450/3687] loss=1.9248[epoch 20] lr=0.000075
2026-01-07 13:57:01,592 - rf_experiment - INFO - Epoch 20 [1500/3687] loss=2.0269[epoch 20] lr=0.000075
2026-01-07 13:57:45,668 - rf_experiment - INFO - Epoch 20 [1550/3687] loss=2.0922[epoch 20] lr=0.000075
2026-01-07 13:58:28,984 - rf_experiment - INFO - Epoch 20 [1600/3687] loss=1.9823[epoch 20] lr=0.000075
2026-01-07 13:59:12,462 - rf_experiment - INFO - Epoch 20 [1650/3687] loss=2.0705[epoch 20] lr=0.000075
2026-01-07 13:59:56,056 - rf_experiment - INFO - Epoch 20 [1700/3687] loss=2.2187[epoch 20] lr=0.000075
2026-01-07 14:00:40,283 - rf_experiment - INFO - Epoch 20 [1750/3687] loss=2.1078[epoch 20] lr=0.000075
2026-01-07 14:01:24,259 - rf_experiment - INFO - Epoch 20 [1800/3687] loss=2.1366[epoch 20] lr=0.000075
2026-01-07 14:02:08,314 - rf_experiment - INFO - Epoch 20 [1850/3687] loss=2.2434[epoch 20] lr=0.000075
2026-01-07 14:02:51,987 - rf_experiment - INFO - Epoch 20 [1900/3687] loss=2.1266[epoch 20] lr=0.000075
2026-01-07 14:03:36,393 - rf_experiment - INFO - Epoch 20 [1950/3687] loss=2.2383[epoch 20] lr=0.000075
2026-01-07 14:04:20,750 - rf_experiment - INFO - Epoch 20 [2000/3687] loss=1.9524[epoch 20] lr=0.000075
2026-01-07 14:05:05,269 - rf_experiment - INFO - Epoch 20 [2050/3687] loss=2.1131[epoch 20] lr=0.000075
2026-01-07 14:05:49,514 - rf_experiment - INFO - Epoch 20 [2100/3687] loss=2.0928[epoch 20] lr=0.000075
2026-01-07 14:06:32,402 - rf_experiment - INFO - Epoch 20 [2150/3687] loss=2.0893[epoch 20] lr=0.000075
2026-01-07 14:07:15,803 - rf_experiment - INFO - Epoch 20 [2200/3687] loss=1.9576[epoch 20] lr=0.000075
2026-01-07 14:07:58,962 - rf_experiment - INFO - Epoch 20 [2250/3687] loss=2.0075[epoch 20] lr=0.000075
2026-01-07 14:08:43,580 - rf_experiment - INFO - Epoch 20 [2300/3687] loss=2.1886[epoch 20] lr=0.000075
2026-01-07 14:09:27,099 - rf_experiment - INFO - Epoch 20 [2350/3687] loss=2.2582[epoch 20] lr=0.000075
2026-01-07 14:10:11,314 - rf_experiment - INFO - Epoch 20 [2400/3687] loss=2.2096[epoch 20] lr=0.000075
2026-01-07 14:10:54,404 - rf_experiment - INFO - Epoch 20 [2450/3687] loss=1.9260[epoch 20] lr=0.000075
2026-01-07 14:11:37,542 - rf_experiment - INFO - Epoch 20 [2500/3687] loss=2.0016[epoch 20] lr=0.000075
2026-01-07 14:12:19,920 - rf_experiment - INFO - Epoch 20 [2550/3687] loss=1.9741[epoch 20] lr=0.000075
2026-01-07 14:13:03,170 - rf_experiment - INFO - Epoch 20 [2600/3687] loss=1.9888[epoch 20] lr=0.000075
2026-01-07 14:13:46,696 - rf_experiment - INFO - Epoch 20 [2650/3687] loss=2.0578[epoch 20] lr=0.000075
2026-01-07 14:14:30,496 - rf_experiment - INFO - Epoch 20 [2700/3687] loss=2.1494[epoch 20] lr=0.000075
2026-01-07 14:15:13,216 - rf_experiment - INFO - Epoch 20 [2750/3687] loss=2.0470[epoch 20] lr=0.000075
2026-01-07 14:15:55,612 - rf_experiment - INFO - Epoch 20 [2800/3687] loss=1.9979[epoch 20] lr=0.000075
2026-01-07 14:16:39,108 - rf_experiment - INFO - Epoch 20 [2850/3687] loss=2.0087[epoch 20] lr=0.000075
2026-01-07 14:17:23,109 - rf_experiment - INFO - Epoch 20 [2900/3687] loss=2.2039[epoch 20] lr=0.000075
2026-01-07 14:18:06,541 - rf_experiment - INFO - Epoch 20 [2950/3687] loss=2.1683[epoch 20] lr=0.000075
2026-01-07 14:18:50,267 - rf_experiment - INFO - Epoch 20 [3000/3687] loss=2.1250[epoch 20] lr=0.000075
2026-01-07 14:19:32,697 - rf_experiment - INFO - Epoch 20 [3050/3687] loss=2.0479[epoch 20] lr=0.000075
2026-01-07 14:20:15,902 - rf_experiment - INFO - Epoch 20 [3100/3687] loss=2.0513[epoch 20] lr=0.000075
2026-01-07 14:20:59,676 - rf_experiment - INFO - Epoch 20 [3150/3687] loss=1.7147[epoch 20] lr=0.000075
2026-01-07 14:21:44,465 - rf_experiment - INFO - Epoch 20 [3200/3687] loss=2.0788[epoch 20] lr=0.000075
2026-01-07 14:22:29,100 - rf_experiment - INFO - Epoch 20 [3250/3687] loss=2.0181[epoch 20] lr=0.000075
2026-01-07 14:23:14,264 - rf_experiment - INFO - Epoch 20 [3300/3687] loss=1.9498[epoch 20] lr=0.000075
2026-01-07 14:23:57,895 - rf_experiment - INFO - Epoch 20 [3350/3687] loss=2.2337[epoch 20] lr=0.000075
2026-01-07 14:24:41,502 - rf_experiment - INFO - Epoch 20 [3400/3687] loss=2.2516[epoch 20] lr=0.000075
2026-01-07 14:25:25,841 - rf_experiment - INFO - Epoch 20 [3450/3687] loss=1.8430[epoch 20] lr=0.000075
2026-01-07 14:26:10,764 - rf_experiment - INFO - Epoch 20 [3500/3687] loss=1.9178[epoch 20] lr=0.000075
2026-01-07 14:26:55,268 - rf_experiment - INFO - Epoch 20 [3550/3687] loss=2.0035[epoch 20] lr=0.000075
2026-01-07 14:27:39,475 - rf_experiment - INFO - Epoch 20 [3600/3687] loss=2.0605[epoch 20] lr=0.000075
2026-01-07 14:28:24,064 - rf_experiment - INFO - Epoch 20 [3650/3687] loss=2.3086[epoch 20] lr=0.000075
2026-01-07 14:28:56,016 - rf_experiment - INFO - [epoch 20] train_loss=2.0726, train_acc=0.3339
2026-01-07 14:30:53,770 - rf_experiment - INFO - [epoch 20] val_loss=2.0842, val_acc=0.3293
2026-01-07 14:30:53,770 - rf_experiment - INFO - [epoch 20] no improvement in val_acc (streak=3)
2026-01-07 14:30:53,770 - rf_experiment - INFO - [epoch 21/40] training...
2026-01-07 14:31:39,552 - rf_experiment - INFO - Epoch 21 [50/3687] loss=1.8050[epoch 21] lr=0.000075
2026-01-07 14:32:25,375 - rf_experiment - INFO - Epoch 21 [100/3687] loss=2.1220[epoch 21] lr=0.000075
2026-01-07 14:33:10,824 - rf_experiment - INFO - Epoch 21 [150/3687] loss=2.1400[epoch 21] lr=0.000075
2026-01-07 14:33:55,510 - rf_experiment - INFO - Epoch 21 [200/3687] loss=1.9185[epoch 21] lr=0.000075
2026-01-07 14:34:40,134 - rf_experiment - INFO - Epoch 21 [250/3687] loss=1.9949[epoch 21] lr=0.000075
2026-01-07 14:35:25,182 - rf_experiment - INFO - Epoch 21 [300/3687] loss=2.2114[epoch 21] lr=0.000075
2026-01-07 14:36:10,495 - rf_experiment - INFO - Epoch 21 [350/3687] loss=2.0787[epoch 21] lr=0.000075
2026-01-07 14:36:55,554 - rf_experiment - INFO - Epoch 21 [400/3687] loss=2.0640[epoch 21] lr=0.000075
2026-01-07 14:37:39,703 - rf_experiment - INFO - Epoch 21 [450/3687] loss=2.0466[epoch 21] lr=0.000075
2026-01-07 14:38:24,786 - rf_experiment - INFO - Epoch 21 [500/3687] loss=1.9546[epoch 21] lr=0.000075
2026-01-07 14:39:10,030 - rf_experiment - INFO - Epoch 21 [550/3687] loss=2.0309[epoch 21] lr=0.000075
2026-01-07 14:39:55,208 - rf_experiment - INFO - Epoch 21 [600/3687] loss=2.2628[epoch 21] lr=0.000075
2026-01-07 14:40:40,165 - rf_experiment - INFO - Epoch 21 [650/3687] loss=2.0736[epoch 21] lr=0.000075
2026-01-07 14:41:24,355 - rf_experiment - INFO - Epoch 21 [700/3687] loss=2.1926[epoch 21] lr=0.000075
2026-01-07 14:42:09,196 - rf_experiment - INFO - Epoch 21 [750/3687] loss=1.9017[epoch 21] lr=0.000075
2026-01-07 14:42:54,203 - rf_experiment - INFO - Epoch 21 [800/3687] loss=2.1577[epoch 21] lr=0.000075
2026-01-07 14:43:39,125 - rf_experiment - INFO - Epoch 21 [850/3687] loss=2.2285[epoch 21] lr=0.000075
2026-01-07 14:44:23,882 - rf_experiment - INFO - Epoch 21 [900/3687] loss=1.9344[epoch 21] lr=0.000075
2026-01-07 14:45:07,493 - rf_experiment - INFO - Epoch 21 [950/3687] loss=2.1673[epoch 21] lr=0.000075
2026-01-07 14:45:43,537 - rf_experiment - INFO - Epoch 21 [1000/3687] loss=2.0021[epoch 21] lr=0.000075
2026-01-07 14:46:17,142 - rf_experiment - INFO - Epoch 21 [1050/3687] loss=1.8915[epoch 21] lr=0.000075
2026-01-07 14:46:51,086 - rf_experiment - INFO - Epoch 21 [1100/3687] loss=1.9875[epoch 21] lr=0.000075
2026-01-07 14:47:24,979 - rf_experiment - INFO - Epoch 21 [1150/3687] loss=2.0869[epoch 21] lr=0.000075
2026-01-07 14:47:58,713 - rf_experiment - INFO - Epoch 21 [1200/3687] loss=2.2210[epoch 21] lr=0.000075
2026-01-07 14:48:32,626 - rf_experiment - INFO - Epoch 21 [1250/3687] loss=2.0234[epoch 21] lr=0.000075
2026-01-07 14:49:06,945 - rf_experiment - INFO - Epoch 21 [1300/3687] loss=2.2177[epoch 21] lr=0.000075
2026-01-07 14:49:40,663 - rf_experiment - INFO - Epoch 21 [1350/3687] loss=2.3389[epoch 21] lr=0.000075
2026-01-07 14:50:14,398 - rf_experiment - INFO - Epoch 21 [1400/3687] loss=2.0590[epoch 21] lr=0.000075
2026-01-07 14:50:47,106 - rf_experiment - INFO - Epoch 21 [1450/3687] loss=2.0397[epoch 21] lr=0.000075
2026-01-07 14:51:19,899 - rf_experiment - INFO - Epoch 21 [1500/3687] loss=2.0961[epoch 21] lr=0.000075
2026-01-07 14:51:52,933 - rf_experiment - INFO - Epoch 21 [1550/3687] loss=2.1290[epoch 21] lr=0.000075
2026-01-07 14:52:26,171 - rf_experiment - INFO - Epoch 21 [1600/3687] loss=2.0748[epoch 21] lr=0.000075
2026-01-07 14:52:59,229 - rf_experiment - INFO - Epoch 21 [1650/3687] loss=2.1388[epoch 21] lr=0.000075
2026-01-07 14:53:32,282 - rf_experiment - INFO - Epoch 21 [1700/3687] loss=1.9703[epoch 21] lr=0.000075
2026-01-07 14:54:05,444 - rf_experiment - INFO - Epoch 21 [1750/3687] loss=2.3014[epoch 21] lr=0.000075
2026-01-07 14:54:38,492 - rf_experiment - INFO - Epoch 21 [1800/3687] loss=2.0825[epoch 21] lr=0.000075
2026-01-07 14:55:11,693 - rf_experiment - INFO - Epoch 21 [1850/3687] loss=1.9646[epoch 21] lr=0.000075
2026-01-07 14:55:44,737 - rf_experiment - INFO - Epoch 21 [1900/3687] loss=2.1535[epoch 21] lr=0.000075
2026-01-07 14:56:17,915 - rf_experiment - INFO - Epoch 21 [1950/3687] loss=2.3047[epoch 21] lr=0.000075
2026-01-07 14:56:51,099 - rf_experiment - INFO - Epoch 21 [2000/3687] loss=2.3254[epoch 21] lr=0.000075
2026-01-07 14:57:24,358 - rf_experiment - INFO - Epoch 21 [2050/3687] loss=2.0211[epoch 21] lr=0.000075
2026-01-07 14:57:57,633 - rf_experiment - INFO - Epoch 21 [2100/3687] loss=2.0058[epoch 21] lr=0.000075
2026-01-07 14:58:30,974 - rf_experiment - INFO - Epoch 21 [2150/3687] loss=1.9212[epoch 21] lr=0.000075
2026-01-07 14:59:04,252 - rf_experiment - INFO - Epoch 21 [2200/3687] loss=1.7066[epoch 21] lr=0.000075
2026-01-07 14:59:37,517 - rf_experiment - INFO - Epoch 21 [2250/3687] loss=2.2250[epoch 21] lr=0.000075
2026-01-07 15:00:10,588 - rf_experiment - INFO - Epoch 21 [2300/3687] loss=2.1338[epoch 21] lr=0.000075
2026-01-07 15:00:43,780 - rf_experiment - INFO - Epoch 21 [2350/3687] loss=1.8977[epoch 21] lr=0.000075
2026-01-07 15:01:16,884 - rf_experiment - INFO - Epoch 21 [2400/3687] loss=2.0726[epoch 21] lr=0.000075
2026-01-07 15:01:50,094 - rf_experiment - INFO - Epoch 21 [2450/3687] loss=1.8669[epoch 21] lr=0.000075
2026-01-07 15:02:23,103 - rf_experiment - INFO - Epoch 21 [2500/3687] loss=2.1445[epoch 21] lr=0.000075
2026-01-07 15:02:56,303 - rf_experiment - INFO - Epoch 21 [2550/3687] loss=2.1974[epoch 21] lr=0.000075
2026-01-07 15:03:29,386 - rf_experiment - INFO - Epoch 21 [2600/3687] loss=2.1416[epoch 21] lr=0.000075
2026-01-07 15:04:02,517 - rf_experiment - INFO - Epoch 21 [2650/3687] loss=2.0671[epoch 21] lr=0.000075
2026-01-07 15:04:35,616 - rf_experiment - INFO - Epoch 21 [2700/3687] loss=2.0988[epoch 21] lr=0.000075
2026-01-07 15:05:08,890 - rf_experiment - INFO - Epoch 21 [2750/3687] loss=1.9838[epoch 21] lr=0.000075
2026-01-07 15:05:41,894 - rf_experiment - INFO - Epoch 21 [2800/3687] loss=2.0536[epoch 21] lr=0.000075
2026-01-07 15:06:15,139 - rf_experiment - INFO - Epoch 21 [2850/3687] loss=1.8950[epoch 21] lr=0.000075
2026-01-07 15:06:48,248 - rf_experiment - INFO - Epoch 21 [2900/3687] loss=2.1635[epoch 21] lr=0.000075
2026-01-07 15:07:21,498 - rf_experiment - INFO - Epoch 21 [2950/3687] loss=1.9853[epoch 21] lr=0.000075
2026-01-07 15:07:54,572 - rf_experiment - INFO - Epoch 21 [3000/3687] loss=1.9903[epoch 21] lr=0.000075
2026-01-07 15:08:27,822 - rf_experiment - INFO - Epoch 21 [3050/3687] loss=2.1139[epoch 21] lr=0.000075
2026-01-07 15:09:00,979 - rf_experiment - INFO - Epoch 21 [3100/3687] loss=2.1200[epoch 21] lr=0.000075
2026-01-07 15:09:34,134 - rf_experiment - INFO - Epoch 21 [3150/3687] loss=2.1206[epoch 21] lr=0.000075
2026-01-07 15:10:16,851 - rf_experiment - INFO - Epoch 21 [3200/3687] loss=2.1841[epoch 21] lr=0.000075
2026-01-07 15:10:49,419 - rf_experiment - INFO - Epoch 21 [3250/3687] loss=2.1179[epoch 21] lr=0.000075
2026-01-07 15:11:27,624 - rf_experiment - INFO - Epoch 21 [3300/3687] loss=1.9740[epoch 21] lr=0.000075
2026-01-07 15:12:07,148 - rf_experiment - INFO - Epoch 21 [3350/3687] loss=2.1329[epoch 21] lr=0.000075
2026-01-07 15:12:40,431 - rf_experiment - INFO - Epoch 21 [3400/3687] loss=1.9038[epoch 21] lr=0.000075
2026-01-07 15:13:13,675 - rf_experiment - INFO - Epoch 21 [3450/3687] loss=2.0815[epoch 21] lr=0.000075
2026-01-07 15:13:46,615 - rf_experiment - INFO - Epoch 21 [3500/3687] loss=2.0635[epoch 21] lr=0.000075
2026-01-07 15:14:19,931 - rf_experiment - INFO - Epoch 21 [3550/3687] loss=1.9916[epoch 21] lr=0.000075
2026-01-07 15:14:53,134 - rf_experiment - INFO - Epoch 21 [3600/3687] loss=2.0613[epoch 21] lr=0.000075
2026-01-07 15:15:26,269 - rf_experiment - INFO - Epoch 21 [3650/3687] loss=1.9512[epoch 21] lr=0.000075
2026-01-07 15:15:50,614 - rf_experiment - INFO - [epoch 21] train_loss=2.0707, train_acc=0.3343
2026-01-07 15:17:12,906 - rf_experiment - INFO - [epoch 21] val_loss=2.0915, val_acc=0.3310
2026-01-07 15:17:12,907 - rf_experiment - INFO - [epoch 21] no improvement in val_acc (streak=4)
2026-01-07 15:17:12,907 - rf_experiment - INFO - [epoch 22/40] training...
2026-01-07 15:17:45,709 - rf_experiment - INFO - Epoch 22 [50/3687] loss=2.2504[epoch 22] lr=0.000075
2026-01-07 15:18:18,277 - rf_experiment - INFO - Epoch 22 [100/3687] loss=2.1613[epoch 22] lr=0.000075
2026-01-07 15:18:51,273 - rf_experiment - INFO - Epoch 22 [150/3687] loss=2.3783[epoch 22] lr=0.000075
2026-01-07 15:19:24,284 - rf_experiment - INFO - Epoch 22 [200/3687] loss=2.1729[epoch 22] lr=0.000075
2026-01-07 15:19:57,247 - rf_experiment - INFO - Epoch 22 [250/3687] loss=2.4569[epoch 22] lr=0.000075
2026-01-07 15:20:30,246 - rf_experiment - INFO - Epoch 22 [300/3687] loss=1.9570[epoch 22] lr=0.000075
2026-01-07 15:21:03,250 - rf_experiment - INFO - Epoch 22 [350/3687] loss=1.9387[epoch 22] lr=0.000075
2026-01-07 15:21:36,199 - rf_experiment - INFO - Epoch 22 [400/3687] loss=2.1647[epoch 22] lr=0.000075
2026-01-07 15:22:09,153 - rf_experiment - INFO - Epoch 22 [450/3687] loss=2.1798[epoch 22] lr=0.000075
2026-01-07 15:22:41,976 - rf_experiment - INFO - Epoch 22 [500/3687] loss=1.7715[epoch 22] lr=0.000075
2026-01-07 15:23:14,857 - rf_experiment - INFO - Epoch 22 [550/3687] loss=1.9687[epoch 22] lr=0.000075
2026-01-07 15:23:47,699 - rf_experiment - INFO - Epoch 22 [600/3687] loss=1.9665[epoch 22] lr=0.000075
2026-01-07 15:24:20,531 - rf_experiment - INFO - Epoch 22 [650/3687] loss=2.2899[epoch 22] lr=0.000075
2026-01-07 15:24:53,380 - rf_experiment - INFO - Epoch 22 [700/3687] loss=1.9517[epoch 22] lr=0.000075
2026-01-07 15:25:26,548 - rf_experiment - INFO - Epoch 22 [750/3687] loss=2.1226[epoch 22] lr=0.000075
2026-01-07 15:25:59,438 - rf_experiment - INFO - Epoch 22 [800/3687] loss=2.2679[epoch 22] lr=0.000075
2026-01-07 15:26:32,191 - rf_experiment - INFO - Epoch 22 [850/3687] loss=1.9381[epoch 22] lr=0.000075
2026-01-07 15:27:05,019 - rf_experiment - INFO - Epoch 22 [900/3687] loss=1.7263[epoch 22] lr=0.000075
2026-01-07 15:27:37,994 - rf_experiment - INFO - Epoch 22 [950/3687] loss=2.1340[epoch 22] lr=0.000075
2026-01-07 15:28:10,865 - rf_experiment - INFO - Epoch 22 [1000/3687] loss=2.2431[epoch 22] lr=0.000075
2026-01-07 15:28:43,688 - rf_experiment - INFO - Epoch 22 [1050/3687] loss=2.0703[epoch 22] lr=0.000075
2026-01-07 15:29:16,760 - rf_experiment - INFO - Epoch 22 [1100/3687] loss=2.0671[epoch 22] lr=0.000075
2026-01-07 15:29:50,032 - rf_experiment - INFO - Epoch 22 [1150/3687] loss=2.0931[epoch 22] lr=0.000075
2026-01-07 15:30:23,128 - rf_experiment - INFO - Epoch 22 [1200/3687] loss=2.0760[epoch 22] lr=0.000075
2026-01-07 15:30:56,185 - rf_experiment - INFO - Epoch 22 [1250/3687] loss=2.1385[epoch 22] lr=0.000075
2026-01-07 15:31:29,046 - rf_experiment - INFO - Epoch 22 [1300/3687] loss=2.2231[epoch 22] lr=0.000075
2026-01-07 15:32:02,028 - rf_experiment - INFO - Epoch 22 [1350/3687] loss=2.0944[epoch 22] lr=0.000075
2026-01-07 15:32:35,009 - rf_experiment - INFO - Epoch 22 [1400/3687] loss=2.0544[epoch 22] lr=0.000075
2026-01-07 15:33:08,175 - rf_experiment - INFO - Epoch 22 [1450/3687] loss=1.7906[epoch 22] lr=0.000075
2026-01-07 15:33:41,009 - rf_experiment - INFO - Epoch 22 [1500/3687] loss=1.9502[epoch 22] lr=0.000075
2026-01-07 15:34:14,207 - rf_experiment - INFO - Epoch 22 [1550/3687] loss=2.1298[epoch 22] lr=0.000075
2026-01-07 15:34:47,409 - rf_experiment - INFO - Epoch 22 [1600/3687] loss=1.9002[epoch 22] lr=0.000075
2026-01-07 15:35:20,965 - rf_experiment - INFO - Epoch 22 [1650/3687] loss=2.1831[epoch 22] lr=0.000075
2026-01-07 15:35:54,069 - rf_experiment - INFO - Epoch 22 [1700/3687] loss=2.1741[epoch 22] lr=0.000075
2026-01-07 15:36:27,121 - rf_experiment - INFO - Epoch 22 [1750/3687] loss=2.2636[epoch 22] lr=0.000075
2026-01-07 15:37:00,257 - rf_experiment - INFO - Epoch 22 [1800/3687] loss=2.1387[epoch 22] lr=0.000075
2026-01-07 15:37:33,728 - rf_experiment - INFO - Epoch 22 [1850/3687] loss=2.0951[epoch 22] lr=0.000075
2026-01-07 15:38:07,049 - rf_experiment - INFO - Epoch 22 [1900/3687] loss=2.0074[epoch 22] lr=0.000075
2026-01-07 15:38:40,073 - rf_experiment - INFO - Epoch 22 [1950/3687] loss=2.1765[epoch 22] lr=0.000075
2026-01-07 15:39:13,080 - rf_experiment - INFO - Epoch 22 [2000/3687] loss=2.1367[epoch 22] lr=0.000075
2026-01-07 15:39:45,927 - rf_experiment - INFO - Epoch 22 [2050/3687] loss=1.9729[epoch 22] lr=0.000075
2026-01-07 15:40:19,067 - rf_experiment - INFO - Epoch 22 [2100/3687] loss=2.0999[epoch 22] lr=0.000075
2026-01-07 15:40:51,972 - rf_experiment - INFO - Epoch 22 [2150/3687] loss=2.2346[epoch 22] lr=0.000075
2026-01-07 15:41:25,025 - rf_experiment - INFO - Epoch 22 [2200/3687] loss=1.8947[epoch 22] lr=0.000075
2026-01-07 15:41:58,299 - rf_experiment - INFO - Epoch 22 [2250/3687] loss=2.1081[epoch 22] lr=0.000075
2026-01-07 15:42:31,475 - rf_experiment - INFO - Epoch 22 [2300/3687] loss=2.0103[epoch 22] lr=0.000075
2026-01-07 15:43:04,337 - rf_experiment - INFO - Epoch 22 [2350/3687] loss=2.0122[epoch 22] lr=0.000075
2026-01-07 15:43:37,380 - rf_experiment - INFO - Epoch 22 [2400/3687] loss=2.2956[epoch 22] lr=0.000075
2026-01-07 15:44:11,604 - rf_experiment - INFO - Epoch 22 [2450/3687] loss=2.0423[epoch 22] lr=0.000075
2026-01-07 15:44:44,567 - rf_experiment - INFO - Epoch 22 [2500/3687] loss=2.0820[epoch 22] lr=0.000075
2026-01-07 15:45:17,690 - rf_experiment - INFO - Epoch 22 [2550/3687] loss=1.9518[epoch 22] lr=0.000075
2026-01-07 15:45:50,689 - rf_experiment - INFO - Epoch 22 [2600/3687] loss=1.8566[epoch 22] lr=0.000075
2026-01-07 15:46:23,877 - rf_experiment - INFO - Epoch 22 [2650/3687] loss=2.0006[epoch 22] lr=0.000075
2026-01-07 15:46:56,897 - rf_experiment - INFO - Epoch 22 [2700/3687] loss=2.2607[epoch 22] lr=0.000075
2026-01-07 15:47:29,835 - rf_experiment - INFO - Epoch 22 [2750/3687] loss=2.0090[epoch 22] lr=0.000075
2026-01-07 15:48:02,832 - rf_experiment - INFO - Epoch 22 [2800/3687] loss=1.9104[epoch 22] lr=0.000075
2026-01-07 15:48:35,721 - rf_experiment - INFO - Epoch 22 [2850/3687] loss=2.2267[epoch 22] lr=0.000075
2026-01-07 15:49:08,742 - rf_experiment - INFO - Epoch 22 [2900/3687] loss=2.3109[epoch 22] lr=0.000075
2026-01-07 15:49:41,634 - rf_experiment - INFO - Epoch 22 [2950/3687] loss=1.9059[epoch 22] lr=0.000075
2026-01-07 15:50:14,516 - rf_experiment - INFO - Epoch 22 [3000/3687] loss=2.0585[epoch 22] lr=0.000075
2026-01-07 15:50:47,469 - rf_experiment - INFO - Epoch 22 [3050/3687] loss=2.1706[epoch 22] lr=0.000075
2026-01-07 15:51:20,460 - rf_experiment - INFO - Epoch 22 [3100/3687] loss=2.0505[epoch 22] lr=0.000075
2026-01-07 15:51:53,404 - rf_experiment - INFO - Epoch 22 [3150/3687] loss=1.8433[epoch 22] lr=0.000075
2026-01-07 15:52:26,251 - rf_experiment - INFO - Epoch 22 [3200/3687] loss=1.7452[epoch 22] lr=0.000075
2026-01-07 15:52:59,263 - rf_experiment - INFO - Epoch 22 [3250/3687] loss=2.1648[epoch 22] lr=0.000075
2026-01-07 15:53:32,281 - rf_experiment - INFO - Epoch 22 [3300/3687] loss=2.1939[epoch 22] lr=0.000075
2026-01-07 15:54:05,488 - rf_experiment - INFO - Epoch 22 [3350/3687] loss=2.1594[epoch 22] lr=0.000075
2026-01-07 15:54:38,518 - rf_experiment - INFO - Epoch 22 [3400/3687] loss=2.4668[epoch 22] lr=0.000075
2026-01-07 15:55:12,021 - rf_experiment - INFO - Epoch 22 [3450/3687] loss=1.8953[epoch 22] lr=0.000075
2026-01-07 15:55:44,933 - rf_experiment - INFO - Epoch 22 [3500/3687] loss=2.1462[epoch 22] lr=0.000075
2026-01-07 15:56:18,116 - rf_experiment - INFO - Epoch 22 [3550/3687] loss=2.0861[epoch 22] lr=0.000075
2026-01-07 15:56:50,870 - rf_experiment - INFO - Epoch 22 [3600/3687] loss=2.0575[epoch 22] lr=0.000075
2026-01-07 15:57:23,780 - rf_experiment - INFO - Epoch 22 [3650/3687] loss=1.8769[epoch 22] lr=0.000075
2026-01-07 15:57:47,954 - rf_experiment - INFO - [epoch 22] train_loss=2.0705, train_acc=0.3341
2026-01-07 15:59:10,474 - rf_experiment - INFO - [epoch 22] val_loss=2.0896, val_acc=0.3285
2026-01-07 15:59:10,475 - rf_experiment - INFO - [epoch 22] no improvement in val_acc (streak=5)
2026-01-07 15:59:10,475 - rf_experiment - INFO - [epoch 23/40] training...
2026-01-07 15:59:43,194 - rf_experiment - INFO - Epoch 23 [50/3687] loss=2.1444[epoch 23] lr=0.000075
2026-01-07 16:00:16,148 - rf_experiment - INFO - Epoch 23 [100/3687] loss=1.9147[epoch 23] lr=0.000075
2026-01-07 16:00:49,064 - rf_experiment - INFO - Epoch 23 [150/3687] loss=2.1363[epoch 23] lr=0.000075
2026-01-07 16:01:22,033 - rf_experiment - INFO - Epoch 23 [200/3687] loss=1.9346[epoch 23] lr=0.000075
2026-01-07 16:01:54,918 - rf_experiment - INFO - Epoch 23 [250/3687] loss=1.9453[epoch 23] lr=0.000075
2026-01-07 16:02:27,840 - rf_experiment - INFO - Epoch 23 [300/3687] loss=1.8827[epoch 23] lr=0.000075
2026-01-07 16:03:00,715 - rf_experiment - INFO - Epoch 23 [350/3687] loss=2.3221[epoch 23] lr=0.000075
2026-01-07 16:03:33,585 - rf_experiment - INFO - Epoch 23 [400/3687] loss=2.0204[epoch 23] lr=0.000075
2026-01-07 16:04:06,448 - rf_experiment - INFO - Epoch 23 [450/3687] loss=1.9769[epoch 23] lr=0.000075
2026-01-07 16:04:39,405 - rf_experiment - INFO - Epoch 23 [500/3687] loss=2.3435[epoch 23] lr=0.000075
2026-01-07 16:05:12,284 - rf_experiment - INFO - Epoch 23 [550/3687] loss=1.9301[epoch 23] lr=0.000075
2026-01-07 16:05:45,156 - rf_experiment - INFO - Epoch 23 [600/3687] loss=2.1391[epoch 23] lr=0.000075
2026-01-07 16:06:18,026 - rf_experiment - INFO - Epoch 23 [650/3687] loss=2.2996[epoch 23] lr=0.000075
2026-01-07 16:06:51,004 - rf_experiment - INFO - Epoch 23 [700/3687] loss=1.8190[epoch 23] lr=0.000075
2026-01-07 16:07:23,919 - rf_experiment - INFO - Epoch 23 [750/3687] loss=2.1861[epoch 23] lr=0.000075
2026-01-07 16:07:57,161 - rf_experiment - INFO - Epoch 23 [800/3687] loss=2.0302[epoch 23] lr=0.000075
2026-01-07 16:08:30,123 - rf_experiment - INFO - Epoch 23 [850/3687] loss=1.9782[epoch 23] lr=0.000075
2026-01-07 16:09:03,023 - rf_experiment - INFO - Epoch 23 [900/3687] loss=2.0242[epoch 23] lr=0.000075
2026-01-07 16:09:35,761 - rf_experiment - INFO - Epoch 23 [950/3687] loss=2.0793[epoch 23] lr=0.000075
2026-01-07 16:10:08,498 - rf_experiment - INFO - Epoch 23 [1000/3687] loss=1.7817[epoch 23] lr=0.000075
2026-01-07 16:10:41,077 - rf_experiment - INFO - Epoch 23 [1050/3687] loss=2.1125[epoch 23] lr=0.000075
2026-01-07 16:11:13,829 - rf_experiment - INFO - Epoch 23 [1100/3687] loss=2.2897[epoch 23] lr=0.000075
2026-01-07 16:11:46,563 - rf_experiment - INFO - Epoch 23 [1150/3687] loss=1.7179[epoch 23] lr=0.000075
2026-01-07 16:12:19,360 - rf_experiment - INFO - Epoch 23 [1200/3687] loss=1.9992[epoch 23] lr=0.000075
2026-01-07 16:12:51,985 - rf_experiment - INFO - Epoch 23 [1250/3687] loss=1.9716[epoch 23] lr=0.000075
2026-01-07 16:13:24,700 - rf_experiment - INFO - Epoch 23 [1300/3687] loss=1.6777[epoch 23] lr=0.000075
2026-01-07 16:13:57,302 - rf_experiment - INFO - Epoch 23 [1350/3687] loss=2.0160[epoch 23] lr=0.000075
2026-01-07 16:14:30,069 - rf_experiment - INFO - Epoch 23 [1400/3687] loss=2.2791[epoch 23] lr=0.000075
2026-01-07 16:15:02,929 - rf_experiment - INFO - Epoch 23 [1450/3687] loss=2.0476[epoch 23] lr=0.000075
2026-01-07 16:15:35,776 - rf_experiment - INFO - Epoch 23 [1500/3687] loss=2.1129[epoch 23] lr=0.000075
2026-01-07 16:16:08,526 - rf_experiment - INFO - Epoch 23 [1550/3687] loss=1.9350[epoch 23] lr=0.000075
2026-01-07 16:16:41,489 - rf_experiment - INFO - Epoch 23 [1600/3687] loss=2.2357[epoch 23] lr=0.000075
2026-01-07 16:17:14,310 - rf_experiment - INFO - Epoch 23 [1650/3687] loss=1.9089[epoch 23] lr=0.000075
2026-01-07 16:17:47,109 - rf_experiment - INFO - Epoch 23 [1700/3687] loss=1.9126[epoch 23] lr=0.000075
2026-01-07 16:18:19,993 - rf_experiment - INFO - Epoch 23 [1750/3687] loss=2.2131[epoch 23] lr=0.000075
2026-01-07 16:18:52,756 - rf_experiment - INFO - Epoch 23 [1800/3687] loss=1.9408[epoch 23] lr=0.000075
2026-01-07 16:19:25,693 - rf_experiment - INFO - Epoch 23 [1850/3687] loss=2.0893[epoch 23] lr=0.000075
2026-01-07 16:19:58,456 - rf_experiment - INFO - Epoch 23 [1900/3687] loss=2.3260[epoch 23] lr=0.000075
2026-01-07 16:20:31,236 - rf_experiment - INFO - Epoch 23 [1950/3687] loss=2.0590[epoch 23] lr=0.000075
2026-01-07 16:21:04,073 - rf_experiment - INFO - Epoch 23 [2000/3687] loss=2.1079[epoch 23] lr=0.000075
2026-01-07 16:21:36,795 - rf_experiment - INFO - Epoch 23 [2050/3687] loss=2.1335[epoch 23] lr=0.000075
2026-01-07 16:22:09,403 - rf_experiment - INFO - Epoch 23 [2100/3687] loss=2.2048[epoch 23] lr=0.000075
2026-01-07 16:22:42,135 - rf_experiment - INFO - Epoch 23 [2150/3687] loss=2.3319[epoch 23] lr=0.000075
2026-01-07 16:23:14,897 - rf_experiment - INFO - Epoch 23 [2200/3687] loss=2.0551[epoch 23] lr=0.000075
2026-01-07 16:23:47,674 - rf_experiment - INFO - Epoch 23 [2250/3687] loss=2.0960[epoch 23] lr=0.000075
2026-01-07 16:24:20,470 - rf_experiment - INFO - Epoch 23 [2300/3687] loss=2.1043[epoch 23] lr=0.000075
2026-01-07 16:24:53,238 - rf_experiment - INFO - Epoch 23 [2350/3687] loss=2.0056[epoch 23] lr=0.000075
2026-01-07 16:25:26,050 - rf_experiment - INFO - Epoch 23 [2400/3687] loss=2.1625[epoch 23] lr=0.000075
2026-01-07 16:25:58,865 - rf_experiment - INFO - Epoch 23 [2450/3687] loss=2.3647[epoch 23] lr=0.000075
2026-01-07 16:26:31,517 - rf_experiment - INFO - Epoch 23 [2500/3687] loss=2.2375[epoch 23] lr=0.000075
2026-01-07 16:27:04,424 - rf_experiment - INFO - Epoch 23 [2550/3687] loss=1.8475[epoch 23] lr=0.000075
2026-01-07 16:27:37,070 - rf_experiment - INFO - Epoch 23 [2600/3687] loss=2.3791[epoch 23] lr=0.000075
2026-01-07 16:28:09,920 - rf_experiment - INFO - Epoch 23 [2650/3687] loss=2.1654[epoch 23] lr=0.000075
2026-01-07 16:28:42,441 - rf_experiment - INFO - Epoch 23 [2700/3687] loss=1.8562[epoch 23] lr=0.000075
2026-01-07 16:29:15,322 - rf_experiment - INFO - Epoch 23 [2750/3687] loss=2.2276[epoch 23] lr=0.000075
2026-01-07 16:29:47,998 - rf_experiment - INFO - Epoch 23 [2800/3687] loss=2.0165[epoch 23] lr=0.000075
2026-01-07 16:30:20,809 - rf_experiment - INFO - Epoch 23 [2850/3687] loss=1.6919[epoch 23] lr=0.000075
2026-01-07 16:30:53,556 - rf_experiment - INFO - Epoch 23 [2900/3687] loss=2.1702[epoch 23] lr=0.000075
2026-01-07 16:31:26,456 - rf_experiment - INFO - Epoch 23 [2950/3687] loss=2.0796[epoch 23] lr=0.000075
2026-01-07 16:31:59,302 - rf_experiment - INFO - Epoch 23 [3000/3687] loss=1.9044[epoch 23] lr=0.000075
2026-01-07 16:32:32,091 - rf_experiment - INFO - Epoch 23 [3050/3687] loss=2.1525[epoch 23] lr=0.000075
2026-01-07 16:33:04,886 - rf_experiment - INFO - Epoch 23 [3100/3687] loss=2.1089[epoch 23] lr=0.000075
2026-01-07 16:33:37,644 - rf_experiment - INFO - Epoch 23 [3150/3687] loss=2.0540[epoch 23] lr=0.000075
2026-01-07 16:34:10,353 - rf_experiment - INFO - Epoch 23 [3200/3687] loss=2.0110[epoch 23] lr=0.000075
2026-01-07 16:34:43,155 - rf_experiment - INFO - Epoch 23 [3250/3687] loss=1.9229[epoch 23] lr=0.000075
2026-01-07 16:35:15,930 - rf_experiment - INFO - Epoch 23 [3300/3687] loss=2.0473[epoch 23] lr=0.000075
2026-01-07 16:35:48,781 - rf_experiment - INFO - Epoch 23 [3350/3687] loss=1.8848[epoch 23] lr=0.000075
2026-01-07 16:36:21,610 - rf_experiment - INFO - Epoch 23 [3400/3687] loss=1.9561[epoch 23] lr=0.000075
2026-01-07 16:36:54,455 - rf_experiment - INFO - Epoch 23 [3450/3687] loss=2.0108[epoch 23] lr=0.000075
2026-01-07 16:37:27,310 - rf_experiment - INFO - Epoch 23 [3500/3687] loss=2.1119[epoch 23] lr=0.000075
2026-01-07 16:38:00,172 - rf_experiment - INFO - Epoch 23 [3550/3687] loss=2.0618[epoch 23] lr=0.000075
2026-01-07 16:38:32,802 - rf_experiment - INFO - Epoch 23 [3600/3687] loss=2.2241[epoch 23] lr=0.000075
2026-01-07 16:39:05,601 - rf_experiment - INFO - Epoch 23 [3650/3687] loss=2.0344[epoch 23] lr=0.000075
2026-01-07 16:39:29,580 - rf_experiment - INFO - [epoch 23] train_loss=2.0682, train_acc=0.3358
2026-01-07 16:40:47,200 - rf_experiment - INFO - [epoch 23] val_loss=2.0834, val_acc=0.3296
2026-01-07 16:40:47,201 - rf_experiment - INFO - [epoch 23] no improvement in val_acc (streak=6)
2026-01-07 16:40:47,201 - rf_experiment - INFO - [epoch 24/40] training...
2026-01-07 16:41:19,681 - rf_experiment - INFO - Epoch 24 [50/3687] loss=2.0930[epoch 24] lr=0.000075
2026-01-07 16:41:52,536 - rf_experiment - INFO - Epoch 24 [100/3687] loss=2.1451[epoch 24] lr=0.000075
2026-01-07 16:42:25,168 - rf_experiment - INFO - Epoch 24 [150/3687] loss=2.1154[epoch 24] lr=0.000075
2026-01-07 16:42:57,889 - rf_experiment - INFO - Epoch 24 [200/3687] loss=1.9002[epoch 24] lr=0.000075
2026-01-07 16:43:30,524 - rf_experiment - INFO - Epoch 24 [250/3687] loss=1.8518[epoch 24] lr=0.000075
2026-01-07 16:44:03,243 - rf_experiment - INFO - Epoch 24 [300/3687] loss=2.2974[epoch 24] lr=0.000075
2026-01-07 16:44:35,917 - rf_experiment - INFO - Epoch 24 [350/3687] loss=2.1801[epoch 24] lr=0.000075
2026-01-07 16:45:08,723 - rf_experiment - INFO - Epoch 24 [400/3687] loss=2.2809[epoch 24] lr=0.000075
2026-01-07 16:45:41,412 - rf_experiment - INFO - Epoch 24 [450/3687] loss=2.2324[epoch 24] lr=0.000075
2026-01-07 16:46:14,280 - rf_experiment - INFO - Epoch 24 [500/3687] loss=2.0371[epoch 24] lr=0.000075
2026-01-07 16:46:46,860 - rf_experiment - INFO - Epoch 24 [550/3687] loss=2.2223[epoch 24] lr=0.000075
2026-01-07 16:47:19,671 - rf_experiment - INFO - Epoch 24 [600/3687] loss=1.8211[epoch 24] lr=0.000075
2026-01-07 16:47:52,302 - rf_experiment - INFO - Epoch 24 [650/3687] loss=2.0913[epoch 24] lr=0.000075
2026-01-07 16:48:25,109 - rf_experiment - INFO - Epoch 24 [700/3687] loss=2.3427[epoch 24] lr=0.000075
2026-01-07 16:48:57,719 - rf_experiment - INFO - Epoch 24 [750/3687] loss=2.0426[epoch 24] lr=0.000075
2026-01-07 16:49:30,506 - rf_experiment - INFO - Epoch 24 [800/3687] loss=1.9568[epoch 24] lr=0.000075
2026-01-07 16:50:03,205 - rf_experiment - INFO - Epoch 24 [850/3687] loss=1.9758[epoch 24] lr=0.000075
2026-01-07 16:50:35,929 - rf_experiment - INFO - Epoch 24 [900/3687] loss=2.0267[epoch 24] lr=0.000075
2026-01-07 16:51:08,753 - rf_experiment - INFO - Epoch 24 [950/3687] loss=1.9752[epoch 24] lr=0.000075
2026-01-07 16:51:41,442 - rf_experiment - INFO - Epoch 24 [1000/3687] loss=2.0489[epoch 24] lr=0.000075
2026-01-07 16:52:14,118 - rf_experiment - INFO - Epoch 24 [1050/3687] loss=1.8344[epoch 24] lr=0.000075
2026-01-07 16:52:46,811 - rf_experiment - INFO - Epoch 24 [1100/3687] loss=2.1389[epoch 24] lr=0.000075
2026-01-07 16:53:19,570 - rf_experiment - INFO - Epoch 24 [1150/3687] loss=2.0411[epoch 24] lr=0.000075
2026-01-07 16:53:52,335 - rf_experiment - INFO - Epoch 24 [1200/3687] loss=2.0891[epoch 24] lr=0.000075
2026-01-07 16:54:25,094 - rf_experiment - INFO - Epoch 24 [1250/3687] loss=1.9520[epoch 24] lr=0.000075
2026-01-07 16:54:57,705 - rf_experiment - INFO - Epoch 24 [1300/3687] loss=2.3769[epoch 24] lr=0.000075
2026-01-07 16:55:30,434 - rf_experiment - INFO - Epoch 24 [1350/3687] loss=2.3392[epoch 24] lr=0.000075
2026-01-07 16:56:03,234 - rf_experiment - INFO - Epoch 24 [1400/3687] loss=2.1672[epoch 24] lr=0.000075
2026-01-07 16:56:35,898 - rf_experiment - INFO - Epoch 24 [1450/3687] loss=2.1447[epoch 24] lr=0.000075
2026-01-07 16:57:08,696 - rf_experiment - INFO - Epoch 24 [1500/3687] loss=2.2130[epoch 24] lr=0.000075
2026-01-07 16:57:41,419 - rf_experiment - INFO - Epoch 24 [1550/3687] loss=2.1555[epoch 24] lr=0.000075
2026-01-07 16:58:14,199 - rf_experiment - INFO - Epoch 24 [1600/3687] loss=2.1547[epoch 24] lr=0.000075
2026-01-07 16:58:47,017 - rf_experiment - INFO - Epoch 24 [1650/3687] loss=2.0541[epoch 24] lr=0.000075
2026-01-07 16:59:19,930 - rf_experiment - INFO - Epoch 24 [1700/3687] loss=1.9649[epoch 24] lr=0.000075
2026-01-07 16:59:52,555 - rf_experiment - INFO - Epoch 24 [1750/3687] loss=2.0393[epoch 24] lr=0.000075
2026-01-07 17:00:25,316 - rf_experiment - INFO - Epoch 24 [1800/3687] loss=1.9580[epoch 24] lr=0.000075
2026-01-07 17:00:58,020 - rf_experiment - INFO - Epoch 24 [1850/3687] loss=2.3199[epoch 24] lr=0.000075
2026-01-07 17:01:30,586 - rf_experiment - INFO - Epoch 24 [1900/3687] loss=2.1971[epoch 24] lr=0.000075
2026-01-07 17:02:03,323 - rf_experiment - INFO - Epoch 24 [1950/3687] loss=2.0297[epoch 24] lr=0.000075
2026-01-07 17:02:36,107 - rf_experiment - INFO - Epoch 24 [2000/3687] loss=2.4377[epoch 24] lr=0.000075
2026-01-07 17:03:08,888 - rf_experiment - INFO - Epoch 24 [2050/3687] loss=1.9937[epoch 24] lr=0.000075
2026-01-07 17:03:41,595 - rf_experiment - INFO - Epoch 24 [2100/3687] loss=2.1880[epoch 24] lr=0.000075
2026-01-07 17:04:14,351 - rf_experiment - INFO - Epoch 24 [2150/3687] loss=2.1957[epoch 24] lr=0.000075
2026-01-07 17:04:47,051 - rf_experiment - INFO - Epoch 24 [2200/3687] loss=1.9294[epoch 24] lr=0.000075
2026-01-07 17:05:19,717 - rf_experiment - INFO - Epoch 24 [2250/3687] loss=2.0139[epoch 24] lr=0.000075
2026-01-07 17:05:52,345 - rf_experiment - INFO - Epoch 24 [2300/3687] loss=2.0432[epoch 24] lr=0.000075
2026-01-07 17:06:25,157 - rf_experiment - INFO - Epoch 24 [2350/3687] loss=2.2339[epoch 24] lr=0.000075
2026-01-07 17:06:57,932 - rf_experiment - INFO - Epoch 24 [2400/3687] loss=2.0683[epoch 24] lr=0.000075
2026-01-07 17:07:30,588 - rf_experiment - INFO - Epoch 24 [2450/3687] loss=1.9727[epoch 24] lr=0.000075
2026-01-07 17:08:03,393 - rf_experiment - INFO - Epoch 24 [2500/3687] loss=2.1077[epoch 24] lr=0.000075
2026-01-07 17:08:36,117 - rf_experiment - INFO - Epoch 24 [2550/3687] loss=2.3456[epoch 24] lr=0.000075
2026-01-07 17:09:08,840 - rf_experiment - INFO - Epoch 24 [2600/3687] loss=1.9885[epoch 24] lr=0.000075
2026-01-07 17:09:41,573 - rf_experiment - INFO - Epoch 24 [2650/3687] loss=2.2169[epoch 24] lr=0.000075
2026-01-07 17:10:14,297 - rf_experiment - INFO - Epoch 24 [2700/3687] loss=1.6661[epoch 24] lr=0.000075
2026-01-07 17:10:46,929 - rf_experiment - INFO - Epoch 24 [2750/3687] loss=1.8270[epoch 24] lr=0.000075
2026-01-07 17:11:19,717 - rf_experiment - INFO - Epoch 24 [2800/3687] loss=2.1114[epoch 24] lr=0.000075
2026-01-07 17:11:52,439 - rf_experiment - INFO - Epoch 24 [2850/3687] loss=2.2587[epoch 24] lr=0.000075
2026-01-07 17:12:25,190 - rf_experiment - INFO - Epoch 24 [2900/3687] loss=2.1432[epoch 24] lr=0.000075
2026-01-07 17:12:58,031 - rf_experiment - INFO - Epoch 24 [2950/3687] loss=2.3891[epoch 24] lr=0.000075
2026-01-07 17:13:30,709 - rf_experiment - INFO - Epoch 24 [3000/3687] loss=2.0718[epoch 24] lr=0.000075
2026-01-07 17:14:03,488 - rf_experiment - INFO - Epoch 24 [3050/3687] loss=2.1265[epoch 24] lr=0.000075
2026-01-07 17:14:36,220 - rf_experiment - INFO - Epoch 24 [3100/3687] loss=1.7424[epoch 24] lr=0.000075
2026-01-07 17:15:08,970 - rf_experiment - INFO - Epoch 24 [3150/3687] loss=1.9602[epoch 24] lr=0.000075
2026-01-07 17:15:41,588 - rf_experiment - INFO - Epoch 24 [3200/3687] loss=2.0609[epoch 24] lr=0.000075
2026-01-07 17:16:14,460 - rf_experiment - INFO - Epoch 24 [3250/3687] loss=1.8757[epoch 24] lr=0.000075
2026-01-07 17:16:47,054 - rf_experiment - INFO - Epoch 24 [3300/3687] loss=2.3061[epoch 24] lr=0.000075
2026-01-07 17:17:19,870 - rf_experiment - INFO - Epoch 24 [3350/3687] loss=1.8844[epoch 24] lr=0.000075
2026-01-07 17:17:52,524 - rf_experiment - INFO - Epoch 24 [3400/3687] loss=2.0699[epoch 24] lr=0.000075
2026-01-07 17:18:25,417 - rf_experiment - INFO - Epoch 24 [3450/3687] loss=1.8190[epoch 24] lr=0.000075
2026-01-07 17:18:58,118 - rf_experiment - INFO - Epoch 24 [3500/3687] loss=1.9829[epoch 24] lr=0.000075
2026-01-07 17:19:30,901 - rf_experiment - INFO - Epoch 24 [3550/3687] loss=2.2591[epoch 24] lr=0.000075
2026-01-07 17:20:03,735 - rf_experiment - INFO - Epoch 24 [3600/3687] loss=2.2087[epoch 24] lr=0.000075
2026-01-07 17:20:36,430 - rf_experiment - INFO - Epoch 24 [3650/3687] loss=2.3790[epoch 24] lr=0.000075
2026-01-07 17:21:00,325 - rf_experiment - INFO - [epoch 24] train_loss=2.0663, train_acc=0.3360
2026-01-07 17:22:18,580 - rf_experiment - INFO - [epoch 24] val_loss=2.0809, val_acc=0.3301
2026-01-07 17:22:18,581 - rf_experiment - INFO - [epoch 24] no improvement in val_acc (streak=7)
2026-01-07 17:22:18,581 - rf_experiment - INFO - [epoch 24] early stopping triggered (patience=7)
2026-01-07 17:22:18,591 - rf_experiment - INFO - Saved best model checkpoint to results/project_runs_all_1_conv2d_iqgrid_bptt_20260106_234035/best_model.pt
2026-01-07 17:22:18,591 - rf_experiment - INFO - Evaluating on test set with best-val checkpoint...
2026-01-07 17:23:36,940 - rf_experiment - INFO - Saved predictions to results/project_runs_all_1_conv2d_iqgrid_bptt_20260106_234035/test_predictions_test_final.npz
2026-01-07 17:24:56,662 - rf_experiment - INFO - Saved predictions to results/project_runs_all_1_conv2d_iqgrid_bptt_20260106_234035/test_predictions_test_dropout_30.npz
2026-01-07 17:24:56,664 - rf_experiment - INFO - Test metrics with 30% time-step dropout: {'loss': 4.521216976259419, 'acc': 0.10731723857317238, 'latency_ms_per_sample': 2.4020930756152885, 'energy_j_per_sample': 0.36031396134229327, 'per_snr_acc': {0: 0.06686686686686687, 20: 0.17400204708290687, 10: 0.14181078331637845, -10: 0.0442513639119014, -20: 0.04314046207319566, 30: 0.17582870084414248}, 'per_snr_loss': {0: 5.036534703183579, 20: 3.67773764244888, 10: 3.828961296148583, -10: 5.445587897931814, -20: 5.431459350335868, 30: 3.681627445102209}}
2026-01-07 17:26:14,853 - rf_experiment - INFO - Saved predictions to results/project_runs_all_1_conv2d_iqgrid_bptt_20260106_234035/test_predictions_test_shuffled_time.npz
2026-01-07 17:26:14,855 - rf_experiment - INFO - Test metrics with shuffled time dimension: {'loss': 2.5914246367580382, 'acc': 0.22141597721415976, 'latency_ms_per_sample': 2.3578038845510885, 'energy_j_per_sample': 0.35367058268266327, 'per_snr_acc': {0: 0.18158158158158158, 20: 0.362128966223132, 10: 0.35218718209562566, -10: 0.04324105879975753, -20: 0.03802903291760376, 30: 0.354745727815524}, 'per_snr_loss': {0: 2.5437036007195264, 20: 2.1359440004698156, 10: 1.9892090640108897, -10: 3.35550651915942, -20: 3.3592586530982973, 30: 2.1562509607509273}}
2026-01-07 17:26:15,325 - rf_experiment - INFO - Saved confusion matrix to results/project_runs_all_1_conv2d_iqgrid_bptt_20260106_234035/confusion_matrix.png
2026-01-07 17:26:15,326 - rf_experiment - INFO - Saved metrics to results/project_runs_all_1_conv2d_iqgrid_bptt_20260106_234035/metrics.json
2026-01-07 17:26:15,326 - rf_experiment - INFO - Finished experiment: project_runs_all_1_conv2d_iqgrid_bptt
2026-01-07 17:26:15,326 - rf_experiment - INFO - Best val metrics: {'loss': 2.102126688693823, 'acc': 0.33091451629310636, 'latency_ms_per_sample': 2.590905980365462, 'energy_j_per_sample': 0.3886358970548193, 'per_snr_acc': {30: 0.5620847176079734, -20: 0.04129554655870445, 10: 0.5488752556237219, -10: 0.04586038961038961, 20: 0.5695996748628328, 0: 0.22718174539631705}, 'per_snr_loss': {30: 1.1198756318244005, -20: 3.372072954300927, 10: 1.1778153630668566, -10: 3.3542493782792384, 20: 1.1209716952854634, 0: 2.429322838975643}, 'epoch': 17}
2026-01-07 17:26:15,326 - rf_experiment - INFO - Test metrics: {'loss': 2.0912412027482925, 'acc': 0.3331411908314119, 'latency_ms_per_sample': 2.370210014883402, 'energy_j_per_sample': 0.3555315022325103, 'per_snr_acc': {0: 0.23083083083083084, 20: 0.5688843398157626, 10: 0.553204476093591, -10: 0.04364518084461507, -20: 0.04375383357186669, 30: 0.564957792876261}, 'per_snr_loss': {0: 2.40899064777432, 20: 1.1189584055341677, 10: 1.1450487620473204, -10: 3.364629107355999, -20: 3.360619098490378, 30: 1.1240710821295627}}
2026-01-07 17:26:15,328 - rf_experiment - INFO - Finished experiment: project_runs_all_1_conv2d_iqgrid_bptt
2026-01-07 17:26:15,328 - rf_experiment - INFO - Best val metrics: {'loss': 2.102126688693823, 'acc': 0.33091451629310636, 'latency_ms_per_sample': 2.590905980365462, 'energy_j_per_sample': 0.3886358970548193, 'per_snr_acc': {30: 0.5620847176079734, -20: 0.04129554655870445, 10: 0.5488752556237219, -10: 0.04586038961038961, 20: 0.5695996748628328, 0: 0.22718174539631705}, 'per_snr_loss': {30: 1.1198756318244005, -20: 3.372072954300927, 10: 1.1778153630668566, -10: 3.3542493782792384, 20: 1.1209716952854634, 0: 2.429322838975643}, 'epoch': 17}
2026-01-07 17:26:15,328 - rf_experiment - INFO - Test metrics: {'loss': 2.0912412027482925, 'acc': 0.3331411908314119, 'latency_ms_per_sample': 2.370210014883402, 'energy_j_per_sample': 0.3555315022325103, 'per_snr_acc': {0: 0.23083083083083084, 20: 0.5688843398157626, 10: 0.553204476093591, -10: 0.04364518084461507, -20: 0.04375383357186669, 30: 0.564957792876261}, 'per_snr_loss': {0: 2.40899064777432, 20: 1.1189584055341677, 10: 1.1450487620473204, -10: 3.364629107355999, -20: 3.360619098490378, 30: 1.1240710821295627}}
