2026-01-05 22:44:27,046 - rf_experiment - INFO - Starting experiment: project_runs_2_2_conv2d_iqgrid_bptt_lr_sched
2026-01-05 22:44:27,046 - rf_experiment - INFO - Run name: project_runs_2_2_conv2d_iqgrid_bptt_lr_sched_20260105_224427
2026-01-05 22:44:27,046 - rf_experiment - INFO - Config file: configs/project_runs_7_1_conv2d_iqgrid_bptt_lr.yaml
2026-01-05 22:44:27,046 - rf_experiment - INFO - Saved resolved config to: results/project_runs_2_2_conv2d_iqgrid_bptt_lr_sched_20260105_224427/config.yaml
2026-01-05 22:44:27,047 - rf_experiment - INFO - Run directory: results/project_runs_2_2_conv2d_iqgrid_bptt_lr_sched_20260105_224427
2026-01-05 22:44:27,062 - rf_experiment - INFO - Using device: mps
2026-01-05 22:44:27,062 - rf_experiment - INFO - Using device: mps
2026-01-05 22:44:27,062 - rf_experiment - INFO - Torch version: 2.9.0
2026-01-05 22:44:27,062 - rf_experiment - INFO - Dataset config: {'path': 'data/GOLD_XYZ_OSC.0001_1024.hdf5', 'name': 'radioml2018_structured', 'frames_per_combo': 1024, 'mods_to_use': None, 'snrs_to_use': [0, 10, 20, 30], 'train_frac': 0.8, 'val_frac': 0.1, 'test_frac': 0.1, 'shuffle': True, 'num_workers': 0}
2026-01-05 22:44:27,062 - rf_experiment - INFO - Encoding config: {'type': 'iq_grid', 'params': {'grid_size': 16, 'subsample': 4}}
2026-01-05 22:44:27,063 - rf_experiment - INFO - Total logical dataset size: 98304 samples
2026-01-05 22:44:27,063 - rf_experiment - INFO - Num classes (from dataset): 24
2026-01-05 22:44:27,063 - rf_experiment - INFO - Splits: train=78643, val=9830, test=9831
2026-01-05 22:44:27,065 - rf_experiment - INFO - Full dataset labels: {0: 4096, 1: 4096, 2: 4096, 3: 4096, 4: 4096, 5: 4096, 6: 4096, 7: 4096, 8: 4096, 9: 4096, 10: 4096, 11: 4096, 12: 4096, 13: 4096, 14: 4096, 15: 4096, 16: 4096, 17: 4096, 18: 4096, 19: 4096, 20: 4096, 21: 4096, 22: 4096, 23: 4096}
2026-01-05 22:44:27,065 - rf_experiment - INFO - Full dataset SNRs: {0: 24576, 10: 24576, 20: 24576, 30: 24576}
2026-01-05 22:44:27,065 - rf_experiment - INFO - Dataloader: batch_size=64, num_workers=0
2026-01-05 22:44:27,065 - rf_experiment - INFO - Building model: {'type': 'conv2d_snn', 'params': {'input_channels': 1, 'conv_channels': [64, 128], 'kernel_sizes': [3, 3], 'grid_size': 16, 'lif_beta': 0.9, 'dropout': 0.0, 'pool': True, 'num_classes': 24}}
2026-01-05 22:44:27,065 - rf_experiment - INFO - Building model with num_classes=24
2026-01-05 22:44:27,075 - rf_experiment - INFO - Building trainer: {'trainer': 'bptt', 'loss': 'cross_entropy', 'optimizer': 'adam', 'lr': 0.0003, 'lr_scheduler': {'type': 'cosine', 'step_size': 10, 'gamma': 0.1}, 'weight_decay': '1e-4', 'batch_size': 64, 'epochs': 40, 'max_time_steps': 256, 'grad_clip': 1.0, 'device': 'mps'}
2026-01-05 22:44:27,537 - rf_experiment - INFO - Starting training loop...
2026-01-05 22:44:27,537 - rf_experiment - INFO - [epoch 1/40] training...
2026-01-05 22:45:00,529 - rf_experiment - INFO - Epoch 1 [50/1229] loss=7.7140[epoch 1] lr=0.000300
2026-01-05 22:45:33,682 - rf_experiment - INFO - Epoch 1 [100/1229] loss=4.8483[epoch 1] lr=0.000300
2026-01-05 22:46:06,827 - rf_experiment - INFO - Epoch 1 [150/1229] loss=3.9924[epoch 1] lr=0.000300
2026-01-05 22:46:39,871 - rf_experiment - INFO - Epoch 1 [200/1229] loss=2.9189[epoch 1] lr=0.000300
2026-01-05 22:47:13,032 - rf_experiment - INFO - Epoch 1 [250/1229] loss=2.6730[epoch 1] lr=0.000300
2026-01-05 22:47:46,196 - rf_experiment - INFO - Epoch 1 [300/1229] loss=3.0233[epoch 1] lr=0.000300
2026-01-05 22:48:19,254 - rf_experiment - INFO - Epoch 1 [350/1229] loss=2.6062[epoch 1] lr=0.000300
2026-01-05 22:48:52,311 - rf_experiment - INFO - Epoch 1 [400/1229] loss=2.5986[epoch 1] lr=0.000300
2026-01-05 22:49:25,370 - rf_experiment - INFO - Epoch 1 [450/1229] loss=2.3689[epoch 1] lr=0.000300
2026-01-05 22:49:58,397 - rf_experiment - INFO - Epoch 1 [500/1229] loss=2.7057[epoch 1] lr=0.000300
2026-01-05 22:50:31,473 - rf_experiment - INFO - Epoch 1 [550/1229] loss=2.4652[epoch 1] lr=0.000300
2026-01-05 22:51:04,510 - rf_experiment - INFO - Epoch 1 [600/1229] loss=2.6731[epoch 1] lr=0.000300
2026-01-05 22:51:37,506 - rf_experiment - INFO - Epoch 1 [650/1229] loss=2.3925[epoch 1] lr=0.000300
2026-01-05 22:52:10,553 - rf_experiment - INFO - Epoch 1 [700/1229] loss=2.3813[epoch 1] lr=0.000300
2026-01-05 22:52:43,588 - rf_experiment - INFO - Epoch 1 [750/1229] loss=2.6514[epoch 1] lr=0.000300
2026-01-05 22:53:16,597 - rf_experiment - INFO - Epoch 1 [800/1229] loss=2.5230[epoch 1] lr=0.000300
2026-01-05 22:53:49,576 - rf_experiment - INFO - Epoch 1 [850/1229] loss=2.3827[epoch 1] lr=0.000300
2026-01-05 22:54:22,631 - rf_experiment - INFO - Epoch 1 [900/1229] loss=2.1075[epoch 1] lr=0.000300
2026-01-05 22:54:55,659 - rf_experiment - INFO - Epoch 1 [950/1229] loss=2.2726[epoch 1] lr=0.000300
2026-01-05 22:55:28,684 - rf_experiment - INFO - Epoch 1 [1000/1229] loss=2.1214[epoch 1] lr=0.000300
2026-01-05 22:56:01,737 - rf_experiment - INFO - Epoch 1 [1050/1229] loss=2.1717[epoch 1] lr=0.000300
2026-01-05 22:56:34,647 - rf_experiment - INFO - Epoch 1 [1100/1229] loss=2.2582[epoch 1] lr=0.000300
2026-01-05 22:57:07,459 - rf_experiment - INFO - Epoch 1 [1150/1229] loss=2.0636[epoch 1] lr=0.000300
2026-01-05 22:57:40,232 - rf_experiment - INFO - Epoch 1 [1200/1229] loss=2.2226[epoch 1] lr=0.000300
2026-01-05 22:57:59,223 - rf_experiment - INFO - [epoch 1] train_loss=3.0836, train_acc=0.2088
2026-01-05 22:58:25,984 - rf_experiment - INFO - [epoch 1] val_loss=2.1892, val_acc=0.2801
2026-01-05 22:58:25,985 - rf_experiment - INFO - [epoch 2/40] training...
2026-01-05 22:58:58,458 - rf_experiment - INFO - Epoch 2 [50/1229] loss=2.2722[epoch 2] lr=0.000300
2026-01-05 22:59:31,083 - rf_experiment - INFO - Epoch 2 [100/1229] loss=2.1267[epoch 2] lr=0.000300
2026-01-05 23:00:03,620 - rf_experiment - INFO - Epoch 2 [150/1229] loss=2.1229[epoch 2] lr=0.000300
2026-01-05 23:00:36,225 - rf_experiment - INFO - Epoch 2 [200/1229] loss=2.1763[epoch 2] lr=0.000300
2026-01-05 23:01:08,808 - rf_experiment - INFO - Epoch 2 [250/1229] loss=2.0929[epoch 2] lr=0.000300
2026-01-05 23:01:41,330 - rf_experiment - INFO - Epoch 2 [300/1229] loss=2.1086[epoch 2] lr=0.000300
2026-01-05 23:02:13,967 - rf_experiment - INFO - Epoch 2 [350/1229] loss=2.3313[epoch 2] lr=0.000300
2026-01-05 23:02:46,547 - rf_experiment - INFO - Epoch 2 [400/1229] loss=2.0330[epoch 2] lr=0.000300
2026-01-05 23:03:19,147 - rf_experiment - INFO - Epoch 2 [450/1229] loss=1.8939[epoch 2] lr=0.000300
2026-01-05 23:03:51,840 - rf_experiment - INFO - Epoch 2 [500/1229] loss=1.8923[epoch 2] lr=0.000300
2026-01-05 23:04:24,411 - rf_experiment - INFO - Epoch 2 [550/1229] loss=2.2372[epoch 2] lr=0.000300
2026-01-05 23:04:57,042 - rf_experiment - INFO - Epoch 2 [600/1229] loss=1.8242[epoch 2] lr=0.000300
2026-01-05 23:05:29,798 - rf_experiment - INFO - Epoch 2 [650/1229] loss=2.1483[epoch 2] lr=0.000300
2026-01-05 23:06:02,566 - rf_experiment - INFO - Epoch 2 [700/1229] loss=2.0652[epoch 2] lr=0.000300
2026-01-05 23:06:35,246 - rf_experiment - INFO - Epoch 2 [750/1229] loss=1.9401[epoch 2] lr=0.000300
2026-01-05 23:07:08,019 - rf_experiment - INFO - Epoch 2 [800/1229] loss=1.9761[epoch 2] lr=0.000300
2026-01-05 23:07:40,682 - rf_experiment - INFO - Epoch 2 [850/1229] loss=2.1841[epoch 2] lr=0.000300
2026-01-05 23:08:13,424 - rf_experiment - INFO - Epoch 2 [900/1229] loss=2.3511[epoch 2] lr=0.000300
2026-01-05 23:08:46,118 - rf_experiment - INFO - Epoch 2 [950/1229] loss=2.1050[epoch 2] lr=0.000300
2026-01-05 23:09:18,799 - rf_experiment - INFO - Epoch 2 [1000/1229] loss=1.9544[epoch 2] lr=0.000300
2026-01-05 23:09:51,642 - rf_experiment - INFO - Epoch 2 [1050/1229] loss=1.8343[epoch 2] lr=0.000300
2026-01-05 23:10:24,376 - rf_experiment - INFO - Epoch 2 [1100/1229] loss=1.8415[epoch 2] lr=0.000300
2026-01-05 23:10:57,101 - rf_experiment - INFO - Epoch 2 [1150/1229] loss=2.0903[epoch 2] lr=0.000300
2026-01-05 23:11:29,889 - rf_experiment - INFO - Epoch 2 [1200/1229] loss=2.1195[epoch 2] lr=0.000300
2026-01-05 23:11:48,778 - rf_experiment - INFO - [epoch 2] train_loss=2.0423, train_acc=0.3097
2026-01-05 23:12:15,303 - rf_experiment - INFO - [epoch 2] val_loss=1.9977, val_acc=0.3478
2026-01-05 23:12:15,303 - rf_experiment - INFO - [epoch 3/40] training...
2026-01-05 23:12:47,794 - rf_experiment - INFO - Epoch 3 [50/1229] loss=1.7952[epoch 3] lr=0.000298
2026-01-05 23:13:20,503 - rf_experiment - INFO - Epoch 3 [100/1229] loss=2.0568[epoch 3] lr=0.000298
2026-01-05 23:13:53,128 - rf_experiment - INFO - Epoch 3 [150/1229] loss=1.8583[epoch 3] lr=0.000298
2026-01-05 23:14:25,919 - rf_experiment - INFO - Epoch 3 [200/1229] loss=2.0293[epoch 3] lr=0.000298
2026-01-05 23:14:58,677 - rf_experiment - INFO - Epoch 3 [250/1229] loss=1.7085[epoch 3] lr=0.000298
2026-01-05 23:15:31,391 - rf_experiment - INFO - Epoch 3 [300/1229] loss=2.0013[epoch 3] lr=0.000298
2026-01-05 23:16:04,125 - rf_experiment - INFO - Epoch 3 [350/1229] loss=1.7457[epoch 3] lr=0.000298
2026-01-05 23:16:36,828 - rf_experiment - INFO - Epoch 3 [400/1229] loss=1.9811[epoch 3] lr=0.000298
2026-01-05 23:17:09,492 - rf_experiment - INFO - Epoch 3 [450/1229] loss=2.1312[epoch 3] lr=0.000298
2026-01-05 23:17:42,214 - rf_experiment - INFO - Epoch 3 [500/1229] loss=1.7870[epoch 3] lr=0.000298
2026-01-05 23:18:14,887 - rf_experiment - INFO - Epoch 3 [550/1229] loss=1.8422[epoch 3] lr=0.000298
2026-01-05 23:18:47,552 - rf_experiment - INFO - Epoch 3 [600/1229] loss=1.7173[epoch 3] lr=0.000298
2026-01-05 23:19:20,202 - rf_experiment - INFO - Epoch 3 [650/1229] loss=1.8812[epoch 3] lr=0.000298
2026-01-05 23:19:52,947 - rf_experiment - INFO - Epoch 3 [700/1229] loss=1.7981[epoch 3] lr=0.000298
2026-01-05 23:20:25,600 - rf_experiment - INFO - Epoch 3 [750/1229] loss=1.9774[epoch 3] lr=0.000298
2026-01-05 23:20:58,397 - rf_experiment - INFO - Epoch 3 [800/1229] loss=1.6001[epoch 3] lr=0.000298
2026-01-05 23:21:31,222 - rf_experiment - INFO - Epoch 3 [850/1229] loss=1.6415[epoch 3] lr=0.000298
2026-01-05 23:22:03,937 - rf_experiment - INFO - Epoch 3 [900/1229] loss=1.7911[epoch 3] lr=0.000298
2026-01-05 23:22:36,609 - rf_experiment - INFO - Epoch 3 [950/1229] loss=1.6942[epoch 3] lr=0.000298
2026-01-05 23:23:09,279 - rf_experiment - INFO - Epoch 3 [1000/1229] loss=1.6393[epoch 3] lr=0.000298
2026-01-05 23:23:41,950 - rf_experiment - INFO - Epoch 3 [1050/1229] loss=2.0915[epoch 3] lr=0.000298
2026-01-05 23:24:14,740 - rf_experiment - INFO - Epoch 3 [1100/1229] loss=1.5760[epoch 3] lr=0.000298
2026-01-05 23:24:47,423 - rf_experiment - INFO - Epoch 3 [1150/1229] loss=1.8869[epoch 3] lr=0.000298
2026-01-05 23:25:20,077 - rf_experiment - INFO - Epoch 3 [1200/1229] loss=1.9138[epoch 3] lr=0.000298
2026-01-05 23:25:38,950 - rf_experiment - INFO - [epoch 3] train_loss=1.9060, train_acc=0.3438
2026-01-05 23:26:05,511 - rf_experiment - INFO - [epoch 3] val_loss=1.8085, val_acc=0.3767
2026-01-05 23:26:05,512 - rf_experiment - INFO - [epoch 4/40] training...
2026-01-05 23:26:38,029 - rf_experiment - INFO - Epoch 4 [50/1229] loss=2.2596[epoch 4] lr=0.000296
2026-01-05 23:27:10,733 - rf_experiment - INFO - Epoch 4 [100/1229] loss=1.9031[epoch 4] lr=0.000296
2026-01-05 23:27:43,399 - rf_experiment - INFO - Epoch 4 [150/1229] loss=1.6421[epoch 4] lr=0.000296
2026-01-05 23:28:16,061 - rf_experiment - INFO - Epoch 4 [200/1229] loss=2.0262[epoch 4] lr=0.000296
2026-01-05 23:28:48,761 - rf_experiment - INFO - Epoch 4 [250/1229] loss=1.9521[epoch 4] lr=0.000296
2026-01-05 23:29:21,523 - rf_experiment - INFO - Epoch 4 [300/1229] loss=1.8944[epoch 4] lr=0.000296
2026-01-05 23:29:54,221 - rf_experiment - INFO - Epoch 4 [350/1229] loss=1.7403[epoch 4] lr=0.000296
2026-01-05 23:30:26,974 - rf_experiment - INFO - Epoch 4 [400/1229] loss=1.8690[epoch 4] lr=0.000296
2026-01-05 23:30:59,600 - rf_experiment - INFO - Epoch 4 [450/1229] loss=1.7593[epoch 4] lr=0.000296
2026-01-05 23:31:32,360 - rf_experiment - INFO - Epoch 4 [500/1229] loss=1.8561[epoch 4] lr=0.000296
2026-01-05 23:32:05,043 - rf_experiment - INFO - Epoch 4 [550/1229] loss=1.7747[epoch 4] lr=0.000296
2026-01-05 23:32:37,791 - rf_experiment - INFO - Epoch 4 [600/1229] loss=1.7222[epoch 4] lr=0.000296
2026-01-05 23:33:10,400 - rf_experiment - INFO - Epoch 4 [650/1229] loss=1.8946[epoch 4] lr=0.000296
2026-01-05 23:33:43,116 - rf_experiment - INFO - Epoch 4 [700/1229] loss=1.9425[epoch 4] lr=0.000296
2026-01-05 23:34:15,864 - rf_experiment - INFO - Epoch 4 [750/1229] loss=1.8472[epoch 4] lr=0.000296
2026-01-05 23:34:48,563 - rf_experiment - INFO - Epoch 4 [800/1229] loss=1.8070[epoch 4] lr=0.000296
2026-01-05 23:35:21,363 - rf_experiment - INFO - Epoch 4 [850/1229] loss=1.9312[epoch 4] lr=0.000296
2026-01-05 23:35:54,011 - rf_experiment - INFO - Epoch 4 [900/1229] loss=1.8787[epoch 4] lr=0.000296
2026-01-05 23:36:26,709 - rf_experiment - INFO - Epoch 4 [950/1229] loss=1.6440[epoch 4] lr=0.000296
2026-01-05 23:36:59,360 - rf_experiment - INFO - Epoch 4 [1000/1229] loss=1.7260[epoch 4] lr=0.000296
2026-01-05 23:37:32,045 - rf_experiment - INFO - Epoch 4 [1050/1229] loss=1.7917[epoch 4] lr=0.000296
2026-01-05 23:38:04,902 - rf_experiment - INFO - Epoch 4 [1100/1229] loss=2.1825[epoch 4] lr=0.000296
2026-01-05 23:38:37,541 - rf_experiment - INFO - Epoch 4 [1150/1229] loss=1.7260[epoch 4] lr=0.000296
2026-01-05 23:39:10,196 - rf_experiment - INFO - Epoch 4 [1200/1229] loss=2.2248[epoch 4] lr=0.000296
2026-01-05 23:39:29,098 - rf_experiment - INFO - [epoch 4] train_loss=1.8507, train_acc=0.3576
2026-01-05 23:39:55,428 - rf_experiment - INFO - [epoch 4] val_loss=1.7663, val_acc=0.3696
2026-01-05 23:39:55,428 - rf_experiment - INFO - [epoch 5/40] training...
2026-01-05 23:40:27,983 - rf_experiment - INFO - Epoch 5 [50/1229] loss=2.0743[epoch 5] lr=0.000293
2026-01-05 23:41:00,642 - rf_experiment - INFO - Epoch 5 [100/1229] loss=1.9471[epoch 5] lr=0.000293
2026-01-05 23:41:33,234 - rf_experiment - INFO - Epoch 5 [150/1229] loss=1.8289[epoch 5] lr=0.000293
2026-01-05 23:42:05,909 - rf_experiment - INFO - Epoch 5 [200/1229] loss=1.8124[epoch 5] lr=0.000293
2026-01-05 23:42:38,450 - rf_experiment - INFO - Epoch 5 [250/1229] loss=1.5085[epoch 5] lr=0.000293
2026-01-05 23:43:11,125 - rf_experiment - INFO - Epoch 5 [300/1229] loss=1.9202[epoch 5] lr=0.000293
2026-01-05 23:43:43,764 - rf_experiment - INFO - Epoch 5 [350/1229] loss=1.8764[epoch 5] lr=0.000293
2026-01-05 23:44:16,462 - rf_experiment - INFO - Epoch 5 [400/1229] loss=1.6763[epoch 5] lr=0.000293
2026-01-05 23:44:49,171 - rf_experiment - INFO - Epoch 5 [450/1229] loss=1.8712[epoch 5] lr=0.000293
2026-01-05 23:45:21,872 - rf_experiment - INFO - Epoch 5 [500/1229] loss=1.8302[epoch 5] lr=0.000293
2026-01-05 23:45:54,387 - rf_experiment - INFO - Epoch 5 [550/1229] loss=1.9282[epoch 5] lr=0.000293
2026-01-05 23:46:27,056 - rf_experiment - INFO - Epoch 5 [600/1229] loss=1.8110[epoch 5] lr=0.000293
2026-01-05 23:46:59,676 - rf_experiment - INFO - Epoch 5 [650/1229] loss=1.7965[epoch 5] lr=0.000293
2026-01-05 23:47:32,388 - rf_experiment - INFO - Epoch 5 [700/1229] loss=1.8408[epoch 5] lr=0.000293
2026-01-05 23:48:05,000 - rf_experiment - INFO - Epoch 5 [750/1229] loss=1.6757[epoch 5] lr=0.000293
2026-01-05 23:48:37,733 - rf_experiment - INFO - Epoch 5 [800/1229] loss=1.9081[epoch 5] lr=0.000293
2026-01-05 23:49:10,370 - rf_experiment - INFO - Epoch 5 [850/1229] loss=1.5654[epoch 5] lr=0.000293
2026-01-05 23:49:43,075 - rf_experiment - INFO - Epoch 5 [900/1229] loss=1.8420[epoch 5] lr=0.000293
2026-01-05 23:50:15,770 - rf_experiment - INFO - Epoch 5 [950/1229] loss=1.8025[epoch 5] lr=0.000293
2026-01-05 23:50:48,523 - rf_experiment - INFO - Epoch 5 [1000/1229] loss=1.7184[epoch 5] lr=0.000293
2026-01-05 23:51:21,226 - rf_experiment - INFO - Epoch 5 [1050/1229] loss=1.8552[epoch 5] lr=0.000293
2026-01-05 23:51:53,973 - rf_experiment - INFO - Epoch 5 [1100/1229] loss=1.9441[epoch 5] lr=0.000293
2026-01-05 23:52:26,625 - rf_experiment - INFO - Epoch 5 [1150/1229] loss=1.7834[epoch 5] lr=0.000293
2026-01-05 23:52:59,233 - rf_experiment - INFO - Epoch 5 [1200/1229] loss=1.7303[epoch 5] lr=0.000293
2026-01-05 23:53:18,118 - rf_experiment - INFO - [epoch 5] train_loss=1.8070, train_acc=0.3671
2026-01-05 23:53:44,226 - rf_experiment - INFO - [epoch 5] val_loss=1.8131, val_acc=0.3528
2026-01-05 23:53:44,226 - rf_experiment - INFO - [epoch 6/40] training...
2026-01-05 23:54:16,720 - rf_experiment - INFO - Epoch 6 [50/1229] loss=1.8836[epoch 6] lr=0.000289
2026-01-05 23:54:49,416 - rf_experiment - INFO - Epoch 6 [100/1229] loss=1.8283[epoch 6] lr=0.000289
2026-01-05 23:55:22,023 - rf_experiment - INFO - Epoch 6 [150/1229] loss=1.7386[epoch 6] lr=0.000289
2026-01-05 23:55:54,701 - rf_experiment - INFO - Epoch 6 [200/1229] loss=1.9175[epoch 6] lr=0.000289
2026-01-05 23:56:27,334 - rf_experiment - INFO - Epoch 6 [250/1229] loss=1.5692[epoch 6] lr=0.000289
2026-01-05 23:56:59,919 - rf_experiment - INFO - Epoch 6 [300/1229] loss=1.8984[epoch 6] lr=0.000289
2026-01-05 23:57:32,563 - rf_experiment - INFO - Epoch 6 [350/1229] loss=1.6090[epoch 6] lr=0.000289
2026-01-05 23:58:05,263 - rf_experiment - INFO - Epoch 6 [400/1229] loss=1.7196[epoch 6] lr=0.000289
2026-01-05 23:58:37,956 - rf_experiment - INFO - Epoch 6 [450/1229] loss=1.3502[epoch 6] lr=0.000289
2026-01-05 23:59:10,738 - rf_experiment - INFO - Epoch 6 [500/1229] loss=1.9142[epoch 6] lr=0.000289
2026-01-05 23:59:43,343 - rf_experiment - INFO - Epoch 6 [550/1229] loss=1.6566[epoch 6] lr=0.000289
2026-01-06 00:00:15,929 - rf_experiment - INFO - Epoch 6 [600/1229] loss=1.8165[epoch 6] lr=0.000289
2026-01-06 00:00:48,596 - rf_experiment - INFO - Epoch 6 [650/1229] loss=1.6578[epoch 6] lr=0.000289
2026-01-06 00:01:21,289 - rf_experiment - INFO - Epoch 6 [700/1229] loss=1.4795[epoch 6] lr=0.000289
2026-01-06 00:01:53,863 - rf_experiment - INFO - Epoch 6 [750/1229] loss=1.6353[epoch 6] lr=0.000289
2026-01-06 00:02:26,482 - rf_experiment - INFO - Epoch 6 [800/1229] loss=1.3851[epoch 6] lr=0.000289
2026-01-06 00:02:59,112 - rf_experiment - INFO - Epoch 6 [850/1229] loss=1.6885[epoch 6] lr=0.000289
2026-01-06 00:03:31,764 - rf_experiment - INFO - Epoch 6 [900/1229] loss=1.8382[epoch 6] lr=0.000289
2026-01-06 00:04:04,397 - rf_experiment - INFO - Epoch 6 [950/1229] loss=2.0495[epoch 6] lr=0.000289
2026-01-06 00:04:37,085 - rf_experiment - INFO - Epoch 6 [1000/1229] loss=2.0175[epoch 6] lr=0.000289
2026-01-06 00:05:09,669 - rf_experiment - INFO - Epoch 6 [1050/1229] loss=1.7351[epoch 6] lr=0.000289
2026-01-06 00:05:42,312 - rf_experiment - INFO - Epoch 6 [1100/1229] loss=1.9835[epoch 6] lr=0.000289
2026-01-06 00:06:14,955 - rf_experiment - INFO - Epoch 6 [1150/1229] loss=1.3051[epoch 6] lr=0.000289
2026-01-06 00:06:47,618 - rf_experiment - INFO - Epoch 6 [1200/1229] loss=1.6729[epoch 6] lr=0.000289
2026-01-06 00:07:06,464 - rf_experiment - INFO - [epoch 6] train_loss=1.7654, train_acc=0.3765
2026-01-06 00:07:32,285 - rf_experiment - INFO - [epoch 6] val_loss=1.7758, val_acc=0.3626
2026-01-06 00:07:32,285 - rf_experiment - INFO - [epoch 7/40] training...
2026-01-06 00:08:04,741 - rf_experiment - INFO - Epoch 7 [50/1229] loss=1.7044[epoch 7] lr=0.000284
2026-01-06 00:08:37,317 - rf_experiment - INFO - Epoch 7 [100/1229] loss=1.7149[epoch 7] lr=0.000284
2026-01-06 00:09:09,908 - rf_experiment - INFO - Epoch 7 [150/1229] loss=1.6730[epoch 7] lr=0.000284
2026-01-06 00:09:42,462 - rf_experiment - INFO - Epoch 7 [200/1229] loss=1.9182[epoch 7] lr=0.000284
2026-01-06 00:10:14,991 - rf_experiment - INFO - Epoch 7 [250/1229] loss=1.8541[epoch 7] lr=0.000284
2026-01-06 00:10:47,623 - rf_experiment - INFO - Epoch 7 [300/1229] loss=1.6883[epoch 7] lr=0.000284
2026-01-06 00:11:20,202 - rf_experiment - INFO - Epoch 7 [350/1229] loss=1.8346[epoch 7] lr=0.000284
2026-01-06 00:11:52,781 - rf_experiment - INFO - Epoch 7 [400/1229] loss=1.8830[epoch 7] lr=0.000284
2026-01-06 00:12:25,345 - rf_experiment - INFO - Epoch 7 [450/1229] loss=1.6571[epoch 7] lr=0.000284
2026-01-06 00:12:57,994 - rf_experiment - INFO - Epoch 7 [500/1229] loss=1.5777[epoch 7] lr=0.000284
2026-01-06 00:13:30,609 - rf_experiment - INFO - Epoch 7 [550/1229] loss=1.6557[epoch 7] lr=0.000284
2026-01-06 00:14:03,321 - rf_experiment - INFO - Epoch 7 [600/1229] loss=2.0798[epoch 7] lr=0.000284
2026-01-06 00:14:35,983 - rf_experiment - INFO - Epoch 7 [650/1229] loss=1.5595[epoch 7] lr=0.000284
2026-01-06 00:15:08,767 - rf_experiment - INFO - Epoch 7 [700/1229] loss=1.6738[epoch 7] lr=0.000284
2026-01-06 00:15:41,423 - rf_experiment - INFO - Epoch 7 [750/1229] loss=1.6771[epoch 7] lr=0.000284
2026-01-06 00:16:14,124 - rf_experiment - INFO - Epoch 7 [800/1229] loss=1.9617[epoch 7] lr=0.000284
2026-01-06 00:16:46,825 - rf_experiment - INFO - Epoch 7 [850/1229] loss=1.5071[epoch 7] lr=0.000284
2026-01-06 00:17:19,460 - rf_experiment - INFO - Epoch 7 [900/1229] loss=1.6613[epoch 7] lr=0.000284
2026-01-06 00:17:51,991 - rf_experiment - INFO - Epoch 7 [950/1229] loss=1.7605[epoch 7] lr=0.000284
2026-01-06 00:18:24,771 - rf_experiment - INFO - Epoch 7 [1000/1229] loss=1.5686[epoch 7] lr=0.000284
2026-01-06 00:18:57,454 - rf_experiment - INFO - Epoch 7 [1050/1229] loss=1.8878[epoch 7] lr=0.000284
2026-01-06 00:19:30,214 - rf_experiment - INFO - Epoch 7 [1100/1229] loss=1.6838[epoch 7] lr=0.000284
2026-01-06 00:20:02,907 - rf_experiment - INFO - Epoch 7 [1150/1229] loss=1.9369[epoch 7] lr=0.000284
2026-01-06 00:20:35,608 - rf_experiment - INFO - Epoch 7 [1200/1229] loss=1.9027[epoch 7] lr=0.000284
2026-01-06 00:20:54,431 - rf_experiment - INFO - [epoch 7] train_loss=1.7340, train_acc=0.3841
2026-01-06 00:21:20,573 - rf_experiment - INFO - [epoch 7] val_loss=1.7606, val_acc=0.3768
2026-01-06 00:21:20,574 - rf_experiment - INFO - [epoch 8/40] training...
2026-01-06 00:21:53,178 - rf_experiment - INFO - Epoch 8 [50/1229] loss=1.2784[epoch 8] lr=0.000278
2026-01-06 00:22:25,866 - rf_experiment - INFO - Epoch 8 [100/1229] loss=1.6943[epoch 8] lr=0.000278
2026-01-06 00:22:58,456 - rf_experiment - INFO - Epoch 8 [150/1229] loss=1.5196[epoch 8] lr=0.000278
2026-01-06 00:23:31,225 - rf_experiment - INFO - Epoch 8 [200/1229] loss=1.5627[epoch 8] lr=0.000278
2026-01-06 00:24:03,787 - rf_experiment - INFO - Epoch 8 [250/1229] loss=1.6282[epoch 8] lr=0.000278
2026-01-06 00:24:36,659 - rf_experiment - INFO - Epoch 8 [300/1229] loss=1.6559[epoch 8] lr=0.000278
2026-01-06 00:25:09,437 - rf_experiment - INFO - Epoch 8 [350/1229] loss=1.9191[epoch 8] lr=0.000278
2026-01-06 00:25:42,190 - rf_experiment - INFO - Epoch 8 [400/1229] loss=1.6241[epoch 8] lr=0.000278
2026-01-06 00:26:14,884 - rf_experiment - INFO - Epoch 8 [450/1229] loss=1.7463[epoch 8] lr=0.000278
2026-01-06 00:26:47,526 - rf_experiment - INFO - Epoch 8 [500/1229] loss=1.6017[epoch 8] lr=0.000278
2026-01-06 00:27:20,182 - rf_experiment - INFO - Epoch 8 [550/1229] loss=1.5584[epoch 8] lr=0.000278
2026-01-06 00:27:52,850 - rf_experiment - INFO - Epoch 8 [600/1229] loss=1.9511[epoch 8] lr=0.000278
2026-01-06 00:28:25,508 - rf_experiment - INFO - Epoch 8 [650/1229] loss=1.8474[epoch 8] lr=0.000278
2026-01-06 00:28:58,230 - rf_experiment - INFO - Epoch 8 [700/1229] loss=1.6393[epoch 8] lr=0.000278
2026-01-06 00:29:30,905 - rf_experiment - INFO - Epoch 8 [750/1229] loss=1.7236[epoch 8] lr=0.000278
2026-01-06 00:30:03,568 - rf_experiment - INFO - Epoch 8 [800/1229] loss=1.8536[epoch 8] lr=0.000278
2026-01-06 00:30:36,195 - rf_experiment - INFO - Epoch 8 [850/1229] loss=1.6516[epoch 8] lr=0.000278
2026-01-06 00:31:08,785 - rf_experiment - INFO - Epoch 8 [900/1229] loss=1.7891[epoch 8] lr=0.000278
2026-01-06 00:31:41,400 - rf_experiment - INFO - Epoch 8 [950/1229] loss=1.5404[epoch 8] lr=0.000278
2026-01-06 00:32:14,165 - rf_experiment - INFO - Epoch 8 [1000/1229] loss=1.6269[epoch 8] lr=0.000278
2026-01-06 00:32:46,818 - rf_experiment - INFO - Epoch 8 [1050/1229] loss=1.6274[epoch 8] lr=0.000278
2026-01-06 00:33:19,477 - rf_experiment - INFO - Epoch 8 [1100/1229] loss=1.7858[epoch 8] lr=0.000278
2026-01-06 00:33:52,152 - rf_experiment - INFO - Epoch 8 [1150/1229] loss=1.6302[epoch 8] lr=0.000278
2026-01-06 00:34:24,919 - rf_experiment - INFO - Epoch 8 [1200/1229] loss=1.6782[epoch 8] lr=0.000278
2026-01-06 00:34:43,834 - rf_experiment - INFO - [epoch 8] train_loss=1.7084, train_acc=0.3923
2026-01-06 00:35:10,339 - rf_experiment - INFO - [epoch 8] val_loss=1.6898, val_acc=0.3913
2026-01-06 00:35:10,340 - rf_experiment - INFO - [epoch 9/40] training...
2026-01-06 00:35:42,875 - rf_experiment - INFO - Epoch 9 [50/1229] loss=1.5110[epoch 9] lr=0.000271
2026-01-06 00:36:15,539 - rf_experiment - INFO - Epoch 9 [100/1229] loss=2.0109[epoch 9] lr=0.000271
2026-01-06 00:36:48,312 - rf_experiment - INFO - Epoch 9 [150/1229] loss=1.5015[epoch 9] lr=0.000271
2026-01-06 00:37:21,013 - rf_experiment - INFO - Epoch 9 [200/1229] loss=1.6454[epoch 9] lr=0.000271
2026-01-06 00:37:53,661 - rf_experiment - INFO - Epoch 9 [250/1229] loss=1.4894[epoch 9] lr=0.000271
2026-01-06 00:38:26,457 - rf_experiment - INFO - Epoch 9 [300/1229] loss=1.6359[epoch 9] lr=0.000271
2026-01-06 00:38:59,038 - rf_experiment - INFO - Epoch 9 [350/1229] loss=1.5906[epoch 9] lr=0.000271
2026-01-06 00:39:31,834 - rf_experiment - INFO - Epoch 9 [400/1229] loss=1.6620[epoch 9] lr=0.000271
2026-01-06 00:40:04,472 - rf_experiment - INFO - Epoch 9 [450/1229] loss=1.5314[epoch 9] lr=0.000271
2026-01-06 00:40:37,238 - rf_experiment - INFO - Epoch 9 [500/1229] loss=1.7653[epoch 9] lr=0.000271
2026-01-06 00:41:09,925 - rf_experiment - INFO - Epoch 9 [550/1229] loss=1.7076[epoch 9] lr=0.000271
2026-01-06 00:41:42,662 - rf_experiment - INFO - Epoch 9 [600/1229] loss=1.6651[epoch 9] lr=0.000271
2026-01-06 00:42:15,303 - rf_experiment - INFO - Epoch 9 [650/1229] loss=1.5980[epoch 9] lr=0.000271
2026-01-06 00:42:47,979 - rf_experiment - INFO - Epoch 9 [700/1229] loss=2.0065[epoch 9] lr=0.000271
2026-01-06 00:43:20,551 - rf_experiment - INFO - Epoch 9 [750/1229] loss=1.7403[epoch 9] lr=0.000271
2026-01-06 00:43:53,186 - rf_experiment - INFO - Epoch 9 [800/1229] loss=1.7883[epoch 9] lr=0.000271
2026-01-06 00:44:25,925 - rf_experiment - INFO - Epoch 9 [850/1229] loss=1.8294[epoch 9] lr=0.000271
2026-01-06 00:44:58,637 - rf_experiment - INFO - Epoch 9 [900/1229] loss=1.7110[epoch 9] lr=0.000271
2026-01-06 00:45:31,302 - rf_experiment - INFO - Epoch 9 [950/1229] loss=1.6237[epoch 9] lr=0.000271
2026-01-06 00:46:03,985 - rf_experiment - INFO - Epoch 9 [1000/1229] loss=1.7090[epoch 9] lr=0.000271
2026-01-06 00:46:36,716 - rf_experiment - INFO - Epoch 9 [1050/1229] loss=1.8349[epoch 9] lr=0.000271
2026-01-06 00:47:09,441 - rf_experiment - INFO - Epoch 9 [1100/1229] loss=1.4665[epoch 9] lr=0.000271
2026-01-06 00:47:42,031 - rf_experiment - INFO - Epoch 9 [1150/1229] loss=1.7754[epoch 9] lr=0.000271
2026-01-06 00:48:14,748 - rf_experiment - INFO - Epoch 9 [1200/1229] loss=2.0108[epoch 9] lr=0.000271
2026-01-06 00:48:33,609 - rf_experiment - INFO - [epoch 9] train_loss=1.6939, train_acc=0.3968
2026-01-06 00:48:59,963 - rf_experiment - INFO - [epoch 9] val_loss=1.6519, val_acc=0.4119
2026-01-06 00:48:59,963 - rf_experiment - INFO - [epoch 10/40] training...
2026-01-06 00:49:32,577 - rf_experiment - INFO - Epoch 10 [50/1229] loss=1.4985[epoch 10] lr=0.000264
2026-01-06 00:50:05,196 - rf_experiment - INFO - Epoch 10 [100/1229] loss=1.7322[epoch 10] lr=0.000264
2026-01-06 00:50:37,882 - rf_experiment - INFO - Epoch 10 [150/1229] loss=1.4594[epoch 10] lr=0.000264
2026-01-06 00:51:10,601 - rf_experiment - INFO - Epoch 10 [200/1229] loss=1.8732[epoch 10] lr=0.000264
2026-01-06 00:51:43,357 - rf_experiment - INFO - Epoch 10 [250/1229] loss=1.5831[epoch 10] lr=0.000264
2026-01-06 00:52:16,020 - rf_experiment - INFO - Epoch 10 [300/1229] loss=1.6789[epoch 10] lr=0.000264
2026-01-06 00:52:48,691 - rf_experiment - INFO - Epoch 10 [350/1229] loss=1.8940[epoch 10] lr=0.000264
2026-01-06 00:53:21,249 - rf_experiment - INFO - Epoch 10 [400/1229] loss=1.4823[epoch 10] lr=0.000264
2026-01-06 00:53:53,900 - rf_experiment - INFO - Epoch 10 [450/1229] loss=1.6359[epoch 10] lr=0.000264
2026-01-06 00:54:26,659 - rf_experiment - INFO - Epoch 10 [500/1229] loss=1.7260[epoch 10] lr=0.000264
2026-01-06 00:54:59,310 - rf_experiment - INFO - Epoch 10 [550/1229] loss=1.6056[epoch 10] lr=0.000264
2026-01-06 00:55:32,015 - rf_experiment - INFO - Epoch 10 [600/1229] loss=1.6049[epoch 10] lr=0.000264
2026-01-06 00:56:04,702 - rf_experiment - INFO - Epoch 10 [650/1229] loss=1.7148[epoch 10] lr=0.000264
2026-01-06 00:56:37,378 - rf_experiment - INFO - Epoch 10 [700/1229] loss=1.9561[epoch 10] lr=0.000264
2026-01-06 00:57:10,011 - rf_experiment - INFO - Epoch 10 [750/1229] loss=1.8091[epoch 10] lr=0.000264
2026-01-06 00:57:42,715 - rf_experiment - INFO - Epoch 10 [800/1229] loss=1.6256[epoch 10] lr=0.000264
2026-01-06 00:58:15,379 - rf_experiment - INFO - Epoch 10 [850/1229] loss=1.4894[epoch 10] lr=0.000264
2026-01-06 00:58:48,044 - rf_experiment - INFO - Epoch 10 [900/1229] loss=1.5409[epoch 10] lr=0.000264
2026-01-06 00:59:20,702 - rf_experiment - INFO - Epoch 10 [950/1229] loss=1.6809[epoch 10] lr=0.000264
2026-01-06 00:59:53,405 - rf_experiment - INFO - Epoch 10 [1000/1229] loss=1.6838[epoch 10] lr=0.000264
2026-01-06 01:00:26,037 - rf_experiment - INFO - Epoch 10 [1050/1229] loss=1.6464[epoch 10] lr=0.000264
2026-01-06 01:00:58,757 - rf_experiment - INFO - Epoch 10 [1100/1229] loss=1.6199[epoch 10] lr=0.000264
2026-01-06 01:01:31,539 - rf_experiment - INFO - Epoch 10 [1150/1229] loss=1.3871[epoch 10] lr=0.000264
2026-01-06 01:02:04,286 - rf_experiment - INFO - Epoch 10 [1200/1229] loss=1.6561[epoch 10] lr=0.000264
2026-01-06 01:02:23,142 - rf_experiment - INFO - [epoch 10] train_loss=1.6890, train_acc=0.3987
2026-01-06 01:02:49,383 - rf_experiment - INFO - [epoch 10] val_loss=1.7066, val_acc=0.3931
2026-01-06 01:02:49,383 - rf_experiment - INFO - [epoch 11/40] training...
2026-01-06 01:03:21,947 - rf_experiment - INFO - Epoch 11 [50/1229] loss=1.6489[epoch 11] lr=0.000256
2026-01-06 01:03:54,493 - rf_experiment - INFO - Epoch 11 [100/1229] loss=1.5826[epoch 11] lr=0.000256
2026-01-06 01:04:27,200 - rf_experiment - INFO - Epoch 11 [150/1229] loss=1.5262[epoch 11] lr=0.000256
2026-01-06 01:04:59,856 - rf_experiment - INFO - Epoch 11 [200/1229] loss=1.6833[epoch 11] lr=0.000256
2026-01-06 01:05:32,551 - rf_experiment - INFO - Epoch 11 [250/1229] loss=1.7047[epoch 11] lr=0.000256
2026-01-06 01:06:05,185 - rf_experiment - INFO - Epoch 11 [300/1229] loss=1.7332[epoch 11] lr=0.000256
2026-01-06 01:06:37,955 - rf_experiment - INFO - Epoch 11 [350/1229] loss=1.6281[epoch 11] lr=0.000256
2026-01-06 01:07:10,594 - rf_experiment - INFO - Epoch 11 [400/1229] loss=1.6914[epoch 11] lr=0.000256
2026-01-06 01:07:43,304 - rf_experiment - INFO - Epoch 11 [450/1229] loss=1.7695[epoch 11] lr=0.000256
2026-01-06 01:08:15,971 - rf_experiment - INFO - Epoch 11 [500/1229] loss=1.5642[epoch 11] lr=0.000256
2026-01-06 01:08:48,641 - rf_experiment - INFO - Epoch 11 [550/1229] loss=1.7636[epoch 11] lr=0.000256
2026-01-06 01:09:21,237 - rf_experiment - INFO - Epoch 11 [600/1229] loss=1.6443[epoch 11] lr=0.000256
2026-01-06 01:09:53,809 - rf_experiment - INFO - Epoch 11 [650/1229] loss=1.5231[epoch 11] lr=0.000256
2026-01-06 01:10:26,572 - rf_experiment - INFO - Epoch 11 [700/1229] loss=1.5502[epoch 11] lr=0.000256
2026-01-06 01:10:59,159 - rf_experiment - INFO - Epoch 11 [750/1229] loss=1.6205[epoch 11] lr=0.000256
2026-01-06 01:11:31,847 - rf_experiment - INFO - Epoch 11 [800/1229] loss=1.4663[epoch 11] lr=0.000256
2026-01-06 01:12:04,536 - rf_experiment - INFO - Epoch 11 [850/1229] loss=1.5812[epoch 11] lr=0.000256
2026-01-06 01:12:37,216 - rf_experiment - INFO - Epoch 11 [900/1229] loss=1.6148[epoch 11] lr=0.000256
2026-01-06 01:13:09,915 - rf_experiment - INFO - Epoch 11 [950/1229] loss=1.5016[epoch 11] lr=0.000256
2026-01-06 01:13:42,643 - rf_experiment - INFO - Epoch 11 [1000/1229] loss=1.7811[epoch 11] lr=0.000256
2026-01-06 01:14:15,401 - rf_experiment - INFO - Epoch 11 [1050/1229] loss=1.8062[epoch 11] lr=0.000256
2026-01-06 01:14:48,211 - rf_experiment - INFO - Epoch 11 [1100/1229] loss=1.8321[epoch 11] lr=0.000256
2026-01-06 01:15:20,933 - rf_experiment - INFO - Epoch 11 [1150/1229] loss=1.6354[epoch 11] lr=0.000256
2026-01-06 01:15:53,620 - rf_experiment - INFO - Epoch 11 [1200/1229] loss=1.8595[epoch 11] lr=0.000256
2026-01-06 01:16:12,454 - rf_experiment - INFO - [epoch 11] train_loss=1.6918, train_acc=0.3940
2026-01-06 01:16:38,675 - rf_experiment - INFO - [epoch 11] val_loss=1.7071, val_acc=0.4062
2026-01-06 01:16:38,675 - rf_experiment - INFO - [epoch 12/40] training...
2026-01-06 01:17:11,220 - rf_experiment - INFO - Epoch 12 [50/1229] loss=1.7999[epoch 12] lr=0.000247
2026-01-06 01:17:43,796 - rf_experiment - INFO - Epoch 12 [100/1229] loss=1.8371[epoch 12] lr=0.000247
2026-01-06 01:18:16,506 - rf_experiment - INFO - Epoch 12 [150/1229] loss=1.6048[epoch 12] lr=0.000247
2026-01-06 01:18:49,090 - rf_experiment - INFO - Epoch 12 [200/1229] loss=1.4776[epoch 12] lr=0.000247
2026-01-06 01:19:21,668 - rf_experiment - INFO - Epoch 12 [250/1229] loss=1.6764[epoch 12] lr=0.000247
2026-01-06 01:19:54,085 - rf_experiment - INFO - Epoch 12 [300/1229] loss=1.8355[epoch 12] lr=0.000247
2026-01-06 01:20:26,587 - rf_experiment - INFO - Epoch 12 [350/1229] loss=1.8716[epoch 12] lr=0.000247
2026-01-06 01:20:58,999 - rf_experiment - INFO - Epoch 12 [400/1229] loss=1.9084[epoch 12] lr=0.000247
2026-01-06 01:21:31,494 - rf_experiment - INFO - Epoch 12 [450/1229] loss=1.3898[epoch 12] lr=0.000247
2026-01-06 01:22:04,107 - rf_experiment - INFO - Epoch 12 [500/1229] loss=1.7454[epoch 12] lr=0.000247
2026-01-06 01:22:36,641 - rf_experiment - INFO - Epoch 12 [550/1229] loss=1.5680[epoch 12] lr=0.000247
2026-01-06 01:23:09,311 - rf_experiment - INFO - Epoch 12 [600/1229] loss=1.5014[epoch 12] lr=0.000247
2026-01-06 01:23:41,816 - rf_experiment - INFO - Epoch 12 [650/1229] loss=1.7460[epoch 12] lr=0.000247
2026-01-06 01:24:14,482 - rf_experiment - INFO - Epoch 12 [700/1229] loss=1.6352[epoch 12] lr=0.000247
2026-01-06 01:24:47,000 - rf_experiment - INFO - Epoch 12 [750/1229] loss=1.6794[epoch 12] lr=0.000247
2026-01-06 01:25:19,670 - rf_experiment - INFO - Epoch 12 [800/1229] loss=1.3629[epoch 12] lr=0.000247
2026-01-06 01:25:52,316 - rf_experiment - INFO - Epoch 12 [850/1229] loss=1.6689[epoch 12] lr=0.000247
2026-01-06 01:26:24,909 - rf_experiment - INFO - Epoch 12 [900/1229] loss=1.5987[epoch 12] lr=0.000247
2026-01-06 01:26:57,491 - rf_experiment - INFO - Epoch 12 [950/1229] loss=1.6590[epoch 12] lr=0.000247
2026-01-06 01:27:30,172 - rf_experiment - INFO - Epoch 12 [1000/1229] loss=1.7309[epoch 12] lr=0.000247
2026-01-06 01:28:02,868 - rf_experiment - INFO - Epoch 12 [1050/1229] loss=1.6266[epoch 12] lr=0.000247
2026-01-06 01:28:35,586 - rf_experiment - INFO - Epoch 12 [1100/1229] loss=1.7910[epoch 12] lr=0.000247
2026-01-06 01:29:08,179 - rf_experiment - INFO - Epoch 12 [1150/1229] loss=1.9730[epoch 12] lr=0.000247
2026-01-06 01:29:40,755 - rf_experiment - INFO - Epoch 12 [1200/1229] loss=1.8032[epoch 12] lr=0.000247
2026-01-06 01:29:59,625 - rf_experiment - INFO - [epoch 12] train_loss=1.6848, train_acc=0.3959
2026-01-06 01:30:25,640 - rf_experiment - INFO - [epoch 12] val_loss=1.6794, val_acc=0.3944
2026-01-06 01:30:25,641 - rf_experiment - INFO - [epoch 13/40] training...
2026-01-06 01:30:58,201 - rf_experiment - INFO - Epoch 13 [50/1229] loss=1.7993[epoch 13] lr=0.000238
2026-01-06 01:31:30,674 - rf_experiment - INFO - Epoch 13 [100/1229] loss=1.6964[epoch 13] lr=0.000238
2026-01-06 01:32:03,317 - rf_experiment - INFO - Epoch 13 [150/1229] loss=1.7462[epoch 13] lr=0.000238
2026-01-06 01:32:35,820 - rf_experiment - INFO - Epoch 13 [200/1229] loss=1.5858[epoch 13] lr=0.000238
2026-01-06 01:33:08,432 - rf_experiment - INFO - Epoch 13 [250/1229] loss=1.7271[epoch 13] lr=0.000238
2026-01-06 01:33:41,026 - rf_experiment - INFO - Epoch 13 [300/1229] loss=1.7237[epoch 13] lr=0.000238
2026-01-06 01:34:13,723 - rf_experiment - INFO - Epoch 13 [350/1229] loss=1.6787[epoch 13] lr=0.000238
2026-01-06 01:34:46,427 - rf_experiment - INFO - Epoch 13 [400/1229] loss=1.7064[epoch 13] lr=0.000238
2026-01-06 01:35:19,241 - rf_experiment - INFO - Epoch 13 [450/1229] loss=1.5267[epoch 13] lr=0.000238
2026-01-06 01:35:51,822 - rf_experiment - INFO - Epoch 13 [500/1229] loss=1.7737[epoch 13] lr=0.000238
2026-01-06 01:36:24,486 - rf_experiment - INFO - Epoch 13 [550/1229] loss=1.6247[epoch 13] lr=0.000238
2026-01-06 01:36:57,171 - rf_experiment - INFO - Epoch 13 [600/1229] loss=1.5992[epoch 13] lr=0.000238
2026-01-06 01:37:29,887 - rf_experiment - INFO - Epoch 13 [650/1229] loss=1.5208[epoch 13] lr=0.000238
2026-01-06 01:38:02,491 - rf_experiment - INFO - Epoch 13 [700/1229] loss=1.6486[epoch 13] lr=0.000238
2026-01-06 01:38:35,183 - rf_experiment - INFO - Epoch 13 [750/1229] loss=1.5076[epoch 13] lr=0.000238
2026-01-06 01:39:07,809 - rf_experiment - INFO - Epoch 13 [800/1229] loss=1.4884[epoch 13] lr=0.000238
2026-01-06 01:39:40,579 - rf_experiment - INFO - Epoch 13 [850/1229] loss=1.6532[epoch 13] lr=0.000238
2026-01-06 01:40:13,371 - rf_experiment - INFO - Epoch 13 [900/1229] loss=1.5758[epoch 13] lr=0.000238
2026-01-06 01:40:46,048 - rf_experiment - INFO - Epoch 13 [950/1229] loss=1.7533[epoch 13] lr=0.000238
2026-01-06 01:41:18,642 - rf_experiment - INFO - Epoch 13 [1000/1229] loss=1.6269[epoch 13] lr=0.000238
2026-01-06 01:41:51,321 - rf_experiment - INFO - Epoch 13 [1050/1229] loss=1.6731[epoch 13] lr=0.000238
2026-01-06 01:42:23,942 - rf_experiment - INFO - Epoch 13 [1100/1229] loss=1.5196[epoch 13] lr=0.000238
2026-01-06 01:42:56,691 - rf_experiment - INFO - Epoch 13 [1150/1229] loss=1.8141[epoch 13] lr=0.000238
2026-01-06 01:43:29,381 - rf_experiment - INFO - Epoch 13 [1200/1229] loss=1.6813[epoch 13] lr=0.000238
2026-01-06 01:43:48,272 - rf_experiment - INFO - [epoch 13] train_loss=1.6746, train_acc=0.4002
2026-01-06 01:44:15,217 - rf_experiment - INFO - [epoch 13] val_loss=1.6561, val_acc=0.4138
2026-01-06 01:44:15,218 - rf_experiment - INFO - [epoch 14/40] training...
2026-01-06 01:44:47,812 - rf_experiment - INFO - Epoch 14 [50/1229] loss=1.6159[epoch 14] lr=0.000228
2026-01-06 01:45:20,452 - rf_experiment - INFO - Epoch 14 [100/1229] loss=1.6342[epoch 14] lr=0.000228
2026-01-06 01:45:53,132 - rf_experiment - INFO - Epoch 14 [150/1229] loss=1.4281[epoch 14] lr=0.000228
2026-01-06 01:46:25,788 - rf_experiment - INFO - Epoch 14 [200/1229] loss=1.6284[epoch 14] lr=0.000228
2026-01-06 01:46:58,432 - rf_experiment - INFO - Epoch 14 [250/1229] loss=1.8543[epoch 14] lr=0.000228
2026-01-06 01:47:31,120 - rf_experiment - INFO - Epoch 14 [300/1229] loss=1.5579[epoch 14] lr=0.000228
2026-01-06 01:48:03,750 - rf_experiment - INFO - Epoch 14 [350/1229] loss=1.7497[epoch 14] lr=0.000228
2026-01-06 01:48:36,426 - rf_experiment - INFO - Epoch 14 [400/1229] loss=1.7614[epoch 14] lr=0.000228
2026-01-06 01:49:09,133 - rf_experiment - INFO - Epoch 14 [450/1229] loss=1.6917[epoch 14] lr=0.000228
2026-01-06 01:49:41,764 - rf_experiment - INFO - Epoch 14 [500/1229] loss=1.6695[epoch 14] lr=0.000228
2026-01-06 01:50:14,458 - rf_experiment - INFO - Epoch 14 [550/1229] loss=1.7493[epoch 14] lr=0.000228
2026-01-06 01:50:47,182 - rf_experiment - INFO - Epoch 14 [600/1229] loss=1.8452[epoch 14] lr=0.000228
2026-01-06 01:51:19,925 - rf_experiment - INFO - Epoch 14 [650/1229] loss=1.5839[epoch 14] lr=0.000228
2026-01-06 01:51:52,595 - rf_experiment - INFO - Epoch 14 [700/1229] loss=1.3768[epoch 14] lr=0.000228
2026-01-06 01:52:25,334 - rf_experiment - INFO - Epoch 14 [750/1229] loss=1.5885[epoch 14] lr=0.000228
2026-01-06 01:52:58,012 - rf_experiment - INFO - Epoch 14 [800/1229] loss=1.7861[epoch 14] lr=0.000228
2026-01-06 01:53:30,688 - rf_experiment - INFO - Epoch 14 [850/1229] loss=1.8005[epoch 14] lr=0.000228
2026-01-06 01:54:03,389 - rf_experiment - INFO - Epoch 14 [900/1229] loss=1.9040[epoch 14] lr=0.000228
2026-01-06 01:54:36,068 - rf_experiment - INFO - Epoch 14 [950/1229] loss=1.7099[epoch 14] lr=0.000228
2026-01-06 01:55:08,837 - rf_experiment - INFO - Epoch 14 [1000/1229] loss=1.6797[epoch 14] lr=0.000228
2026-01-06 01:55:41,529 - rf_experiment - INFO - Epoch 14 [1050/1229] loss=1.5798[epoch 14] lr=0.000228
2026-01-06 01:56:14,238 - rf_experiment - INFO - Epoch 14 [1100/1229] loss=1.4113[epoch 14] lr=0.000228
2026-01-06 01:56:46,944 - rf_experiment - INFO - Epoch 14 [1150/1229] loss=1.5847[epoch 14] lr=0.000228
2026-01-06 01:57:19,543 - rf_experiment - INFO - Epoch 14 [1200/1229] loss=1.5304[epoch 14] lr=0.000228
2026-01-06 01:57:38,355 - rf_experiment - INFO - [epoch 14] train_loss=1.6670, train_acc=0.4011
2026-01-06 01:58:04,885 - rf_experiment - INFO - [epoch 14] val_loss=1.6508, val_acc=0.4165
2026-01-06 01:58:04,886 - rf_experiment - INFO - [epoch 15/40] training...
2026-01-06 01:58:37,492 - rf_experiment - INFO - Epoch 15 [50/1229] loss=1.5306[epoch 15] lr=0.000218
2026-01-06 01:59:10,106 - rf_experiment - INFO - Epoch 15 [100/1229] loss=1.7175[epoch 15] lr=0.000218
2026-01-06 01:59:42,857 - rf_experiment - INFO - Epoch 15 [150/1229] loss=1.7602[epoch 15] lr=0.000218
2026-01-06 02:00:15,442 - rf_experiment - INFO - Epoch 15 [200/1229] loss=1.6061[epoch 15] lr=0.000218
2026-01-06 02:00:48,116 - rf_experiment - INFO - Epoch 15 [250/1229] loss=1.4774[epoch 15] lr=0.000218
2026-01-06 02:01:20,807 - rf_experiment - INFO - Epoch 15 [300/1229] loss=1.6424[epoch 15] lr=0.000218
2026-01-06 02:01:53,524 - rf_experiment - INFO - Epoch 15 [350/1229] loss=1.4459[epoch 15] lr=0.000218
2026-01-06 02:02:26,243 - rf_experiment - INFO - Epoch 15 [400/1229] loss=1.4427[epoch 15] lr=0.000218
2026-01-06 02:02:58,976 - rf_experiment - INFO - Epoch 15 [450/1229] loss=1.6153[epoch 15] lr=0.000218
2026-01-06 02:03:31,610 - rf_experiment - INFO - Epoch 15 [500/1229] loss=2.1577[epoch 15] lr=0.000218
2026-01-06 02:04:04,371 - rf_experiment - INFO - Epoch 15 [550/1229] loss=1.8029[epoch 15] lr=0.000218
2026-01-06 02:04:37,037 - rf_experiment - INFO - Epoch 15 [600/1229] loss=1.5567[epoch 15] lr=0.000218
2026-01-06 02:05:09,694 - rf_experiment - INFO - Epoch 15 [650/1229] loss=1.4508[epoch 15] lr=0.000218
2026-01-06 02:05:42,401 - rf_experiment - INFO - Epoch 15 [700/1229] loss=1.5593[epoch 15] lr=0.000218
2026-01-06 02:06:15,193 - rf_experiment - INFO - Epoch 15 [750/1229] loss=1.7306[epoch 15] lr=0.000218
2026-01-06 02:06:47,851 - rf_experiment - INFO - Epoch 15 [800/1229] loss=1.6397[epoch 15] lr=0.000218
2026-01-06 02:07:20,614 - rf_experiment - INFO - Epoch 15 [850/1229] loss=1.7606[epoch 15] lr=0.000218
2026-01-06 02:07:53,361 - rf_experiment - INFO - Epoch 15 [900/1229] loss=1.8193[epoch 15] lr=0.000218
2026-01-06 02:08:26,001 - rf_experiment - INFO - Epoch 15 [950/1229] loss=1.4584[epoch 15] lr=0.000218
2026-01-06 02:08:58,653 - rf_experiment - INFO - Epoch 15 [1000/1229] loss=1.9714[epoch 15] lr=0.000218
2026-01-06 02:09:31,326 - rf_experiment - INFO - Epoch 15 [1050/1229] loss=1.6586[epoch 15] lr=0.000218
2026-01-06 02:10:03,946 - rf_experiment - INFO - Epoch 15 [1100/1229] loss=1.6302[epoch 15] lr=0.000218
2026-01-06 02:10:36,637 - rf_experiment - INFO - Epoch 15 [1150/1229] loss=1.6808[epoch 15] lr=0.000218
2026-01-06 02:11:09,319 - rf_experiment - INFO - Epoch 15 [1200/1229] loss=1.5233[epoch 15] lr=0.000218
2026-01-06 02:11:28,237 - rf_experiment - INFO - [epoch 15] train_loss=1.6576, train_acc=0.4050
2026-01-06 02:11:54,709 - rf_experiment - INFO - [epoch 15] val_loss=1.6453, val_acc=0.4002
2026-01-06 02:11:54,710 - rf_experiment - INFO - [epoch 16/40] training...
2026-01-06 02:12:27,274 - rf_experiment - INFO - Epoch 16 [50/1229] loss=1.8002[epoch 16] lr=0.000207
2026-01-06 02:12:59,865 - rf_experiment - INFO - Epoch 16 [100/1229] loss=1.5644[epoch 16] lr=0.000207
2026-01-06 02:13:32,553 - rf_experiment - INFO - Epoch 16 [150/1229] loss=1.7034[epoch 16] lr=0.000207
2026-01-06 02:14:05,273 - rf_experiment - INFO - Epoch 16 [200/1229] loss=1.8811[epoch 16] lr=0.000207
2026-01-06 02:14:38,034 - rf_experiment - INFO - Epoch 16 [250/1229] loss=1.4897[epoch 16] lr=0.000207
2026-01-06 02:15:10,709 - rf_experiment - INFO - Epoch 16 [300/1229] loss=2.1674[epoch 16] lr=0.000207
2026-01-06 02:15:43,382 - rf_experiment - INFO - Epoch 16 [350/1229] loss=1.7818[epoch 16] lr=0.000207
2026-01-06 02:16:16,027 - rf_experiment - INFO - Epoch 16 [400/1229] loss=1.3931[epoch 16] lr=0.000207
2026-01-06 02:16:48,724 - rf_experiment - INFO - Epoch 16 [450/1229] loss=1.6780[epoch 16] lr=0.000207
2026-01-06 02:17:21,456 - rf_experiment - INFO - Epoch 16 [500/1229] loss=1.8481[epoch 16] lr=0.000207
2026-01-06 02:17:54,123 - rf_experiment - INFO - Epoch 16 [550/1229] loss=1.5571[epoch 16] lr=0.000207
2026-01-06 02:18:26,881 - rf_experiment - INFO - Epoch 16 [600/1229] loss=1.7271[epoch 16] lr=0.000207
2026-01-06 02:18:59,626 - rf_experiment - INFO - Epoch 16 [650/1229] loss=1.4313[epoch 16] lr=0.000207
2026-01-06 02:19:32,353 - rf_experiment - INFO - Epoch 16 [700/1229] loss=1.8484[epoch 16] lr=0.000207
2026-01-06 02:20:05,011 - rf_experiment - INFO - Epoch 16 [750/1229] loss=1.6355[epoch 16] lr=0.000207
2026-01-06 02:20:37,688 - rf_experiment - INFO - Epoch 16 [800/1229] loss=1.7880[epoch 16] lr=0.000207
2026-01-06 02:21:10,402 - rf_experiment - INFO - Epoch 16 [850/1229] loss=1.7028[epoch 16] lr=0.000207
2026-01-06 02:21:43,059 - rf_experiment - INFO - Epoch 16 [900/1229] loss=1.5166[epoch 16] lr=0.000207
2026-01-06 02:22:15,688 - rf_experiment - INFO - Epoch 16 [950/1229] loss=1.5927[epoch 16] lr=0.000207
2026-01-06 02:22:48,330 - rf_experiment - INFO - Epoch 16 [1000/1229] loss=1.6664[epoch 16] lr=0.000207
2026-01-06 02:23:20,950 - rf_experiment - INFO - Epoch 16 [1050/1229] loss=1.8023[epoch 16] lr=0.000207
2026-01-06 02:23:53,616 - rf_experiment - INFO - Epoch 16 [1100/1229] loss=1.5861[epoch 16] lr=0.000207
2026-01-06 02:24:26,335 - rf_experiment - INFO - Epoch 16 [1150/1229] loss=1.3409[epoch 16] lr=0.000207
2026-01-06 02:24:58,992 - rf_experiment - INFO - Epoch 16 [1200/1229] loss=1.6867[epoch 16] lr=0.000207
2026-01-06 02:25:17,823 - rf_experiment - INFO - [epoch 16] train_loss=1.6514, train_acc=0.4052
2026-01-06 02:25:44,395 - rf_experiment - INFO - [epoch 16] val_loss=1.6812, val_acc=0.3985
2026-01-06 02:25:44,395 - rf_experiment - INFO - [epoch 17/40] training...
2026-01-06 02:26:16,911 - rf_experiment - INFO - Epoch 17 [50/1229] loss=1.5680[epoch 17] lr=0.000196
2026-01-06 02:26:49,581 - rf_experiment - INFO - Epoch 17 [100/1229] loss=1.6542[epoch 17] lr=0.000196
2026-01-06 02:27:22,279 - rf_experiment - INFO - Epoch 17 [150/1229] loss=1.5811[epoch 17] lr=0.000196
2026-01-06 02:27:54,943 - rf_experiment - INFO - Epoch 17 [200/1229] loss=1.6479[epoch 17] lr=0.000196
2026-01-06 02:28:27,709 - rf_experiment - INFO - Epoch 17 [250/1229] loss=1.5833[epoch 17] lr=0.000196
2026-01-06 02:29:00,319 - rf_experiment - INFO - Epoch 17 [300/1229] loss=1.7972[epoch 17] lr=0.000196
2026-01-06 02:29:33,007 - rf_experiment - INFO - Epoch 17 [350/1229] loss=1.4031[epoch 17] lr=0.000196
2026-01-06 02:30:05,661 - rf_experiment - INFO - Epoch 17 [400/1229] loss=1.6478[epoch 17] lr=0.000196
2026-01-06 02:30:38,348 - rf_experiment - INFO - Epoch 17 [450/1229] loss=1.7822[epoch 17] lr=0.000196
2026-01-06 02:31:11,020 - rf_experiment - INFO - Epoch 17 [500/1229] loss=1.5292[epoch 17] lr=0.000196
2026-01-06 02:31:43,792 - rf_experiment - INFO - Epoch 17 [550/1229] loss=1.6024[epoch 17] lr=0.000196
2026-01-06 02:32:16,440 - rf_experiment - INFO - Epoch 17 [600/1229] loss=1.5052[epoch 17] lr=0.000196
2026-01-06 02:32:49,170 - rf_experiment - INFO - Epoch 17 [650/1229] loss=1.6042[epoch 17] lr=0.000196
2026-01-06 02:33:21,782 - rf_experiment - INFO - Epoch 17 [700/1229] loss=1.4191[epoch 17] lr=0.000196
2026-01-06 02:33:54,519 - rf_experiment - INFO - Epoch 17 [750/1229] loss=1.5777[epoch 17] lr=0.000196
2026-01-06 02:34:27,220 - rf_experiment - INFO - Epoch 17 [800/1229] loss=1.5634[epoch 17] lr=0.000196
2026-01-06 02:34:59,772 - rf_experiment - INFO - Epoch 17 [850/1229] loss=1.7858[epoch 17] lr=0.000196
2026-01-06 02:35:32,325 - rf_experiment - INFO - Epoch 17 [900/1229] loss=1.5128[epoch 17] lr=0.000196
2026-01-06 02:36:04,925 - rf_experiment - INFO - Epoch 17 [950/1229] loss=1.4926[epoch 17] lr=0.000196
2026-01-06 02:36:37,496 - rf_experiment - INFO - Epoch 17 [1000/1229] loss=1.5691[epoch 17] lr=0.000196
2026-01-06 02:37:10,083 - rf_experiment - INFO - Epoch 17 [1050/1229] loss=1.6441[epoch 17] lr=0.000196
2026-01-06 02:37:42,627 - rf_experiment - INFO - Epoch 17 [1100/1229] loss=1.7627[epoch 17] lr=0.000196
2026-01-06 02:38:15,279 - rf_experiment - INFO - Epoch 17 [1150/1229] loss=1.5091[epoch 17] lr=0.000196
2026-01-06 02:38:47,769 - rf_experiment - INFO - Epoch 17 [1200/1229] loss=1.5932[epoch 17] lr=0.000196
2026-01-06 02:39:06,685 - rf_experiment - INFO - [epoch 17] train_loss=1.6453, train_acc=0.4077
2026-01-06 02:39:32,700 - rf_experiment - INFO - [epoch 17] val_loss=1.6193, val_acc=0.4200
2026-01-06 02:39:32,700 - rf_experiment - INFO - [epoch 18/40] training...
2026-01-06 02:40:05,162 - rf_experiment - INFO - Epoch 18 [50/1229] loss=1.6869[epoch 18] lr=0.000185
2026-01-06 02:40:37,769 - rf_experiment - INFO - Epoch 18 [100/1229] loss=1.5046[epoch 18] lr=0.000185
2026-01-06 02:41:10,479 - rf_experiment - INFO - Epoch 18 [150/1229] loss=1.5132[epoch 18] lr=0.000185
2026-01-06 02:41:43,170 - rf_experiment - INFO - Epoch 18 [200/1229] loss=1.8925[epoch 18] lr=0.000185
2026-01-06 02:42:15,857 - rf_experiment - INFO - Epoch 18 [250/1229] loss=1.7313[epoch 18] lr=0.000185
2026-01-06 02:42:48,536 - rf_experiment - INFO - Epoch 18 [300/1229] loss=1.7183[epoch 18] lr=0.000185
2026-01-06 02:43:21,167 - rf_experiment - INFO - Epoch 18 [350/1229] loss=1.5303[epoch 18] lr=0.000185
2026-01-06 02:43:53,838 - rf_experiment - INFO - Epoch 18 [400/1229] loss=1.6168[epoch 18] lr=0.000185
2026-01-06 02:44:26,540 - rf_experiment - INFO - Epoch 18 [450/1229] loss=1.6554[epoch 18] lr=0.000185
2026-01-06 02:44:59,141 - rf_experiment - INFO - Epoch 18 [500/1229] loss=1.5210[epoch 18] lr=0.000185
2026-01-06 02:45:31,869 - rf_experiment - INFO - Epoch 18 [550/1229] loss=1.5058[epoch 18] lr=0.000185
2026-01-06 02:46:04,532 - rf_experiment - INFO - Epoch 18 [600/1229] loss=1.8164[epoch 18] lr=0.000185
2026-01-06 02:46:37,218 - rf_experiment - INFO - Epoch 18 [650/1229] loss=1.7639[epoch 18] lr=0.000185
2026-01-06 02:47:09,896 - rf_experiment - INFO - Epoch 18 [700/1229] loss=1.7739[epoch 18] lr=0.000185
2026-01-06 02:47:42,652 - rf_experiment - INFO - Epoch 18 [750/1229] loss=1.4792[epoch 18] lr=0.000185
2026-01-06 02:48:15,330 - rf_experiment - INFO - Epoch 18 [800/1229] loss=1.3491[epoch 18] lr=0.000185
2026-01-06 02:48:47,962 - rf_experiment - INFO - Epoch 18 [850/1229] loss=1.8045[epoch 18] lr=0.000185
2026-01-06 02:49:20,559 - rf_experiment - INFO - Epoch 18 [900/1229] loss=1.6625[epoch 18] lr=0.000185
2026-01-06 02:49:53,312 - rf_experiment - INFO - Epoch 18 [950/1229] loss=1.7106[epoch 18] lr=0.000185
2026-01-06 02:50:25,997 - rf_experiment - INFO - Epoch 18 [1000/1229] loss=1.6252[epoch 18] lr=0.000185
2026-01-06 02:50:58,701 - rf_experiment - INFO - Epoch 18 [1050/1229] loss=1.7510[epoch 18] lr=0.000185
2026-01-06 02:51:31,395 - rf_experiment - INFO - Epoch 18 [1100/1229] loss=1.4086[epoch 18] lr=0.000185
2026-01-06 02:52:04,081 - rf_experiment - INFO - Epoch 18 [1150/1229] loss=1.5501[epoch 18] lr=0.000185
2026-01-06 02:52:36,771 - rf_experiment - INFO - Epoch 18 [1200/1229] loss=1.7960[epoch 18] lr=0.000185
2026-01-06 02:52:55,649 - rf_experiment - INFO - [epoch 18] train_loss=1.6424, train_acc=0.4084
2026-01-06 02:53:21,835 - rf_experiment - INFO - [epoch 18] val_loss=1.6127, val_acc=0.4148
2026-01-06 02:53:21,835 - rf_experiment - INFO - [epoch 19/40] training...
2026-01-06 02:53:54,419 - rf_experiment - INFO - Epoch 19 [50/1229] loss=1.3715[epoch 19] lr=0.000173
2026-01-06 02:54:27,041 - rf_experiment - INFO - Epoch 19 [100/1229] loss=1.9604[epoch 19] lr=0.000173
2026-01-06 02:54:59,684 - rf_experiment - INFO - Epoch 19 [150/1229] loss=1.4395[epoch 19] lr=0.000173
2026-01-06 02:55:32,425 - rf_experiment - INFO - Epoch 19 [200/1229] loss=1.7009[epoch 19] lr=0.000173
2026-01-06 02:56:05,169 - rf_experiment - INFO - Epoch 19 [250/1229] loss=1.6536[epoch 19] lr=0.000173
2026-01-06 02:56:37,763 - rf_experiment - INFO - Epoch 19 [300/1229] loss=1.4884[epoch 19] lr=0.000173
2026-01-06 02:57:10,483 - rf_experiment - INFO - Epoch 19 [350/1229] loss=1.7242[epoch 19] lr=0.000173
2026-01-06 02:57:43,152 - rf_experiment - INFO - Epoch 19 [400/1229] loss=1.5596[epoch 19] lr=0.000173
2026-01-06 02:58:15,980 - rf_experiment - INFO - Epoch 19 [450/1229] loss=1.7003[epoch 19] lr=0.000173
2026-01-06 02:58:48,551 - rf_experiment - INFO - Epoch 19 [500/1229] loss=1.5128[epoch 19] lr=0.000173
2026-01-06 02:59:21,252 - rf_experiment - INFO - Epoch 19 [550/1229] loss=1.8689[epoch 19] lr=0.000173
2026-01-06 02:59:54,084 - rf_experiment - INFO - Epoch 19 [600/1229] loss=1.8101[epoch 19] lr=0.000173
2026-01-06 03:00:26,825 - rf_experiment - INFO - Epoch 19 [650/1229] loss=1.5272[epoch 19] lr=0.000173
2026-01-06 03:00:59,660 - rf_experiment - INFO - Epoch 19 [700/1229] loss=1.6305[epoch 19] lr=0.000173
2026-01-06 03:01:32,427 - rf_experiment - INFO - Epoch 19 [750/1229] loss=1.5448[epoch 19] lr=0.000173
2026-01-06 03:02:05,623 - rf_experiment - INFO - Epoch 19 [800/1229] loss=1.5580[epoch 19] lr=0.000173
2026-01-06 03:02:38,410 - rf_experiment - INFO - Epoch 19 [850/1229] loss=1.3342[epoch 19] lr=0.000173
2026-01-06 03:03:11,105 - rf_experiment - INFO - Epoch 19 [900/1229] loss=1.5579[epoch 19] lr=0.000173
2026-01-06 03:03:43,834 - rf_experiment - INFO - Epoch 19 [950/1229] loss=1.3405[epoch 19] lr=0.000173
2026-01-06 03:04:16,668 - rf_experiment - INFO - Epoch 19 [1000/1229] loss=1.4304[epoch 19] lr=0.000173
2026-01-06 03:04:49,364 - rf_experiment - INFO - Epoch 19 [1050/1229] loss=1.7585[epoch 19] lr=0.000173
2026-01-06 03:05:22,098 - rf_experiment - INFO - Epoch 19 [1100/1229] loss=1.5675[epoch 19] lr=0.000173
2026-01-06 03:05:55,007 - rf_experiment - INFO - Epoch 19 [1150/1229] loss=1.6265[epoch 19] lr=0.000173
2026-01-06 03:06:27,855 - rf_experiment - INFO - Epoch 19 [1200/1229] loss=1.7469[epoch 19] lr=0.000173
2026-01-06 03:06:46,828 - rf_experiment - INFO - [epoch 19] train_loss=1.6375, train_acc=0.4125
2026-01-06 03:07:13,917 - rf_experiment - INFO - [epoch 19] val_loss=1.6294, val_acc=0.4130
2026-01-06 03:07:13,918 - rf_experiment - INFO - [epoch 20/40] training...
2026-01-06 03:07:46,526 - rf_experiment - INFO - Epoch 20 [50/1229] loss=1.5442[epoch 20] lr=0.000162
2026-01-06 03:08:19,384 - rf_experiment - INFO - Epoch 20 [100/1229] loss=1.2544[epoch 20] lr=0.000162
2026-01-06 03:08:52,148 - rf_experiment - INFO - Epoch 20 [150/1229] loss=1.3303[epoch 20] lr=0.000162
2026-01-06 03:09:25,023 - rf_experiment - INFO - Epoch 20 [200/1229] loss=1.6133[epoch 20] lr=0.000162
2026-01-06 03:09:57,862 - rf_experiment - INFO - Epoch 20 [250/1229] loss=1.6936[epoch 20] lr=0.000162
2026-01-06 03:10:30,615 - rf_experiment - INFO - Epoch 20 [300/1229] loss=1.5224[epoch 20] lr=0.000162
2026-01-06 03:11:03,369 - rf_experiment - INFO - Epoch 20 [350/1229] loss=1.6463[epoch 20] lr=0.000162
2026-01-06 03:11:36,135 - rf_experiment - INFO - Epoch 20 [400/1229] loss=1.6988[epoch 20] lr=0.000162
2026-01-06 03:12:08,966 - rf_experiment - INFO - Epoch 20 [450/1229] loss=1.6369[epoch 20] lr=0.000162
2026-01-06 03:12:41,708 - rf_experiment - INFO - Epoch 20 [500/1229] loss=1.6539[epoch 20] lr=0.000162
2026-01-06 03:13:14,587 - rf_experiment - INFO - Epoch 20 [550/1229] loss=1.4907[epoch 20] lr=0.000162
2026-01-06 03:13:47,320 - rf_experiment - INFO - Epoch 20 [600/1229] loss=1.6490[epoch 20] lr=0.000162
2026-01-06 03:14:20,136 - rf_experiment - INFO - Epoch 20 [650/1229] loss=1.4976[epoch 20] lr=0.000162
2026-01-06 03:14:52,852 - rf_experiment - INFO - Epoch 20 [700/1229] loss=1.6920[epoch 20] lr=0.000162
2026-01-06 03:15:25,745 - rf_experiment - INFO - Epoch 20 [750/1229] loss=1.6851[epoch 20] lr=0.000162
2026-01-06 03:15:58,490 - rf_experiment - INFO - Epoch 20 [800/1229] loss=1.5944[epoch 20] lr=0.000162
2026-01-06 03:16:31,302 - rf_experiment - INFO - Epoch 20 [850/1229] loss=1.6289[epoch 20] lr=0.000162
2026-01-06 03:17:04,026 - rf_experiment - INFO - Epoch 20 [900/1229] loss=1.5685[epoch 20] lr=0.000162
2026-01-06 03:17:36,910 - rf_experiment - INFO - Epoch 20 [950/1229] loss=1.8004[epoch 20] lr=0.000162
2026-01-06 03:18:09,898 - rf_experiment - INFO - Epoch 20 [1000/1229] loss=1.3075[epoch 20] lr=0.000162
2026-01-06 03:18:42,722 - rf_experiment - INFO - Epoch 20 [1050/1229] loss=1.7006[epoch 20] lr=0.000162
2026-01-06 03:19:15,488 - rf_experiment - INFO - Epoch 20 [1100/1229] loss=1.6567[epoch 20] lr=0.000162
2026-01-06 03:19:48,257 - rf_experiment - INFO - Epoch 20 [1150/1229] loss=1.6408[epoch 20] lr=0.000162
2026-01-06 03:20:21,098 - rf_experiment - INFO - Epoch 20 [1200/1229] loss=1.4867[epoch 20] lr=0.000162
2026-01-06 03:20:40,086 - rf_experiment - INFO - [epoch 20] train_loss=1.6246, train_acc=0.4154
2026-01-06 03:21:07,033 - rf_experiment - INFO - [epoch 20] val_loss=1.6363, val_acc=0.4062
2026-01-06 03:21:07,033 - rf_experiment - INFO - [epoch 21/40] training...
2026-01-06 03:21:39,818 - rf_experiment - INFO - Epoch 21 [50/1229] loss=1.4599[epoch 21] lr=0.000150
2026-01-06 03:22:12,714 - rf_experiment - INFO - Epoch 21 [100/1229] loss=1.5449[epoch 21] lr=0.000150
2026-01-06 03:22:45,441 - rf_experiment - INFO - Epoch 21 [150/1229] loss=1.2963[epoch 21] lr=0.000150
2026-01-06 03:23:18,192 - rf_experiment - INFO - Epoch 21 [200/1229] loss=1.6504[epoch 21] lr=0.000150
2026-01-06 03:23:51,016 - rf_experiment - INFO - Epoch 21 [250/1229] loss=2.0408[epoch 21] lr=0.000150
2026-01-06 03:24:23,805 - rf_experiment - INFO - Epoch 21 [300/1229] loss=1.6937[epoch 21] lr=0.000150
2026-01-06 03:24:56,500 - rf_experiment - INFO - Epoch 21 [350/1229] loss=1.5955[epoch 21] lr=0.000150
2026-01-06 03:25:29,245 - rf_experiment - INFO - Epoch 21 [400/1229] loss=1.6560[epoch 21] lr=0.000150
2026-01-06 03:26:01,985 - rf_experiment - INFO - Epoch 21 [450/1229] loss=1.7122[epoch 21] lr=0.000150
2026-01-06 03:26:34,801 - rf_experiment - INFO - Epoch 21 [500/1229] loss=1.8056[epoch 21] lr=0.000150
2026-01-06 03:27:07,546 - rf_experiment - INFO - Epoch 21 [550/1229] loss=1.4323[epoch 21] lr=0.000150
2026-01-06 03:27:40,267 - rf_experiment - INFO - Epoch 21 [600/1229] loss=1.7448[epoch 21] lr=0.000150
2026-01-06 03:28:13,039 - rf_experiment - INFO - Epoch 21 [650/1229] loss=1.5921[epoch 21] lr=0.000150
2026-01-06 03:28:45,699 - rf_experiment - INFO - Epoch 21 [700/1229] loss=1.7660[epoch 21] lr=0.000150
2026-01-06 03:29:18,450 - rf_experiment - INFO - Epoch 21 [750/1229] loss=1.7066[epoch 21] lr=0.000150
2026-01-06 03:29:51,153 - rf_experiment - INFO - Epoch 21 [800/1229] loss=1.4801[epoch 21] lr=0.000150
2026-01-06 03:30:23,975 - rf_experiment - INFO - Epoch 21 [850/1229] loss=1.8793[epoch 21] lr=0.000150
2026-01-06 03:30:56,652 - rf_experiment - INFO - Epoch 21 [900/1229] loss=1.8333[epoch 21] lr=0.000150
2026-01-06 03:31:29,505 - rf_experiment - INFO - Epoch 21 [950/1229] loss=1.4460[epoch 21] lr=0.000150
2026-01-06 03:32:02,286 - rf_experiment - INFO - Epoch 21 [1000/1229] loss=1.4500[epoch 21] lr=0.000150
2026-01-06 03:32:35,087 - rf_experiment - INFO - Epoch 21 [1050/1229] loss=1.6157[epoch 21] lr=0.000150
2026-01-06 03:33:07,826 - rf_experiment - INFO - Epoch 21 [1100/1229] loss=1.7885[epoch 21] lr=0.000150
2026-01-06 03:33:40,454 - rf_experiment - INFO - Epoch 21 [1150/1229] loss=1.4280[epoch 21] lr=0.000150
2026-01-06 03:34:13,152 - rf_experiment - INFO - Epoch 21 [1200/1229] loss=1.8863[epoch 21] lr=0.000150
2026-01-06 03:34:32,086 - rf_experiment - INFO - [epoch 21] train_loss=1.6187, train_acc=0.4140
2026-01-06 03:34:58,532 - rf_experiment - INFO - [epoch 21] val_loss=1.6447, val_acc=0.4074
2026-01-06 03:34:58,532 - rf_experiment - INFO - [epoch 22/40] training...
2026-01-06 03:35:31,107 - rf_experiment - INFO - Epoch 22 [50/1229] loss=1.8826[epoch 22] lr=0.000138
2026-01-06 03:36:03,828 - rf_experiment - INFO - Epoch 22 [100/1229] loss=1.5634[epoch 22] lr=0.000138
2026-01-06 03:36:36,535 - rf_experiment - INFO - Epoch 22 [150/1229] loss=1.6363[epoch 22] lr=0.000138
2026-01-06 03:37:09,284 - rf_experiment - INFO - Epoch 22 [200/1229] loss=1.7626[epoch 22] lr=0.000138
2026-01-06 03:37:42,009 - rf_experiment - INFO - Epoch 22 [250/1229] loss=1.3709[epoch 22] lr=0.000138
2026-01-06 03:38:14,795 - rf_experiment - INFO - Epoch 22 [300/1229] loss=1.4473[epoch 22] lr=0.000138
2026-01-06 03:38:47,541 - rf_experiment - INFO - Epoch 22 [350/1229] loss=1.5081[epoch 22] lr=0.000138
2026-01-06 03:39:20,308 - rf_experiment - INFO - Epoch 22 [400/1229] loss=1.8177[epoch 22] lr=0.000138
2026-01-06 03:39:53,093 - rf_experiment - INFO - Epoch 22 [450/1229] loss=1.5965[epoch 22] lr=0.000138
2026-01-06 03:40:25,729 - rf_experiment - INFO - Epoch 22 [500/1229] loss=1.5354[epoch 22] lr=0.000138
2026-01-06 03:40:58,432 - rf_experiment - INFO - Epoch 22 [550/1229] loss=1.7484[epoch 22] lr=0.000138
2026-01-06 03:41:31,074 - rf_experiment - INFO - Epoch 22 [600/1229] loss=1.5111[epoch 22] lr=0.000138
2026-01-06 03:42:03,706 - rf_experiment - INFO - Epoch 22 [650/1229] loss=1.8980[epoch 22] lr=0.000138
2026-01-06 03:42:36,378 - rf_experiment - INFO - Epoch 22 [700/1229] loss=1.4895[epoch 22] lr=0.000138
2026-01-06 03:43:09,112 - rf_experiment - INFO - Epoch 22 [750/1229] loss=1.5263[epoch 22] lr=0.000138
2026-01-06 03:43:41,806 - rf_experiment - INFO - Epoch 22 [800/1229] loss=1.4323[epoch 22] lr=0.000138
2026-01-06 03:44:14,495 - rf_experiment - INFO - Epoch 22 [850/1229] loss=1.3943[epoch 22] lr=0.000138
2026-01-06 03:44:47,026 - rf_experiment - INFO - Epoch 22 [900/1229] loss=1.7002[epoch 22] lr=0.000138
2026-01-06 03:45:19,790 - rf_experiment - INFO - Epoch 22 [950/1229] loss=1.5246[epoch 22] lr=0.000138
2026-01-06 03:45:52,436 - rf_experiment - INFO - Epoch 22 [1000/1229] loss=1.6624[epoch 22] lr=0.000138
2026-01-06 03:46:25,202 - rf_experiment - INFO - Epoch 22 [1050/1229] loss=1.6599[epoch 22] lr=0.000138
2026-01-06 03:46:57,874 - rf_experiment - INFO - Epoch 22 [1100/1229] loss=1.2890[epoch 22] lr=0.000138
2026-01-06 03:47:30,649 - rf_experiment - INFO - Epoch 22 [1150/1229] loss=1.3728[epoch 22] lr=0.000138
2026-01-06 03:48:03,447 - rf_experiment - INFO - Epoch 22 [1200/1229] loss=1.5108[epoch 22] lr=0.000138
2026-01-06 03:48:22,459 - rf_experiment - INFO - [epoch 22] train_loss=1.6140, train_acc=0.4190
2026-01-06 03:48:49,562 - rf_experiment - INFO - [epoch 22] val_loss=1.6338, val_acc=0.4210
2026-01-06 03:48:49,562 - rf_experiment - INFO - [epoch 23/40] training...
2026-01-06 03:49:22,223 - rf_experiment - INFO - Epoch 23 [50/1229] loss=1.5350[epoch 23] lr=0.000127
2026-01-06 03:49:54,987 - rf_experiment - INFO - Epoch 23 [100/1229] loss=1.8045[epoch 23] lr=0.000127
2026-01-06 03:50:27,738 - rf_experiment - INFO - Epoch 23 [150/1229] loss=1.5551[epoch 23] lr=0.000127
2026-01-06 03:51:00,540 - rf_experiment - INFO - Epoch 23 [200/1229] loss=1.4110[epoch 23] lr=0.000127
2026-01-06 03:51:33,291 - rf_experiment - INFO - Epoch 23 [250/1229] loss=1.5611[epoch 23] lr=0.000127
2026-01-06 03:52:06,017 - rf_experiment - INFO - Epoch 23 [300/1229] loss=1.6816[epoch 23] lr=0.000127
2026-01-06 03:52:38,768 - rf_experiment - INFO - Epoch 23 [350/1229] loss=1.6220[epoch 23] lr=0.000127
2026-01-06 03:53:11,606 - rf_experiment - INFO - Epoch 23 [400/1229] loss=1.5325[epoch 23] lr=0.000127
2026-01-06 03:53:44,354 - rf_experiment - INFO - Epoch 23 [450/1229] loss=1.5923[epoch 23] lr=0.000127
2026-01-06 03:54:17,214 - rf_experiment - INFO - Epoch 23 [500/1229] loss=1.3618[epoch 23] lr=0.000127
2026-01-06 03:54:50,062 - rf_experiment - INFO - Epoch 23 [550/1229] loss=1.7216[epoch 23] lr=0.000127
2026-01-06 03:55:22,877 - rf_experiment - INFO - Epoch 23 [600/1229] loss=1.5620[epoch 23] lr=0.000127
2026-01-06 03:55:55,602 - rf_experiment - INFO - Epoch 23 [650/1229] loss=1.5607[epoch 23] lr=0.000127
2026-01-06 03:56:28,478 - rf_experiment - INFO - Epoch 23 [700/1229] loss=1.3835[epoch 23] lr=0.000127
2026-01-06 03:57:01,314 - rf_experiment - INFO - Epoch 23 [750/1229] loss=1.6931[epoch 23] lr=0.000127
2026-01-06 03:57:34,110 - rf_experiment - INFO - Epoch 23 [800/1229] loss=1.6780[epoch 23] lr=0.000127
2026-01-06 03:58:06,970 - rf_experiment - INFO - Epoch 23 [850/1229] loss=1.8193[epoch 23] lr=0.000127
2026-01-06 03:58:39,935 - rf_experiment - INFO - Epoch 23 [900/1229] loss=1.5115[epoch 23] lr=0.000127
2026-01-06 03:59:12,759 - rf_experiment - INFO - Epoch 23 [950/1229] loss=1.4761[epoch 23] lr=0.000127
2026-01-06 03:59:45,582 - rf_experiment - INFO - Epoch 23 [1000/1229] loss=1.5328[epoch 23] lr=0.000127
2026-01-06 04:00:18,315 - rf_experiment - INFO - Epoch 23 [1050/1229] loss=1.7694[epoch 23] lr=0.000127
2026-01-06 04:00:51,053 - rf_experiment - INFO - Epoch 23 [1100/1229] loss=1.6359[epoch 23] lr=0.000127
2026-01-06 04:01:23,875 - rf_experiment - INFO - Epoch 23 [1150/1229] loss=1.4568[epoch 23] lr=0.000127
2026-01-06 04:01:56,744 - rf_experiment - INFO - Epoch 23 [1200/1229] loss=1.4255[epoch 23] lr=0.000127
2026-01-06 04:02:15,613 - rf_experiment - INFO - [epoch 23] train_loss=1.6097, train_acc=0.4191
2026-01-06 04:02:42,025 - rf_experiment - INFO - [epoch 23] val_loss=1.6559, val_acc=0.4172
2026-01-06 04:02:42,025 - rf_experiment - INFO - [epoch 24/40] training...
2026-01-06 04:03:14,626 - rf_experiment - INFO - Epoch 24 [50/1229] loss=1.5536[epoch 24] lr=0.000115
2026-01-06 04:03:47,366 - rf_experiment - INFO - Epoch 24 [100/1229] loss=1.7505[epoch 24] lr=0.000115
2026-01-06 04:04:20,143 - rf_experiment - INFO - Epoch 24 [150/1229] loss=1.7727[epoch 24] lr=0.000115
2026-01-06 04:04:52,811 - rf_experiment - INFO - Epoch 24 [200/1229] loss=1.8252[epoch 24] lr=0.000115
2026-01-06 04:05:25,497 - rf_experiment - INFO - Epoch 24 [250/1229] loss=1.4580[epoch 24] lr=0.000115
2026-01-06 04:05:58,330 - rf_experiment - INFO - Epoch 24 [300/1229] loss=1.7656[epoch 24] lr=0.000115
2026-01-06 04:06:31,130 - rf_experiment - INFO - Epoch 24 [350/1229] loss=1.4310[epoch 24] lr=0.000115
2026-01-06 04:07:03,986 - rf_experiment - INFO - Epoch 24 [400/1229] loss=1.7396[epoch 24] lr=0.000115
2026-01-06 04:07:36,661 - rf_experiment - INFO - Epoch 24 [450/1229] loss=1.6655[epoch 24] lr=0.000115
2026-01-06 04:08:09,487 - rf_experiment - INFO - Epoch 24 [500/1229] loss=1.3775[epoch 24] lr=0.000115
2026-01-06 04:08:42,225 - rf_experiment - INFO - Epoch 24 [550/1229] loss=1.4784[epoch 24] lr=0.000115
2026-01-06 04:09:15,011 - rf_experiment - INFO - Epoch 24 [600/1229] loss=1.3646[epoch 24] lr=0.000115
2026-01-06 04:09:47,716 - rf_experiment - INFO - Epoch 24 [650/1229] loss=1.5621[epoch 24] lr=0.000115
2026-01-06 04:10:20,587 - rf_experiment - INFO - Epoch 24 [700/1229] loss=1.6825[epoch 24] lr=0.000115
2026-01-06 04:10:53,334 - rf_experiment - INFO - Epoch 24 [750/1229] loss=1.4447[epoch 24] lr=0.000115
2026-01-06 04:11:26,111 - rf_experiment - INFO - Epoch 24 [800/1229] loss=1.3833[epoch 24] lr=0.000115
2026-01-06 04:11:58,770 - rf_experiment - INFO - Epoch 24 [850/1229] loss=1.5394[epoch 24] lr=0.000115
2026-01-06 04:12:31,495 - rf_experiment - INFO - Epoch 24 [900/1229] loss=1.7111[epoch 24] lr=0.000115
2026-01-06 04:13:04,284 - rf_experiment - INFO - Epoch 24 [950/1229] loss=1.6136[epoch 24] lr=0.000115
2026-01-06 04:13:37,093 - rf_experiment - INFO - Epoch 24 [1000/1229] loss=1.8731[epoch 24] lr=0.000115
2026-01-06 04:14:09,797 - rf_experiment - INFO - Epoch 24 [1050/1229] loss=1.9000[epoch 24] lr=0.000115
2026-01-06 04:14:42,483 - rf_experiment - INFO - Epoch 24 [1100/1229] loss=1.5533[epoch 24] lr=0.000115
2026-01-06 04:15:15,156 - rf_experiment - INFO - Epoch 24 [1150/1229] loss=1.6316[epoch 24] lr=0.000115
2026-01-06 04:15:47,918 - rf_experiment - INFO - Epoch 24 [1200/1229] loss=1.5343[epoch 24] lr=0.000115
2026-01-06 04:16:06,804 - rf_experiment - INFO - [epoch 24] train_loss=1.6028, train_acc=0.4208
2026-01-06 04:16:33,761 - rf_experiment - INFO - [epoch 24] val_loss=1.6110, val_acc=0.4201
2026-01-06 04:16:33,761 - rf_experiment - INFO - [epoch 25/40] training...
2026-01-06 04:17:06,297 - rf_experiment - INFO - Epoch 25 [50/1229] loss=1.5594[epoch 25] lr=0.000104
2026-01-06 04:17:38,975 - rf_experiment - INFO - Epoch 25 [100/1229] loss=1.3754[epoch 25] lr=0.000104
2026-01-06 04:18:11,731 - rf_experiment - INFO - Epoch 25 [150/1229] loss=1.9478[epoch 25] lr=0.000104
2026-01-06 04:18:44,543 - rf_experiment - INFO - Epoch 25 [200/1229] loss=1.4811[epoch 25] lr=0.000104
2026-01-06 04:19:17,389 - rf_experiment - INFO - Epoch 25 [250/1229] loss=1.4435[epoch 25] lr=0.000104
2026-01-06 04:19:50,185 - rf_experiment - INFO - Epoch 25 [300/1229] loss=1.5175[epoch 25] lr=0.000104
2026-01-06 04:20:22,982 - rf_experiment - INFO - Epoch 25 [350/1229] loss=1.5066[epoch 25] lr=0.000104
2026-01-06 04:20:55,845 - rf_experiment - INFO - Epoch 25 [400/1229] loss=1.5708[epoch 25] lr=0.000104
2026-01-06 04:21:28,723 - rf_experiment - INFO - Epoch 25 [450/1229] loss=1.6768[epoch 25] lr=0.000104
2026-01-06 04:22:01,582 - rf_experiment - INFO - Epoch 25 [500/1229] loss=1.4767[epoch 25] lr=0.000104
2026-01-06 04:22:34,366 - rf_experiment - INFO - Epoch 25 [550/1229] loss=1.6936[epoch 25] lr=0.000104
2026-01-06 04:23:07,065 - rf_experiment - INFO - Epoch 25 [600/1229] loss=1.5927[epoch 25] lr=0.000104
2026-01-06 04:23:39,768 - rf_experiment - INFO - Epoch 25 [650/1229] loss=1.6558[epoch 25] lr=0.000104
2026-01-06 04:24:12,576 - rf_experiment - INFO - Epoch 25 [700/1229] loss=1.3708[epoch 25] lr=0.000104
2026-01-06 04:24:45,281 - rf_experiment - INFO - Epoch 25 [750/1229] loss=1.7745[epoch 25] lr=0.000104
2026-01-06 04:25:18,046 - rf_experiment - INFO - Epoch 25 [800/1229] loss=1.8243[epoch 25] lr=0.000104
2026-01-06 04:25:50,707 - rf_experiment - INFO - Epoch 25 [850/1229] loss=1.7842[epoch 25] lr=0.000104
2026-01-06 04:26:23,470 - rf_experiment - INFO - Epoch 25 [900/1229] loss=1.6059[epoch 25] lr=0.000104
2026-01-06 04:26:56,202 - rf_experiment - INFO - Epoch 25 [950/1229] loss=1.7418[epoch 25] lr=0.000104
2026-01-06 04:27:29,106 - rf_experiment - INFO - Epoch 25 [1000/1229] loss=1.8505[epoch 25] lr=0.000104
2026-01-06 04:28:01,856 - rf_experiment - INFO - Epoch 25 [1050/1229] loss=1.3268[epoch 25] lr=0.000104
2026-01-06 04:28:34,704 - rf_experiment - INFO - Epoch 25 [1100/1229] loss=1.5285[epoch 25] lr=0.000104
2026-01-06 04:29:07,557 - rf_experiment - INFO - Epoch 25 [1150/1229] loss=1.6410[epoch 25] lr=0.000104
2026-01-06 04:29:40,382 - rf_experiment - INFO - Epoch 25 [1200/1229] loss=1.2983[epoch 25] lr=0.000104
2026-01-06 04:29:59,373 - rf_experiment - INFO - [epoch 25] train_loss=1.5853, train_acc=0.4263
2026-01-06 04:30:25,798 - rf_experiment - INFO - [epoch 25] val_loss=1.6125, val_acc=0.4071
2026-01-06 04:30:25,798 - rf_experiment - INFO - [epoch 26/40] training...
2026-01-06 04:30:58,443 - rf_experiment - INFO - Epoch 26 [50/1229] loss=1.7324[epoch 26] lr=0.000093
2026-01-06 04:31:31,160 - rf_experiment - INFO - Epoch 26 [100/1229] loss=1.3986[epoch 26] lr=0.000093
2026-01-06 04:32:03,908 - rf_experiment - INFO - Epoch 26 [150/1229] loss=1.5567[epoch 26] lr=0.000093
2026-01-06 04:32:36,644 - rf_experiment - INFO - Epoch 26 [200/1229] loss=1.6793[epoch 26] lr=0.000093
2026-01-06 04:33:09,396 - rf_experiment - INFO - Epoch 26 [250/1229] loss=1.6583[epoch 26] lr=0.000093
2026-01-06 04:33:42,124 - rf_experiment - INFO - Epoch 26 [300/1229] loss=1.5511[epoch 26] lr=0.000093
2026-01-06 04:34:14,841 - rf_experiment - INFO - Epoch 26 [350/1229] loss=1.4304[epoch 26] lr=0.000093
2026-01-06 04:34:47,552 - rf_experiment - INFO - Epoch 26 [400/1229] loss=1.6461[epoch 26] lr=0.000093
2026-01-06 04:35:20,327 - rf_experiment - INFO - Epoch 26 [450/1229] loss=1.5761[epoch 26] lr=0.000093
2026-01-06 04:35:53,051 - rf_experiment - INFO - Epoch 26 [500/1229] loss=1.7178[epoch 26] lr=0.000093
2026-01-06 04:36:25,773 - rf_experiment - INFO - Epoch 26 [550/1229] loss=1.5838[epoch 26] lr=0.000093
2026-01-06 04:36:58,487 - rf_experiment - INFO - Epoch 26 [600/1229] loss=1.7384[epoch 26] lr=0.000093
2026-01-06 04:37:31,166 - rf_experiment - INFO - Epoch 26 [650/1229] loss=1.5799[epoch 26] lr=0.000093
2026-01-06 04:38:03,875 - rf_experiment - INFO - Epoch 26 [700/1229] loss=1.4818[epoch 26] lr=0.000093
2026-01-06 04:38:36,509 - rf_experiment - INFO - Epoch 26 [750/1229] loss=1.5776[epoch 26] lr=0.000093
2026-01-06 04:39:09,263 - rf_experiment - INFO - Epoch 26 [800/1229] loss=1.7860[epoch 26] lr=0.000093
2026-01-06 04:39:41,954 - rf_experiment - INFO - Epoch 26 [850/1229] loss=1.5694[epoch 26] lr=0.000093
2026-01-06 04:40:14,741 - rf_experiment - INFO - Epoch 26 [900/1229] loss=1.6449[epoch 26] lr=0.000093
2026-01-06 04:40:47,507 - rf_experiment - INFO - Epoch 26 [950/1229] loss=1.5693[epoch 26] lr=0.000093
2026-01-06 04:41:20,284 - rf_experiment - INFO - Epoch 26 [1000/1229] loss=1.5370[epoch 26] lr=0.000093
2026-01-06 04:41:52,944 - rf_experiment - INFO - Epoch 26 [1050/1229] loss=1.7240[epoch 26] lr=0.000093
2026-01-06 04:42:25,680 - rf_experiment - INFO - Epoch 26 [1100/1229] loss=1.8255[epoch 26] lr=0.000093
2026-01-06 04:42:58,404 - rf_experiment - INFO - Epoch 26 [1150/1229] loss=1.3716[epoch 26] lr=0.000093
2026-01-06 04:43:31,132 - rf_experiment - INFO - Epoch 26 [1200/1229] loss=1.5137[epoch 26] lr=0.000093
2026-01-06 04:43:50,002 - rf_experiment - INFO - [epoch 26] train_loss=1.5776, train_acc=0.4286
2026-01-06 04:44:16,543 - rf_experiment - INFO - [epoch 26] val_loss=1.5924, val_acc=0.4199
2026-01-06 04:44:16,544 - rf_experiment - INFO - [epoch 27/40] training...
2026-01-06 04:44:49,163 - rf_experiment - INFO - Epoch 27 [50/1229] loss=1.6150[epoch 27] lr=0.000082
2026-01-06 04:45:21,961 - rf_experiment - INFO - Epoch 27 [100/1229] loss=1.6050[epoch 27] lr=0.000082
2026-01-06 04:45:54,634 - rf_experiment - INFO - Epoch 27 [150/1229] loss=1.5463[epoch 27] lr=0.000082
2026-01-06 04:46:27,414 - rf_experiment - INFO - Epoch 27 [200/1229] loss=1.5459[epoch 27] lr=0.000082
2026-01-06 04:47:00,145 - rf_experiment - INFO - Epoch 27 [250/1229] loss=1.3545[epoch 27] lr=0.000082
2026-01-06 04:47:32,924 - rf_experiment - INFO - Epoch 27 [300/1229] loss=1.6052[epoch 27] lr=0.000082
2026-01-06 04:48:05,609 - rf_experiment - INFO - Epoch 27 [350/1229] loss=1.8336[epoch 27] lr=0.000082
2026-01-06 04:48:38,275 - rf_experiment - INFO - Epoch 27 [400/1229] loss=1.4586[epoch 27] lr=0.000082
2026-01-06 04:49:10,952 - rf_experiment - INFO - Epoch 27 [450/1229] loss=1.7370[epoch 27] lr=0.000082
2026-01-06 04:49:43,597 - rf_experiment - INFO - Epoch 27 [500/1229] loss=1.7491[epoch 27] lr=0.000082
2026-01-06 04:50:16,185 - rf_experiment - INFO - Epoch 27 [550/1229] loss=1.6288[epoch 27] lr=0.000082
2026-01-06 04:50:48,925 - rf_experiment - INFO - Epoch 27 [600/1229] loss=1.5594[epoch 27] lr=0.000082
2026-01-06 04:51:21,528 - rf_experiment - INFO - Epoch 27 [650/1229] loss=1.5286[epoch 27] lr=0.000082
2026-01-06 04:51:54,151 - rf_experiment - INFO - Epoch 27 [700/1229] loss=1.5230[epoch 27] lr=0.000082
2026-01-06 04:52:26,734 - rf_experiment - INFO - Epoch 27 [750/1229] loss=1.7739[epoch 27] lr=0.000082
2026-01-06 04:52:59,385 - rf_experiment - INFO - Epoch 27 [800/1229] loss=1.4903[epoch 27] lr=0.000082
2026-01-06 04:53:31,984 - rf_experiment - INFO - Epoch 27 [850/1229] loss=1.6258[epoch 27] lr=0.000082
2026-01-06 04:54:04,611 - rf_experiment - INFO - Epoch 27 [900/1229] loss=1.5817[epoch 27] lr=0.000082
2026-01-06 04:54:37,333 - rf_experiment - INFO - Epoch 27 [950/1229] loss=1.4627[epoch 27] lr=0.000082
2026-01-06 04:55:10,146 - rf_experiment - INFO - Epoch 27 [1000/1229] loss=1.5241[epoch 27] lr=0.000082
2026-01-06 04:55:42,845 - rf_experiment - INFO - Epoch 27 [1050/1229] loss=1.4955[epoch 27] lr=0.000082
2026-01-06 04:56:15,639 - rf_experiment - INFO - Epoch 27 [1100/1229] loss=1.5543[epoch 27] lr=0.000082
2026-01-06 04:56:48,333 - rf_experiment - INFO - Epoch 27 [1150/1229] loss=1.3712[epoch 27] lr=0.000082
2026-01-06 04:57:21,161 - rf_experiment - INFO - Epoch 27 [1200/1229] loss=1.6282[epoch 27] lr=0.000082
2026-01-06 04:57:40,078 - rf_experiment - INFO - [epoch 27] train_loss=1.5791, train_acc=0.4282
2026-01-06 04:58:07,031 - rf_experiment - INFO - [epoch 27] val_loss=1.5911, val_acc=0.4244
2026-01-06 04:58:07,031 - rf_experiment - INFO - [epoch 28/40] training...
2026-01-06 04:58:39,574 - rf_experiment - INFO - Epoch 28 [50/1229] loss=1.5263[epoch 28] lr=0.000072
2026-01-06 04:59:12,321 - rf_experiment - INFO - Epoch 28 [100/1229] loss=1.8013[epoch 28] lr=0.000072
2026-01-06 04:59:45,095 - rf_experiment - INFO - Epoch 28 [150/1229] loss=1.5593[epoch 28] lr=0.000072
2026-01-06 05:00:17,822 - rf_experiment - INFO - Epoch 28 [200/1229] loss=1.5780[epoch 28] lr=0.000072
2026-01-06 05:00:50,581 - rf_experiment - INFO - Epoch 28 [250/1229] loss=1.6279[epoch 28] lr=0.000072
2026-01-06 05:01:23,396 - rf_experiment - INFO - Epoch 28 [300/1229] loss=1.7871[epoch 28] lr=0.000072
2026-01-06 05:01:55,998 - rf_experiment - INFO - Epoch 28 [350/1229] loss=1.7842[epoch 28] lr=0.000072
2026-01-06 05:02:28,760 - rf_experiment - INFO - Epoch 28 [400/1229] loss=1.3701[epoch 28] lr=0.000072
2026-01-06 05:03:01,497 - rf_experiment - INFO - Epoch 28 [450/1229] loss=1.4233[epoch 28] lr=0.000072
2026-01-06 05:03:34,280 - rf_experiment - INFO - Epoch 28 [500/1229] loss=1.6314[epoch 28] lr=0.000072
2026-01-06 05:04:06,980 - rf_experiment - INFO - Epoch 28 [550/1229] loss=1.4959[epoch 28] lr=0.000072
2026-01-06 05:04:39,706 - rf_experiment - INFO - Epoch 28 [600/1229] loss=1.5374[epoch 28] lr=0.000072
2026-01-06 05:05:12,257 - rf_experiment - INFO - Epoch 28 [650/1229] loss=1.6298[epoch 28] lr=0.000072
2026-01-06 05:05:44,675 - rf_experiment - INFO - Epoch 28 [700/1229] loss=1.3314[epoch 28] lr=0.000072
2026-01-06 05:06:17,307 - rf_experiment - INFO - Epoch 28 [750/1229] loss=1.5057[epoch 28] lr=0.000072
2026-01-06 05:06:50,067 - rf_experiment - INFO - Epoch 28 [800/1229] loss=1.5794[epoch 28] lr=0.000072
2026-01-06 05:07:22,866 - rf_experiment - INFO - Epoch 28 [850/1229] loss=1.4733[epoch 28] lr=0.000072
2026-01-06 05:07:55,628 - rf_experiment - INFO - Epoch 28 [900/1229] loss=1.5516[epoch 28] lr=0.000072
2026-01-06 05:08:28,371 - rf_experiment - INFO - Epoch 28 [950/1229] loss=1.5878[epoch 28] lr=0.000072
2026-01-06 05:09:01,215 - rf_experiment - INFO - Epoch 28 [1000/1229] loss=1.3939[epoch 28] lr=0.000072
2026-01-06 05:09:33,992 - rf_experiment - INFO - Epoch 28 [1050/1229] loss=1.4259[epoch 28] lr=0.000072
2026-01-06 05:10:06,735 - rf_experiment - INFO - Epoch 28 [1100/1229] loss=1.5404[epoch 28] lr=0.000072
2026-01-06 05:10:39,465 - rf_experiment - INFO - Epoch 28 [1150/1229] loss=1.7008[epoch 28] lr=0.000072
2026-01-06 05:11:12,207 - rf_experiment - INFO - Epoch 28 [1200/1229] loss=1.6515[epoch 28] lr=0.000072
2026-01-06 05:11:31,087 - rf_experiment - INFO - [epoch 28] train_loss=1.5749, train_acc=0.4312
2026-01-06 05:11:57,612 - rf_experiment - INFO - [epoch 28] val_loss=1.5907, val_acc=0.4194
2026-01-06 05:11:57,612 - rf_experiment - INFO - [epoch 29/40] training...
2026-01-06 05:12:30,292 - rf_experiment - INFO - Epoch 29 [50/1229] loss=1.3800[epoch 29] lr=0.000062
2026-01-06 05:13:03,068 - rf_experiment - INFO - Epoch 29 [100/1229] loss=1.6163[epoch 29] lr=0.000062
2026-01-06 05:13:35,872 - rf_experiment - INFO - Epoch 29 [150/1229] loss=1.6409[epoch 29] lr=0.000062
2026-01-06 05:14:08,617 - rf_experiment - INFO - Epoch 29 [200/1229] loss=1.8058[epoch 29] lr=0.000062
2026-01-06 05:14:41,341 - rf_experiment - INFO - Epoch 29 [250/1229] loss=1.5469[epoch 29] lr=0.000062
2026-01-06 05:15:14,158 - rf_experiment - INFO - Epoch 29 [300/1229] loss=1.6898[epoch 29] lr=0.000062
2026-01-06 05:15:46,857 - rf_experiment - INFO - Epoch 29 [350/1229] loss=1.5658[epoch 29] lr=0.000062
2026-01-06 05:16:19,695 - rf_experiment - INFO - Epoch 29 [400/1229] loss=1.7400[epoch 29] lr=0.000062
2026-01-06 05:16:52,452 - rf_experiment - INFO - Epoch 29 [450/1229] loss=1.5098[epoch 29] lr=0.000062
2026-01-06 05:17:25,207 - rf_experiment - INFO - Epoch 29 [500/1229] loss=1.6845[epoch 29] lr=0.000062
2026-01-06 05:17:58,002 - rf_experiment - INFO - Epoch 29 [550/1229] loss=1.6062[epoch 29] lr=0.000062
2026-01-06 05:18:30,763 - rf_experiment - INFO - Epoch 29 [600/1229] loss=1.7654[epoch 29] lr=0.000062
2026-01-06 05:19:03,618 - rf_experiment - INFO - Epoch 29 [650/1229] loss=1.3910[epoch 29] lr=0.000062
2026-01-06 05:19:36,443 - rf_experiment - INFO - Epoch 29 [700/1229] loss=1.6636[epoch 29] lr=0.000062
2026-01-06 05:20:09,178 - rf_experiment - INFO - Epoch 29 [750/1229] loss=1.8385[epoch 29] lr=0.000062
2026-01-06 05:20:41,937 - rf_experiment - INFO - Epoch 29 [800/1229] loss=1.6417[epoch 29] lr=0.000062
2026-01-06 05:21:14,718 - rf_experiment - INFO - Epoch 29 [850/1229] loss=1.7349[epoch 29] lr=0.000062
2026-01-06 05:21:47,413 - rf_experiment - INFO - Epoch 29 [900/1229] loss=1.5665[epoch 29] lr=0.000062
2026-01-06 05:22:20,138 - rf_experiment - INFO - Epoch 29 [950/1229] loss=1.6580[epoch 29] lr=0.000062
2026-01-06 05:22:52,874 - rf_experiment - INFO - Epoch 29 [1000/1229] loss=1.6258[epoch 29] lr=0.000062
2026-01-06 05:23:25,640 - rf_experiment - INFO - Epoch 29 [1050/1229] loss=1.5103[epoch 29] lr=0.000062
2026-01-06 05:23:58,478 - rf_experiment - INFO - Epoch 29 [1100/1229] loss=1.6173[epoch 29] lr=0.000062
2026-01-06 05:24:31,236 - rf_experiment - INFO - Epoch 29 [1150/1229] loss=1.6158[epoch 29] lr=0.000062
2026-01-06 05:25:03,927 - rf_experiment - INFO - Epoch 29 [1200/1229] loss=1.4413[epoch 29] lr=0.000062
2026-01-06 05:25:22,815 - rf_experiment - INFO - [epoch 29] train_loss=1.5657, train_acc=0.4344
2026-01-06 05:25:49,405 - rf_experiment - INFO - [epoch 29] val_loss=1.5905, val_acc=0.4260
2026-01-06 05:25:49,406 - rf_experiment - INFO - [epoch 30/40] training...
2026-01-06 05:26:22,081 - rf_experiment - INFO - Epoch 30 [50/1229] loss=1.5586[epoch 30] lr=0.000053
2026-01-06 05:26:54,759 - rf_experiment - INFO - Epoch 30 [100/1229] loss=1.7295[epoch 30] lr=0.000053
2026-01-06 05:27:27,498 - rf_experiment - INFO - Epoch 30 [150/1229] loss=1.8648[epoch 30] lr=0.000053
2026-01-06 05:28:00,209 - rf_experiment - INFO - Epoch 30 [200/1229] loss=1.6304[epoch 30] lr=0.000053
2026-01-06 05:28:33,317 - rf_experiment - INFO - Epoch 30 [250/1229] loss=1.6386[epoch 30] lr=0.000053
2026-01-06 05:29:06,211 - rf_experiment - INFO - Epoch 30 [300/1229] loss=1.4777[epoch 30] lr=0.000053
2026-01-06 05:29:39,018 - rf_experiment - INFO - Epoch 30 [350/1229] loss=1.5793[epoch 30] lr=0.000053
2026-01-06 05:30:11,750 - rf_experiment - INFO - Epoch 30 [400/1229] loss=1.5926[epoch 30] lr=0.000053
2026-01-06 05:30:44,482 - rf_experiment - INFO - Epoch 30 [450/1229] loss=1.3073[epoch 30] lr=0.000053
2026-01-06 05:31:17,267 - rf_experiment - INFO - Epoch 30 [500/1229] loss=1.5474[epoch 30] lr=0.000053
2026-01-06 05:31:50,019 - rf_experiment - INFO - Epoch 30 [550/1229] loss=1.3239[epoch 30] lr=0.000053
2026-01-06 05:32:22,844 - rf_experiment - INFO - Epoch 30 [600/1229] loss=1.4861[epoch 30] lr=0.000053
2026-01-06 05:32:55,609 - rf_experiment - INFO - Epoch 30 [650/1229] loss=1.5679[epoch 30] lr=0.000053
2026-01-06 05:33:28,253 - rf_experiment - INFO - Epoch 30 [700/1229] loss=1.7443[epoch 30] lr=0.000053
2026-01-06 05:34:01,052 - rf_experiment - INFO - Epoch 30 [750/1229] loss=1.6471[epoch 30] lr=0.000053
2026-01-06 05:34:33,789 - rf_experiment - INFO - Epoch 30 [800/1229] loss=1.5442[epoch 30] lr=0.000053
2026-01-06 05:35:06,460 - rf_experiment - INFO - Epoch 30 [850/1229] loss=1.6055[epoch 30] lr=0.000053
2026-01-06 05:35:39,186 - rf_experiment - INFO - Epoch 30 [900/1229] loss=1.6539[epoch 30] lr=0.000053
2026-01-06 05:36:11,847 - rf_experiment - INFO - Epoch 30 [950/1229] loss=1.7158[epoch 30] lr=0.000053
2026-01-06 05:36:44,642 - rf_experiment - INFO - Epoch 30 [1000/1229] loss=1.6288[epoch 30] lr=0.000053
2026-01-06 05:37:17,385 - rf_experiment - INFO - Epoch 30 [1050/1229] loss=1.6246[epoch 30] lr=0.000053
2026-01-06 05:37:50,095 - rf_experiment - INFO - Epoch 30 [1100/1229] loss=1.6006[epoch 30] lr=0.000053
2026-01-06 05:38:22,838 - rf_experiment - INFO - Epoch 30 [1150/1229] loss=1.5582[epoch 30] lr=0.000053
2026-01-06 05:38:56,163 - rf_experiment - INFO - Epoch 30 [1200/1229] loss=1.4923[epoch 30] lr=0.000053
2026-01-06 05:39:15,104 - rf_experiment - INFO - [epoch 30] train_loss=1.5599, train_acc=0.4357
2026-01-06 05:39:41,663 - rf_experiment - INFO - [epoch 30] val_loss=1.6054, val_acc=0.4217
2026-01-06 05:39:41,663 - rf_experiment - INFO - [epoch 31/40] training...
2026-01-06 05:40:14,407 - rf_experiment - INFO - Epoch 31 [50/1229] loss=1.6722[epoch 31] lr=0.000044
2026-01-06 05:40:47,143 - rf_experiment - INFO - Epoch 31 [100/1229] loss=1.4428[epoch 31] lr=0.000044
2026-01-06 05:41:19,935 - rf_experiment - INFO - Epoch 31 [150/1229] loss=1.6185[epoch 31] lr=0.000044
2026-01-06 05:41:52,592 - rf_experiment - INFO - Epoch 31 [200/1229] loss=1.4121[epoch 31] lr=0.000044
2026-01-06 05:42:25,377 - rf_experiment - INFO - Epoch 31 [250/1229] loss=1.6510[epoch 31] lr=0.000044
2026-01-06 05:42:58,192 - rf_experiment - INFO - Epoch 31 [300/1229] loss=1.4373[epoch 31] lr=0.000044
2026-01-06 05:43:30,881 - rf_experiment - INFO - Epoch 31 [350/1229] loss=1.5536[epoch 31] lr=0.000044
2026-01-06 05:44:03,563 - rf_experiment - INFO - Epoch 31 [400/1229] loss=1.5746[epoch 31] lr=0.000044
2026-01-06 05:44:36,261 - rf_experiment - INFO - Epoch 31 [450/1229] loss=1.4169[epoch 31] lr=0.000044
2026-01-06 05:45:08,988 - rf_experiment - INFO - Epoch 31 [500/1229] loss=1.7353[epoch 31] lr=0.000044
2026-01-06 05:45:41,700 - rf_experiment - INFO - Epoch 31 [550/1229] loss=1.5794[epoch 31] lr=0.000044
2026-01-06 05:46:14,462 - rf_experiment - INFO - Epoch 31 [600/1229] loss=1.4140[epoch 31] lr=0.000044
2026-01-06 05:46:47,206 - rf_experiment - INFO - Epoch 31 [650/1229] loss=1.4691[epoch 31] lr=0.000044
2026-01-06 05:47:19,959 - rf_experiment - INFO - Epoch 31 [700/1229] loss=1.5937[epoch 31] lr=0.000044
2026-01-06 05:47:52,666 - rf_experiment - INFO - Epoch 31 [750/1229] loss=1.7681[epoch 31] lr=0.000044
2026-01-06 05:48:25,445 - rf_experiment - INFO - Epoch 31 [800/1229] loss=1.6294[epoch 31] lr=0.000044
2026-01-06 05:48:58,265 - rf_experiment - INFO - Epoch 31 [850/1229] loss=1.5782[epoch 31] lr=0.000044
2026-01-06 05:49:30,986 - rf_experiment - INFO - Epoch 31 [900/1229] loss=1.6444[epoch 31] lr=0.000044
2026-01-06 05:50:03,645 - rf_experiment - INFO - Epoch 31 [950/1229] loss=1.6167[epoch 31] lr=0.000044
2026-01-06 05:50:36,380 - rf_experiment - INFO - Epoch 31 [1000/1229] loss=1.4950[epoch 31] lr=0.000044
2026-01-06 05:51:09,155 - rf_experiment - INFO - Epoch 31 [1050/1229] loss=1.6958[epoch 31] lr=0.000044
2026-01-06 05:51:41,906 - rf_experiment - INFO - Epoch 31 [1100/1229] loss=1.7416[epoch 31] lr=0.000044
2026-01-06 05:52:14,685 - rf_experiment - INFO - Epoch 31 [1150/1229] loss=1.3915[epoch 31] lr=0.000044
2026-01-06 05:52:47,403 - rf_experiment - INFO - Epoch 31 [1200/1229] loss=1.3313[epoch 31] lr=0.000044
2026-01-06 05:53:06,308 - rf_experiment - INFO - [epoch 31] train_loss=1.5533, train_acc=0.4373
2026-01-06 05:53:32,594 - rf_experiment - INFO - [epoch 31] val_loss=1.5882, val_acc=0.4242
2026-01-06 05:53:32,594 - rf_experiment - INFO - [epoch 32/40] training...
2026-01-06 05:54:05,214 - rf_experiment - INFO - Epoch 32 [50/1229] loss=1.2430[epoch 32] lr=0.000036
2026-01-06 05:54:37,849 - rf_experiment - INFO - Epoch 32 [100/1229] loss=1.5294[epoch 32] lr=0.000036
2026-01-06 05:55:10,688 - rf_experiment - INFO - Epoch 32 [150/1229] loss=1.9201[epoch 32] lr=0.000036
2026-01-06 05:55:43,402 - rf_experiment - INFO - Epoch 32 [200/1229] loss=1.5586[epoch 32] lr=0.000036
2026-01-06 05:56:16,112 - rf_experiment - INFO - Epoch 32 [250/1229] loss=1.5076[epoch 32] lr=0.000036
2026-01-06 05:56:48,774 - rf_experiment - INFO - Epoch 32 [300/1229] loss=1.6289[epoch 32] lr=0.000036
2026-01-06 05:57:21,634 - rf_experiment - INFO - Epoch 32 [350/1229] loss=1.6238[epoch 32] lr=0.000036
2026-01-06 05:57:54,284 - rf_experiment - INFO - Epoch 32 [400/1229] loss=1.5710[epoch 32] lr=0.000036
2026-01-06 05:58:27,068 - rf_experiment - INFO - Epoch 32 [450/1229] loss=1.4502[epoch 32] lr=0.000036
2026-01-06 05:59:00,160 - rf_experiment - INFO - Epoch 32 [500/1229] loss=1.6614[epoch 32] lr=0.000036
2026-01-06 05:59:32,953 - rf_experiment - INFO - Epoch 32 [550/1229] loss=1.4196[epoch 32] lr=0.000036
2026-01-06 06:00:05,754 - rf_experiment - INFO - Epoch 32 [600/1229] loss=1.5512[epoch 32] lr=0.000036
2026-01-06 06:00:38,391 - rf_experiment - INFO - Epoch 32 [650/1229] loss=1.6353[epoch 32] lr=0.000036
2026-01-06 06:01:11,084 - rf_experiment - INFO - Epoch 32 [700/1229] loss=1.7353[epoch 32] lr=0.000036
2026-01-06 06:01:43,741 - rf_experiment - INFO - Epoch 32 [750/1229] loss=1.2712[epoch 32] lr=0.000036
2026-01-06 06:02:16,496 - rf_experiment - INFO - Epoch 32 [800/1229] loss=1.4297[epoch 32] lr=0.000036
2026-01-06 06:02:49,151 - rf_experiment - INFO - Epoch 32 [850/1229] loss=1.6154[epoch 32] lr=0.000036
2026-01-06 06:03:21,851 - rf_experiment - INFO - Epoch 32 [900/1229] loss=1.5476[epoch 32] lr=0.000036
2026-01-06 06:03:54,488 - rf_experiment - INFO - Epoch 32 [950/1229] loss=1.2868[epoch 32] lr=0.000036
2026-01-06 06:04:27,263 - rf_experiment - INFO - Epoch 32 [1000/1229] loss=1.5896[epoch 32] lr=0.000036
2026-01-06 06:04:59,865 - rf_experiment - INFO - Epoch 32 [1050/1229] loss=1.7920[epoch 32] lr=0.000036
2026-01-06 06:05:32,503 - rf_experiment - INFO - Epoch 32 [1100/1229] loss=1.6433[epoch 32] lr=0.000036
2026-01-06 06:06:05,099 - rf_experiment - INFO - Epoch 32 [1150/1229] loss=1.6242[epoch 32] lr=0.000036
2026-01-06 06:06:37,885 - rf_experiment - INFO - Epoch 32 [1200/1229] loss=1.5274[epoch 32] lr=0.000036
2026-01-06 06:06:56,711 - rf_experiment - INFO - [epoch 32] train_loss=1.5527, train_acc=0.4395
2026-01-06 06:07:22,989 - rf_experiment - INFO - [epoch 32] val_loss=1.5800, val_acc=0.4282
2026-01-06 06:07:22,990 - rf_experiment - INFO - [epoch 33/40] training...
2026-01-06 06:07:55,562 - rf_experiment - INFO - Epoch 33 [50/1229] loss=1.4773[epoch 33] lr=0.000029
2026-01-06 06:08:28,319 - rf_experiment - INFO - Epoch 33 [100/1229] loss=1.4814[epoch 33] lr=0.000029
2026-01-06 06:09:01,114 - rf_experiment - INFO - Epoch 33 [150/1229] loss=1.7942[epoch 33] lr=0.000029
2026-01-06 06:09:33,890 - rf_experiment - INFO - Epoch 33 [200/1229] loss=1.4111[epoch 33] lr=0.000029
2026-01-06 06:10:06,654 - rf_experiment - INFO - Epoch 33 [250/1229] loss=1.3751[epoch 33] lr=0.000029
2026-01-06 06:10:39,329 - rf_experiment - INFO - Epoch 33 [300/1229] loss=1.5094[epoch 33] lr=0.000029
2026-01-06 06:11:12,147 - rf_experiment - INFO - Epoch 33 [350/1229] loss=1.5479[epoch 33] lr=0.000029
2026-01-06 06:11:44,918 - rf_experiment - INFO - Epoch 33 [400/1229] loss=1.5343[epoch 33] lr=0.000029
2026-01-06 06:12:17,671 - rf_experiment - INFO - Epoch 33 [450/1229] loss=1.4756[epoch 33] lr=0.000029
2026-01-06 06:12:50,313 - rf_experiment - INFO - Epoch 33 [500/1229] loss=1.3758[epoch 33] lr=0.000029
2026-01-06 06:13:23,111 - rf_experiment - INFO - Epoch 33 [550/1229] loss=1.5554[epoch 33] lr=0.000029
2026-01-06 06:13:55,812 - rf_experiment - INFO - Epoch 33 [600/1229] loss=1.6389[epoch 33] lr=0.000029
2026-01-06 06:14:28,661 - rf_experiment - INFO - Epoch 33 [650/1229] loss=1.5335[epoch 33] lr=0.000029
2026-01-06 06:15:01,383 - rf_experiment - INFO - Epoch 33 [700/1229] loss=1.6252[epoch 33] lr=0.000029
2026-01-06 06:15:34,179 - rf_experiment - INFO - Epoch 33 [750/1229] loss=1.6169[epoch 33] lr=0.000029
2026-01-06 06:16:06,911 - rf_experiment - INFO - Epoch 33 [800/1229] loss=1.4631[epoch 33] lr=0.000029
2026-01-06 06:16:39,691 - rf_experiment - INFO - Epoch 33 [850/1229] loss=1.7718[epoch 33] lr=0.000029
2026-01-06 06:17:12,505 - rf_experiment - INFO - Epoch 33 [900/1229] loss=1.6169[epoch 33] lr=0.000029
2026-01-06 06:17:45,315 - rf_experiment - INFO - Epoch 33 [950/1229] loss=1.5352[epoch 33] lr=0.000029
2026-01-06 06:18:18,089 - rf_experiment - INFO - Epoch 33 [1000/1229] loss=1.8217[epoch 33] lr=0.000029
2026-01-06 06:18:50,863 - rf_experiment - INFO - Epoch 33 [1050/1229] loss=1.3657[epoch 33] lr=0.000029
2026-01-06 06:19:23,707 - rf_experiment - INFO - Epoch 33 [1100/1229] loss=1.4618[epoch 33] lr=0.000029
2026-01-06 06:19:56,494 - rf_experiment - INFO - Epoch 33 [1150/1229] loss=1.3254[epoch 33] lr=0.000029
2026-01-06 06:20:29,317 - rf_experiment - INFO - Epoch 33 [1200/1229] loss=1.2341[epoch 33] lr=0.000029
2026-01-06 06:20:48,212 - rf_experiment - INFO - [epoch 33] train_loss=1.5493, train_acc=0.4411
2026-01-06 06:21:14,898 - rf_experiment - INFO - [epoch 33] val_loss=1.5610, val_acc=0.4298
2026-01-06 06:21:14,899 - rf_experiment - INFO - [epoch 34/40] training...
2026-01-06 06:21:47,534 - rf_experiment - INFO - Epoch 34 [50/1229] loss=1.3959[epoch 34] lr=0.000022
2026-01-06 06:22:20,234 - rf_experiment - INFO - Epoch 34 [100/1229] loss=1.4882[epoch 34] lr=0.000022
2026-01-06 06:22:52,935 - rf_experiment - INFO - Epoch 34 [150/1229] loss=1.3610[epoch 34] lr=0.000022
2026-01-06 06:23:25,639 - rf_experiment - INFO - Epoch 34 [200/1229] loss=1.5638[epoch 34] lr=0.000022
2026-01-06 06:23:58,427 - rf_experiment - INFO - Epoch 34 [250/1229] loss=1.8611[epoch 34] lr=0.000022
2026-01-06 06:24:31,103 - rf_experiment - INFO - Epoch 34 [300/1229] loss=1.5807[epoch 34] lr=0.000022
2026-01-06 06:25:03,851 - rf_experiment - INFO - Epoch 34 [350/1229] loss=1.3692[epoch 34] lr=0.000022
2026-01-06 06:25:36,608 - rf_experiment - INFO - Epoch 34 [400/1229] loss=1.2794[epoch 34] lr=0.000022
2026-01-06 06:26:09,407 - rf_experiment - INFO - Epoch 34 [450/1229] loss=1.3152[epoch 34] lr=0.000022
2026-01-06 06:26:42,212 - rf_experiment - INFO - Epoch 34 [500/1229] loss=1.4606[epoch 34] lr=0.000022
2026-01-06 06:27:15,104 - rf_experiment - INFO - Epoch 34 [550/1229] loss=1.8306[epoch 34] lr=0.000022
2026-01-06 06:27:47,855 - rf_experiment - INFO - Epoch 34 [600/1229] loss=1.4901[epoch 34] lr=0.000022
2026-01-06 06:28:20,731 - rf_experiment - INFO - Epoch 34 [650/1229] loss=1.7817[epoch 34] lr=0.000022
2026-01-06 06:28:53,533 - rf_experiment - INFO - Epoch 34 [700/1229] loss=1.4222[epoch 34] lr=0.000022
2026-01-06 06:29:26,455 - rf_experiment - INFO - Epoch 34 [750/1229] loss=1.3863[epoch 34] lr=0.000022
2026-01-06 06:29:59,244 - rf_experiment - INFO - Epoch 34 [800/1229] loss=1.5471[epoch 34] lr=0.000022
2026-01-06 06:30:32,045 - rf_experiment - INFO - Epoch 34 [850/1229] loss=1.6443[epoch 34] lr=0.000022
2026-01-06 06:31:04,818 - rf_experiment - INFO - Epoch 34 [900/1229] loss=1.6740[epoch 34] lr=0.000022
2026-01-06 06:31:37,761 - rf_experiment - INFO - Epoch 34 [950/1229] loss=1.3402[epoch 34] lr=0.000022
2026-01-06 06:32:10,430 - rf_experiment - INFO - Epoch 34 [1000/1229] loss=1.3813[epoch 34] lr=0.000022
2026-01-06 06:32:43,117 - rf_experiment - INFO - Epoch 34 [1050/1229] loss=1.7562[epoch 34] lr=0.000022
2026-01-06 06:33:15,825 - rf_experiment - INFO - Epoch 34 [1100/1229] loss=1.6562[epoch 34] lr=0.000022
2026-01-06 06:33:48,658 - rf_experiment - INFO - Epoch 34 [1150/1229] loss=1.5092[epoch 34] lr=0.000022
2026-01-06 06:34:21,442 - rf_experiment - INFO - Epoch 34 [1200/1229] loss=1.7332[epoch 34] lr=0.000022
2026-01-06 06:34:40,290 - rf_experiment - INFO - [epoch 34] train_loss=1.5435, train_acc=0.4411
2026-01-06 06:35:07,378 - rf_experiment - INFO - [epoch 34] val_loss=1.5574, val_acc=0.4357
2026-01-06 06:35:07,378 - rf_experiment - INFO - [epoch 35/40] training...
2026-01-06 06:35:39,919 - rf_experiment - INFO - Epoch 35 [50/1229] loss=1.4033[epoch 35] lr=0.000016
2026-01-06 06:36:12,651 - rf_experiment - INFO - Epoch 35 [100/1229] loss=1.4184[epoch 35] lr=0.000016
2026-01-06 06:36:45,399 - rf_experiment - INFO - Epoch 35 [150/1229] loss=1.7201[epoch 35] lr=0.000016
2026-01-06 06:37:18,212 - rf_experiment - INFO - Epoch 35 [200/1229] loss=1.6779[epoch 35] lr=0.000016
2026-01-06 06:37:51,063 - rf_experiment - INFO - Epoch 35 [250/1229] loss=1.4913[epoch 35] lr=0.000016
2026-01-06 06:38:23,730 - rf_experiment - INFO - Epoch 35 [300/1229] loss=1.5272[epoch 35] lr=0.000016
2026-01-06 06:38:56,435 - rf_experiment - INFO - Epoch 35 [350/1229] loss=1.5602[epoch 35] lr=0.000016
2026-01-06 06:39:29,141 - rf_experiment - INFO - Epoch 35 [400/1229] loss=1.4060[epoch 35] lr=0.000016
2026-01-06 06:40:01,994 - rf_experiment - INFO - Epoch 35 [450/1229] loss=1.6639[epoch 35] lr=0.000016
2026-01-06 06:40:34,703 - rf_experiment - INFO - Epoch 35 [500/1229] loss=1.6328[epoch 35] lr=0.000016
2026-01-06 06:41:07,465 - rf_experiment - INFO - Epoch 35 [550/1229] loss=1.5815[epoch 35] lr=0.000016
2026-01-06 06:41:40,168 - rf_experiment - INFO - Epoch 35 [600/1229] loss=1.5207[epoch 35] lr=0.000016
2026-01-06 06:42:12,994 - rf_experiment - INFO - Epoch 35 [650/1229] loss=1.5905[epoch 35] lr=0.000016
2026-01-06 06:42:45,636 - rf_experiment - INFO - Epoch 35 [700/1229] loss=1.5780[epoch 35] lr=0.000016
2026-01-06 06:43:18,364 - rf_experiment - INFO - Epoch 35 [750/1229] loss=1.7206[epoch 35] lr=0.000016
2026-01-06 06:43:51,118 - rf_experiment - INFO - Epoch 35 [800/1229] loss=1.6851[epoch 35] lr=0.000016
2026-01-06 06:44:23,919 - rf_experiment - INFO - Epoch 35 [850/1229] loss=1.6482[epoch 35] lr=0.000016
2026-01-06 06:44:56,560 - rf_experiment - INFO - Epoch 35 [900/1229] loss=1.5597[epoch 35] lr=0.000016
2026-01-06 06:45:29,471 - rf_experiment - INFO - Epoch 35 [950/1229] loss=1.6386[epoch 35] lr=0.000016
2026-01-06 06:46:02,241 - rf_experiment - INFO - Epoch 35 [1000/1229] loss=1.6719[epoch 35] lr=0.000016
2026-01-06 06:46:35,039 - rf_experiment - INFO - Epoch 35 [1050/1229] loss=1.5798[epoch 35] lr=0.000016
2026-01-06 06:47:07,809 - rf_experiment - INFO - Epoch 35 [1100/1229] loss=1.4672[epoch 35] lr=0.000016
2026-01-06 06:47:40,559 - rf_experiment - INFO - Epoch 35 [1150/1229] loss=1.6958[epoch 35] lr=0.000016
2026-01-06 06:48:13,320 - rf_experiment - INFO - Epoch 35 [1200/1229] loss=1.6489[epoch 35] lr=0.000016
2026-01-06 06:48:32,193 - rf_experiment - INFO - [epoch 35] train_loss=1.5392, train_acc=0.4445
2026-01-06 06:48:59,477 - rf_experiment - INFO - [epoch 35] val_loss=1.5551, val_acc=0.4373
2026-01-06 06:48:59,477 - rf_experiment - INFO - [epoch 36/40] training...
2026-01-06 06:49:32,039 - rf_experiment - INFO - Epoch 36 [50/1229] loss=1.8589[epoch 36] lr=0.000011
2026-01-06 06:50:04,747 - rf_experiment - INFO - Epoch 36 [100/1229] loss=1.2808[epoch 36] lr=0.000011
2026-01-06 06:50:37,446 - rf_experiment - INFO - Epoch 36 [150/1229] loss=1.5938[epoch 36] lr=0.000011
2026-01-06 06:51:10,211 - rf_experiment - INFO - Epoch 36 [200/1229] loss=1.4665[epoch 36] lr=0.000011
2026-01-06 06:51:42,973 - rf_experiment - INFO - Epoch 36 [250/1229] loss=1.5295[epoch 36] lr=0.000011
2026-01-06 06:52:15,701 - rf_experiment - INFO - Epoch 36 [300/1229] loss=1.8084[epoch 36] lr=0.000011
2026-01-06 06:52:48,605 - rf_experiment - INFO - Epoch 36 [350/1229] loss=1.5777[epoch 36] lr=0.000011
2026-01-06 06:53:21,344 - rf_experiment - INFO - Epoch 36 [400/1229] loss=1.5156[epoch 36] lr=0.000011
2026-01-06 06:53:54,224 - rf_experiment - INFO - Epoch 36 [450/1229] loss=1.6727[epoch 36] lr=0.000011
2026-01-06 06:54:26,996 - rf_experiment - INFO - Epoch 36 [500/1229] loss=1.6783[epoch 36] lr=0.000011
2026-01-06 06:54:59,849 - rf_experiment - INFO - Epoch 36 [550/1229] loss=1.7933[epoch 36] lr=0.000011
2026-01-06 06:55:32,632 - rf_experiment - INFO - Epoch 36 [600/1229] loss=1.4112[epoch 36] lr=0.000011
2026-01-06 06:56:05,357 - rf_experiment - INFO - Epoch 36 [650/1229] loss=1.4018[epoch 36] lr=0.000011
2026-01-06 06:56:38,151 - rf_experiment - INFO - Epoch 36 [700/1229] loss=1.6545[epoch 36] lr=0.000011
2026-01-06 06:57:10,994 - rf_experiment - INFO - Epoch 36 [750/1229] loss=1.4244[epoch 36] lr=0.000011
2026-01-06 06:57:43,700 - rf_experiment - INFO - Epoch 36 [800/1229] loss=1.5283[epoch 36] lr=0.000011
2026-01-06 06:58:16,466 - rf_experiment - INFO - Epoch 36 [850/1229] loss=1.4347[epoch 36] lr=0.000011
2026-01-06 06:58:49,269 - rf_experiment - INFO - Epoch 36 [900/1229] loss=1.4886[epoch 36] lr=0.000011
2026-01-06 06:59:21,975 - rf_experiment - INFO - Epoch 36 [950/1229] loss=1.5502[epoch 36] lr=0.000011
2026-01-06 06:59:54,657 - rf_experiment - INFO - Epoch 36 [1000/1229] loss=1.5979[epoch 36] lr=0.000011
2026-01-06 07:00:27,375 - rf_experiment - INFO - Epoch 36 [1050/1229] loss=1.5232[epoch 36] lr=0.000011
2026-01-06 07:00:59,968 - rf_experiment - INFO - Epoch 36 [1100/1229] loss=1.6787[epoch 36] lr=0.000011
2026-01-06 07:01:32,782 - rf_experiment - INFO - Epoch 36 [1150/1229] loss=1.7040[epoch 36] lr=0.000011
2026-01-06 07:02:05,642 - rf_experiment - INFO - Epoch 36 [1200/1229] loss=1.6268[epoch 36] lr=0.000011
2026-01-06 07:02:24,498 - rf_experiment - INFO - [epoch 36] train_loss=1.5392, train_acc=0.4434
2026-01-06 07:02:51,423 - rf_experiment - INFO - [epoch 36] val_loss=1.5579, val_acc=0.4343
2026-01-06 07:02:51,424 - rf_experiment - INFO - [epoch 37/40] training...
2026-01-06 07:03:24,051 - rf_experiment - INFO - Epoch 37 [50/1229] loss=1.4217[epoch 37] lr=0.000007
2026-01-06 07:03:56,711 - rf_experiment - INFO - Epoch 37 [100/1229] loss=1.6435[epoch 37] lr=0.000007
2026-01-06 07:04:29,429 - rf_experiment - INFO - Epoch 37 [150/1229] loss=1.3590[epoch 37] lr=0.000007
2026-01-06 07:05:02,136 - rf_experiment - INFO - Epoch 37 [200/1229] loss=1.4366[epoch 37] lr=0.000007
2026-01-06 07:05:34,894 - rf_experiment - INFO - Epoch 37 [250/1229] loss=1.4922[epoch 37] lr=0.000007
2026-01-06 07:06:07,735 - rf_experiment - INFO - Epoch 37 [300/1229] loss=1.5339[epoch 37] lr=0.000007
2026-01-06 07:06:40,471 - rf_experiment - INFO - Epoch 37 [350/1229] loss=1.6319[epoch 37] lr=0.000007
2026-01-06 07:07:13,204 - rf_experiment - INFO - Epoch 37 [400/1229] loss=1.7448[epoch 37] lr=0.000007
2026-01-06 07:07:45,941 - rf_experiment - INFO - Epoch 37 [450/1229] loss=1.3947[epoch 37] lr=0.000007
2026-01-06 07:08:18,754 - rf_experiment - INFO - Epoch 37 [500/1229] loss=1.6565[epoch 37] lr=0.000007
2026-01-06 07:08:51,506 - rf_experiment - INFO - Epoch 37 [550/1229] loss=1.7232[epoch 37] lr=0.000007
2026-01-06 07:09:24,236 - rf_experiment - INFO - Epoch 37 [600/1229] loss=1.5971[epoch 37] lr=0.000007
2026-01-06 07:09:56,924 - rf_experiment - INFO - Epoch 37 [650/1229] loss=1.5167[epoch 37] lr=0.000007
2026-01-06 07:10:29,660 - rf_experiment - INFO - Epoch 37 [700/1229] loss=1.5668[epoch 37] lr=0.000007
2026-01-06 07:11:02,292 - rf_experiment - INFO - Epoch 37 [750/1229] loss=1.5622[epoch 37] lr=0.000007
2026-01-06 07:11:34,899 - rf_experiment - INFO - Epoch 37 [800/1229] loss=1.4940[epoch 37] lr=0.000007
2026-01-06 07:12:07,500 - rf_experiment - INFO - Epoch 37 [850/1229] loss=1.5756[epoch 37] lr=0.000007
2026-01-06 07:12:40,064 - rf_experiment - INFO - Epoch 37 [900/1229] loss=1.4640[epoch 37] lr=0.000007
2026-01-06 07:13:12,770 - rf_experiment - INFO - Epoch 37 [950/1229] loss=1.5778[epoch 37] lr=0.000007
2026-01-06 07:13:45,405 - rf_experiment - INFO - Epoch 37 [1000/1229] loss=1.3409[epoch 37] lr=0.000007
2026-01-06 07:14:17,945 - rf_experiment - INFO - Epoch 37 [1050/1229] loss=1.6862[epoch 37] lr=0.000007
2026-01-06 07:14:50,554 - rf_experiment - INFO - Epoch 37 [1100/1229] loss=1.3889[epoch 37] lr=0.000007
2026-01-06 07:15:23,186 - rf_experiment - INFO - Epoch 37 [1150/1229] loss=1.7222[epoch 37] lr=0.000007
2026-01-06 07:15:55,889 - rf_experiment - INFO - Epoch 37 [1200/1229] loss=1.5083[epoch 37] lr=0.000007
2026-01-06 07:16:14,678 - rf_experiment - INFO - [epoch 37] train_loss=1.5405, train_acc=0.4443
2026-01-06 07:16:41,229 - rf_experiment - INFO - [epoch 37] val_loss=1.5605, val_acc=0.4331
2026-01-06 07:16:41,230 - rf_experiment - INFO - [epoch 38/40] training...
2026-01-06 07:17:13,790 - rf_experiment - INFO - Epoch 38 [50/1229] loss=1.4973[epoch 38] lr=0.000004
2026-01-06 07:17:46,409 - rf_experiment - INFO - Epoch 38 [100/1229] loss=1.2806[epoch 38] lr=0.000004
2026-01-06 07:18:19,123 - rf_experiment - INFO - Epoch 38 [150/1229] loss=1.5752[epoch 38] lr=0.000004
2026-01-06 07:18:51,844 - rf_experiment - INFO - Epoch 38 [200/1229] loss=1.5226[epoch 38] lr=0.000004
2026-01-06 07:19:24,694 - rf_experiment - INFO - Epoch 38 [250/1229] loss=1.4865[epoch 38] lr=0.000004
2026-01-06 07:20:08,028 - rf_experiment - INFO - Epoch 38 [300/1229] loss=1.5079[epoch 38] lr=0.000004
2026-01-06 07:20:42,408 - rf_experiment - INFO - Epoch 38 [350/1229] loss=1.5365[epoch 38] lr=0.000004
2026-01-06 07:21:15,611 - rf_experiment - INFO - Epoch 38 [400/1229] loss=1.4894[epoch 38] lr=0.000004
2026-01-06 07:21:48,648 - rf_experiment - INFO - Epoch 38 [450/1229] loss=1.6385[epoch 38] lr=0.000004
2026-01-06 07:22:21,555 - rf_experiment - INFO - Epoch 38 [500/1229] loss=1.5857[epoch 38] lr=0.000004
2026-01-06 07:22:54,503 - rf_experiment - INFO - Epoch 38 [550/1229] loss=1.4792[epoch 38] lr=0.000004
2026-01-06 07:23:27,483 - rf_experiment - INFO - Epoch 38 [600/1229] loss=1.8671[epoch 38] lr=0.000004
2026-01-06 07:24:00,479 - rf_experiment - INFO - Epoch 38 [650/1229] loss=1.4429[epoch 38] lr=0.000004
2026-01-06 07:24:33,394 - rf_experiment - INFO - Epoch 38 [700/1229] loss=1.5752[epoch 38] lr=0.000004
2026-01-06 07:25:06,330 - rf_experiment - INFO - Epoch 38 [750/1229] loss=1.4293[epoch 38] lr=0.000004
2026-01-06 07:25:39,306 - rf_experiment - INFO - Epoch 38 [800/1229] loss=1.7832[epoch 38] lr=0.000004
2026-01-06 07:26:12,306 - rf_experiment - INFO - Epoch 38 [850/1229] loss=1.5685[epoch 38] lr=0.000004
2026-01-06 07:26:45,113 - rf_experiment - INFO - Epoch 38 [900/1229] loss=1.8033[epoch 38] lr=0.000004
2026-01-06 07:27:18,077 - rf_experiment - INFO - Epoch 38 [950/1229] loss=1.5607[epoch 38] lr=0.000004
2026-01-06 07:27:50,990 - rf_experiment - INFO - Epoch 38 [1000/1229] loss=1.3879[epoch 38] lr=0.000004
2026-01-06 07:28:24,031 - rf_experiment - INFO - Epoch 38 [1050/1229] loss=1.3038[epoch 38] lr=0.000004
2026-01-06 07:28:57,102 - rf_experiment - INFO - Epoch 38 [1100/1229] loss=1.5513[epoch 38] lr=0.000004
2026-01-06 07:29:30,211 - rf_experiment - INFO - Epoch 38 [1150/1229] loss=1.5508[epoch 38] lr=0.000004
2026-01-06 07:30:03,156 - rf_experiment - INFO - Epoch 38 [1200/1229] loss=1.5905[epoch 38] lr=0.000004
2026-01-06 07:30:22,236 - rf_experiment - INFO - [epoch 38] train_loss=1.5406, train_acc=0.4434
2026-01-06 07:30:49,801 - rf_experiment - INFO - [epoch 38] val_loss=1.5562, val_acc=0.4378
2026-01-06 07:30:49,801 - rf_experiment - INFO - [epoch 39/40] training...
2026-01-06 07:31:22,794 - rf_experiment - INFO - Epoch 39 [50/1229] loss=1.6414[epoch 39] lr=0.000002
2026-01-06 07:31:55,716 - rf_experiment - INFO - Epoch 39 [100/1229] loss=1.7876[epoch 39] lr=0.000002
2026-01-06 07:32:28,314 - rf_experiment - INFO - Epoch 39 [150/1229] loss=1.6379[epoch 39] lr=0.000002
2026-01-06 07:33:00,775 - rf_experiment - INFO - Epoch 39 [200/1229] loss=1.7285[epoch 39] lr=0.000002
2026-01-06 07:33:33,310 - rf_experiment - INFO - Epoch 39 [250/1229] loss=1.3772[epoch 39] lr=0.000002
2026-01-06 07:34:06,018 - rf_experiment - INFO - Epoch 39 [300/1229] loss=1.6501[epoch 39] lr=0.000002
2026-01-06 07:34:38,437 - rf_experiment - INFO - Epoch 39 [350/1229] loss=1.6941[epoch 39] lr=0.000002
2026-01-06 07:35:11,042 - rf_experiment - INFO - Epoch 39 [400/1229] loss=1.6383[epoch 39] lr=0.000002
2026-01-06 07:35:43,722 - rf_experiment - INFO - Epoch 39 [450/1229] loss=1.4927[epoch 39] lr=0.000002
2026-01-06 07:36:16,446 - rf_experiment - INFO - Epoch 39 [500/1229] loss=1.5881[epoch 39] lr=0.000002
2026-01-06 07:36:49,188 - rf_experiment - INFO - Epoch 39 [550/1229] loss=1.6786[epoch 39] lr=0.000002
2026-01-06 07:37:21,949 - rf_experiment - INFO - Epoch 39 [600/1229] loss=1.5096[epoch 39] lr=0.000002
2026-01-06 07:37:54,751 - rf_experiment - INFO - Epoch 39 [650/1229] loss=1.3378[epoch 39] lr=0.000002
2026-01-06 07:38:27,380 - rf_experiment - INFO - Epoch 39 [700/1229] loss=1.6454[epoch 39] lr=0.000002
2026-01-06 07:39:00,156 - rf_experiment - INFO - Epoch 39 [750/1229] loss=1.6108[epoch 39] lr=0.000002
2026-01-06 07:39:32,924 - rf_experiment - INFO - Epoch 39 [800/1229] loss=1.4753[epoch 39] lr=0.000002
2026-01-06 07:40:05,674 - rf_experiment - INFO - Epoch 39 [850/1229] loss=1.5774[epoch 39] lr=0.000002
2026-01-06 07:40:38,369 - rf_experiment - INFO - Epoch 39 [900/1229] loss=1.7474[epoch 39] lr=0.000002
2026-01-06 07:41:11,104 - rf_experiment - INFO - Epoch 39 [950/1229] loss=1.5078[epoch 39] lr=0.000002
2026-01-06 07:41:43,840 - rf_experiment - INFO - Epoch 39 [1000/1229] loss=1.4144[epoch 39] lr=0.000002
2026-01-06 07:42:16,702 - rf_experiment - INFO - Epoch 39 [1050/1229] loss=1.3953[epoch 39] lr=0.000002
2026-01-06 07:42:49,399 - rf_experiment - INFO - Epoch 39 [1100/1229] loss=1.6032[epoch 39] lr=0.000002
2026-01-06 07:43:22,186 - rf_experiment - INFO - Epoch 39 [1150/1229] loss=1.4659[epoch 39] lr=0.000002
2026-01-06 07:43:54,854 - rf_experiment - INFO - Epoch 39 [1200/1229] loss=1.4575[epoch 39] lr=0.000002
2026-01-06 07:44:13,724 - rf_experiment - INFO - [epoch 39] train_loss=1.5371, train_acc=0.4472
2026-01-06 07:44:40,203 - rf_experiment - INFO - [epoch 39] val_loss=1.5571, val_acc=0.4369
2026-01-06 07:44:40,203 - rf_experiment - INFO - [epoch 40/40] training...
2026-01-06 07:45:12,839 - rf_experiment - INFO - Epoch 40 [50/1229] loss=1.4754[epoch 40] lr=0.000000
2026-01-06 07:45:45,543 - rf_experiment - INFO - Epoch 40 [100/1229] loss=1.7451[epoch 40] lr=0.000000
2026-01-06 07:46:18,293 - rf_experiment - INFO - Epoch 40 [150/1229] loss=1.2450[epoch 40] lr=0.000000
2026-01-06 07:46:51,061 - rf_experiment - INFO - Epoch 40 [200/1229] loss=1.7082[epoch 40] lr=0.000000
2026-01-06 07:47:23,754 - rf_experiment - INFO - Epoch 40 [250/1229] loss=1.4156[epoch 40] lr=0.000000
2026-01-06 07:47:56,500 - rf_experiment - INFO - Epoch 40 [300/1229] loss=1.5896[epoch 40] lr=0.000000
2026-01-06 07:48:29,313 - rf_experiment - INFO - Epoch 40 [350/1229] loss=1.5615[epoch 40] lr=0.000000
2026-01-06 07:49:01,979 - rf_experiment - INFO - Epoch 40 [400/1229] loss=1.4092[epoch 40] lr=0.000000
2026-01-06 07:49:34,709 - rf_experiment - INFO - Epoch 40 [450/1229] loss=1.4212[epoch 40] lr=0.000000
2026-01-06 07:50:07,472 - rf_experiment - INFO - Epoch 40 [500/1229] loss=1.5651[epoch 40] lr=0.000000
2026-01-06 07:50:40,274 - rf_experiment - INFO - Epoch 40 [550/1229] loss=1.5771[epoch 40] lr=0.000000
2026-01-06 07:51:12,965 - rf_experiment - INFO - Epoch 40 [600/1229] loss=1.4376[epoch 40] lr=0.000000
2026-01-06 07:51:45,740 - rf_experiment - INFO - Epoch 40 [650/1229] loss=1.6775[epoch 40] lr=0.000000
2026-01-06 07:52:18,462 - rf_experiment - INFO - Epoch 40 [700/1229] loss=1.5185[epoch 40] lr=0.000000
2026-01-06 07:52:51,164 - rf_experiment - INFO - Epoch 40 [750/1229] loss=1.4702[epoch 40] lr=0.000000
2026-01-06 07:53:23,960 - rf_experiment - INFO - Epoch 40 [800/1229] loss=1.6161[epoch 40] lr=0.000000
2026-01-06 07:53:56,659 - rf_experiment - INFO - Epoch 40 [850/1229] loss=1.5003[epoch 40] lr=0.000000
2026-01-06 07:54:29,422 - rf_experiment - INFO - Epoch 40 [900/1229] loss=1.5797[epoch 40] lr=0.000000
2026-01-06 07:55:02,199 - rf_experiment - INFO - Epoch 40 [950/1229] loss=1.6413[epoch 40] lr=0.000000
2026-01-06 07:55:34,962 - rf_experiment - INFO - Epoch 40 [1000/1229] loss=1.5173[epoch 40] lr=0.000000
2026-01-06 07:56:07,624 - rf_experiment - INFO - Epoch 40 [1050/1229] loss=1.6391[epoch 40] lr=0.000000
2026-01-06 07:56:40,298 - rf_experiment - INFO - Epoch 40 [1100/1229] loss=1.5346[epoch 40] lr=0.000000
2026-01-06 07:57:13,086 - rf_experiment - INFO - Epoch 40 [1150/1229] loss=1.3941[epoch 40] lr=0.000000
2026-01-06 07:57:45,901 - rf_experiment - INFO - Epoch 40 [1200/1229] loss=1.2975[epoch 40] lr=0.000000
2026-01-06 07:58:04,955 - rf_experiment - INFO - [epoch 40] train_loss=1.5364, train_acc=0.4465
2026-01-06 07:58:31,733 - rf_experiment - INFO - [epoch 40] val_loss=1.5548, val_acc=0.4381
2026-01-06 07:58:31,733 - rf_experiment - INFO - Evaluating on test set with best-val checkpoint...
2026-01-06 07:58:58,418 - rf_experiment - INFO - Saved confusion matrix to results/project_runs_2_2_conv2d_iqgrid_bptt_lr_sched_20260105_224427/confusion_matrix.png
2026-01-06 07:58:58,418 - rf_experiment - INFO - Saved metrics to results/project_runs_2_2_conv2d_iqgrid_bptt_lr_sched_20260105_224427/metrics.json
2026-01-06 07:58:58,418 - rf_experiment - INFO - Finished experiment: project_runs_2_2_conv2d_iqgrid_bptt_lr_sched
2026-01-06 07:58:58,418 - rf_experiment - INFO - Best val metrics: {'loss': 1.554783777618214, 'acc': 0.43814852492370293, 'per_snr_acc': {10: 0.5172272354388844, 30: 0.5020226537216829, 20: 0.5224719101123596, 0: 0.207166392092257}, 'epoch': 40}
2026-01-06 07:58:58,418 - rf_experiment - INFO - Test metrics: {'loss': 1.5410580653380843, 'acc': 0.4401383379106907, 'per_snr_acc': {30: 0.5353249899071457, 20: 0.5149581172716394, 0: 0.20437654830718416, 10: 0.5010309278350515}}
2026-01-06 07:58:58,420 - rf_experiment - INFO - Finished experiment: project_runs_2_2_conv2d_iqgrid_bptt_lr_sched
2026-01-06 07:58:58,420 - rf_experiment - INFO - Best val metrics: {'loss': 1.554783777618214, 'acc': 0.43814852492370293, 'per_snr_acc': {10: 0.5172272354388844, 30: 0.5020226537216829, 20: 0.5224719101123596, 0: 0.207166392092257}, 'epoch': 40}
2026-01-06 07:58:58,420 - rf_experiment - INFO - Test metrics: {'loss': 1.5410580653380843, 'acc': 0.4401383379106907, 'per_snr_acc': {30: 0.5353249899071457, 20: 0.5149581172716394, 0: 0.20437654830718416, 10: 0.5010309278350515}}
